ngo_id,ngo_name,has_proper_management
580088763,"ישיבה ותלמוד תורה ""נר האר""י הקדוש"" ז""ל  (ע""ר)",True
580027456,"בית מדרש גבוה לתורה משכן בצלאל (ע""ר)",True
580175891,"משכן ישראל ע""ש הרב ישראל פלונצ'ק זצ""ל (ע""ר)",True
580050219,"מרכז קהילתי שליד קרית פועלי אגודת ישראל ברחובות (ע""ר)",True
580309680,"עמותה לקידום הכדורסל ""הפועל סביונים גן יבנה"" (ע""ר)",True
580253995,"ענב - הזדמנות לשינוי (ע""ר)",True
580359008,"יד רפאל - עמותה לאהבת ישראל ע""ש רפאל חי טייב (ע""ר)",True
580080802,"""אהבת ישראל"" ע""ש האדמו""ר רבי ישראל אבוחצירא זצוק""ל (ע""ר)",True
580037331,"עמר - עמותת מתנדבי משען רעננה (ע""ר)",False
580259448,"מרכז רוחני נר ישראל (ע""ר)",False
580193803,"מדרשת דימונה לתרבות יהודית (ע""ר)",True
580223766,"מרכז תורני כלל  ישראל פרדס חנה (ע""ר)",True
580028066,"אגודת מוסדות קהילתיים קרית צאנז (ע""ר)",True
580128700,"תפארת טבריא (ע""ר)",True
580254183,"דיבובי אהרן מאיר (ע""ר)",True
580036184,"חל""ד - חנוך לנער ע""פ דרכו - מפעלים חינוכיים (ע""ר)",True
580210029,"רשפי אש - ע""ש אדמו""רי נשכיז זצוק""ל (ע""ר)",True
580268555,"ישיבת אריה צבי, צפת (ע""ר)",True
580342087,"במקום - תכנון וזכויות אדם  (ע""ר)  بمكوم - تخطيط وحقوق الإنسان  (ج.م.)",True
580174225,"""ערוגות"" המרכז לקידום הילד והמשפחה (ע""ר)",True
580008423,"""תפארת ציון"" (ע""ר)",True
580259109,"הפועל מועדון כדורסל כפר סבא (ע""ר)",True
580385839,"נתיבי הנחל (ע""ר)",True
580221398,"קהילת הדר גנים פ""ת (ע""ר)",False
580173557,"עוגן - הקרן להלוואות ללא ריבית (ע""ר)",True
515890879,"מכון אלן לבינה מלאכותית, ישראל  בע""מ (חל""צ)",False
580208163,"קהילת חסידי ברסלב - יבנאל (ע""ר)",True
580332799,"מועדון ""אלון"" (ע""ר)",True
580197994,"האגודה הישראלית למיקרוסקופיה (ע""ר)",False
580016723,"מיח""א מחנכי ילדים חרשים חיפה ואזור הצפון (ע""ר)",True
580313716,"קבוצת ינון (ע""ר)",True
510976558,"אחזקה וניהול של האידרא בע""מ (חל""צ)",False
580439453,"מועדון לקידום כדורגל נשים בחולון (ע""ר)",False
580101145,"עמותת בית ספר קהילתי אילנות (ע""ר)",True
580256527,"ישיבת עטרת שלמה בארה""ק ע""ש מרן הגרש""ז אויערבאך זצוק""ל (ע""ר)",True
580368090,"החותם - הוצאה לאור (ע""ר)",False
580163525,"גורדון המכללה האקדמית לחינוך (ע""ר)",True
580009561,"לשכת המסחר והתעשיה חיפה והצפון (ע""ר)",True
580029312,"ישיבת משכן יעקב ע""ש יעקב כץ ח""כ (ע""ר)",False
580150282,"שדה תעופה לטיסנים ראשון לציון (ע""ר)",True
580098127,"אהל אברהם - מרכזי חנוך, הוראה והכשרה  (ע""ר)",True
580326726,"דו""ר לתפארת (ע""ר)",False
580024131,"מוסדות חסידי סדיגורה ירושלים (ע""ר)",False
580152791,"ישיבת נחלת יוסף ע""ש יוסף מזרחי בירושלים (ע""ר)",True
580350767,"להקת ""ג'פרא"" לדבקה ופולקלור (ע""ר)",True
580235281,"מרכז להדרכה משפטית וחברתית לנשים (ע""ר)",True
580380533,"בית חב""ד תלפיות מזרח ירושלים שע""י צעירי אגודת חב""ד המרכז (ע""ר)",True
580210920,"מוזיאון פרטי בית אורי ורמי נחושתן (ע""ר)",True
580210326,"נחלת שמואל- נוה יעקב (ע""ר)",True
580234086,"כנפי שחר (ע""ר)",True
580267854,"קרן ידע לאקדמאים במח""ר ע""ש יעקב אוניקובסקי ז""ל (ע""ר)",True
580027514,"חברת קדישא חרידי בני ברק (ע""ר)",False
580365815,"תזמורת השרון (ע""ר)",True
580309169,"קרן רווחה לעובדים במלונאות (ע""ר)",False
580207850,"עוז החיים ע""ש הצדיק הקדוש רבי משה חיים לוצאטו זצוק""ל (ע""ר)",True
580382299,"אגודת ישיבות ותלמודי תורה חתן סופר בישראל (ע""ר)",True
580040442,"""טוב טעם ודעת למדני""",True
580045672,"בית הכנסת בית אהרן - ע""ש אהרן שרעבי ז""ל  (ע""ר)",True
580020683,"אגודת ידידי שמיר (אסף הרופא) (ע""ר)",True
580054625,"בית הכנסת אהבת אחים שע""י קהל אמרי יהודה סעקלהיד (ע""ר)",False
580093110,"עמותת קרן עזרה לבני תורה שעל יד ישיבת ""אור יצחק"" יהוד (ע""ר)",True
580240919,"עמותת גוונים לפיתוח החינוך הקהילה והסביבה (ע""ר)",True
580250215,"בית יעקב - דרכי רחל (ע""ר)",True
580309235,"הליכות שרה (ע""ר)",True
580321354,"הלאה - המכון לאיבחון ובריאות השד (ע""ר)",True
580158640,"בית הכנסת הגדול הרצליה (ע""ר)",False
580271567,"עמותת העין (ע""ר)",False
580361202,"עיר עמים (ע""ר)",True
580191161,"בית דורשי ע""ש דרור ושי וינברג ז""ל (ע""ר)",True
580029064,"סמינר באר יעקב ע""ש שמואל ופאני וולפסון (ע""ר)",True
580168540,"תלמוד תורה איתמר (ע""ר)",True
580270288,"מכון אהבת אמת (ע""ר)",True
580037828,"ההס' הכללית של העובדים בא""י לתרבות גופנית ""הפועל"" סניף זכרון יעקב (ע""ר)",True
580230514,"מתנ""ס דבוריה (ע""ר)",True
580245819,"התאחדות המלונות באילת (ע""ר) (AILAT HOTEL ASSOCIATION (REGISTERED AMUTA",False
580342566,"חבורת אברכים נועם שבת (ע""ר)",True
580040756,"אגודה למפעלים קונסטוקטיביים לקשישים ""תלם"" תעסוקה למבוגרים (ע""ר)",False
580062305,"בית המדרש דחסידי בעלזא היכל אהרן (ע""ר)",True
580312742,"מרכז תורני זכות לעמ""י (ע""ר)",True
580355600,"אעלאם - המרכז הערבי לחרות המדיה, פיתוח ומחקר  (ע""ר)",True
580044303,"קרית המתיבתא-גבעת אולגה (ע""ר)",True
580340297,"בני החיים החדשים (ע""ר)",True
580280931,"מתנ""ס מרכז קהילתי מגדל  (ע""ר)",True
580382893,"תום (ע""ר)",False
580347748,"חסדי אבות (ע""ר)",True
580238947,"תמרית (ע""ר)",True
580361996,"המכללה האקדמית אשקלון (ע""ר)",True
580266971,"פתחיה - מוסדות לחינוך מיוחד (ע""ר)",True
580082014,"בית החולים קרית צאנז ע""ש לניאדו (ע""ר)",True
580419349,"עמותת ידידי דניאל לחתירה (ע""ר)",False
580359628,"קרן לסיוע ורווחה יהודית - ישראל (ע""ר)",True
580046829,"מועדון ספורט אשדוד (ע""ר)",True
580377729,"אורות - הגרעין התורני באשקלון (ע""ר)",True
580030666,"אגוד יוצאי סין  (ע""ר)",True
580220135,"מוסדות מעלות יוסף ירושלים (ע""ר)",True
580027969,"כולל אהבת ציון לעדת זיבנבירגן סילאג'י וקיוואר לקופת רבי מאיר בעל הנס זיע""א בעיה""ק ירושלים תובב""א (ע""ר)",True
580014728,"המכון הישראלי לאריזה (ע""ר)",True
580209781,"פלג - הקהילה האתיופית בפתח תקוה  (ע""ר)",True
580310449,"ילדוד'ס (ע""ר)",True
580149896,"בית הכנסת באבא סאלי ע""ש ר' ישראל אבוחצירה זצק""ל - ראשון לציון  (ע""ר)",True
580388536,"ה.ל.ה.ב. - העמותה למען ההגינות בספורט (ע""ר)",True
580349694,"עמותת אלבראעם נצרת (ע""ר)",True
580198042,"מנחת אפרים (ע""ר)",True
580179778,"השלום - אלסלאם - כסייפה (ע""ר)",True
580028504,"התאחדות הצופים והצופות בישראל  (ע""ר)",False
580043099,"כולל אברכים תפארת מרדכי ירושלים (ע""ר)",True
580069755,"כולל אברכים דברי שי""ר (ע""ר)",True
580230639,"אהבה חיים וחסד בני ברק (ע""ר)",False
580041226,"""אור זהב"" העמותה למען האזרח הוותיק באור יהודה (ע""ר)",True
580358588,"עמותה לקידום הטניס ברמלה (ע""ר)",True
580317980,"שובה ישראל עד השם אלוקיך, עמותה  (ע""ר)",True
580322378,"שלהבת יהודה (ע""ר)",False
580114445,"ישיבת זוהר התורה (ע""ר)",True
580316990,"קהילת הדרך - עמותה (ע""ר)",True
580032746,"מיחא ישראל - המרכז הארצי לילדים כבדי שמיעה וחרשים (ע""ר)  (ע""ר)",True
580079713,"מרכז חנוכי בנות ירושלים (ע""ר)",True
580009330,"מכון פרדס לחינוך יהודי (ע""ר)",True
580109767,"האגודה למען הקשיש בנחל-שורק (ע""ר)",True
580388387,"כרם שלמה למען שמו באהבה (ע""ר)",True
580126654,ירדן בית ספר התיכון השש שנתי לישובי בקעת הירדן ומעלה אפרים (ע''ר),True
580304855,"עולים למען קליטה מוצלחת (ע""ר)",True
580199511,"העמותה לקידום הפיזיותרפיה (ע""ר)",True
580080166,"עמותת ידידי בית הספר לאמנויות בתל-אביב  (ע""ר)",True
580185601,"קרן ראשון לציון (ע""ר)",True
580389294,"שיוויון וצדק לנכים (ע""ר)",True
580013316,"""שילוב"" מכון לטיפול משפחתי וזוגי",True
580221786,"שערי עליה, סיוע לקליטת יוצאי מדינות חבר העמים (ע""ר)",True
580029874,"מועדון ספורט מיתר (ע""ר)",True
580232031,"בית הכנסת בית יצחק במודיעין עילית (ע""ר)",True
580314383,"בית הכנסת המרכזי גני ברנע ""אהבת אחים"" אשקלון (ע""ר)",False
580019735,"רוח הגולן (ע""ר)",True
580190080,"תיאטרון ""גשר"" (ע""ר)",True
580092880,"עמותת בית הכנסת הגדול קיראון  (ע""ר)",True
580345403,"אדם-נוף - בית בגליל (ע""ר)",True
580219525,"המכון למחקרים מתקדמים בערד (ע""ר)",True
580338606,"באשר תלך אלך (ע""ר)",True
580111532,"ישיבת תפארת יעקב - ע""ש הרה""ח ר' צבי יעקב צויבל ז""ל (ע""ר)",True
580024339,"ישיבת חתם סופר וכתב סופר בעיה""ק ירושלים תובב""א (ע""ר)",False
580243012,"נתיבי-אמת  - גבעת-שמואל (ע""ר)",True
580024966,"כפר הנוער ע""ש ב.צ. מוסינזון (ע""ר)",True
580023109,"אגודת בית מדרש סוכת עובדיה בית אל ב' (ע""ר)",True
580167880,"המרכז לצדקה וחסד - שמח תשמח (ע""ר)",True
580055937,"מועדון ישראלי לרצים ""איילות"" (ע""ר)",True
580385060,"בית כנסת אבי-עזרי - יוצאי חברון (ע""ר)",True
580177418,"בית חב""ד כפר יונה שע""י צעירי אגודת חב""ד (ע""ר)",True
513321984,"טופז שירותי קהילה בע""מ (חל""צ)",True
580379493,"אגודת המפגש הבין דתי (ע""ר)",True
580152585,"מוסדות אהבת משה (ע""ר)",True
580063493,"כולל אברכים שעל יד הישיבה הצרפתית ""כתר שלמה"" (ע""ר)",True
580365732,"מוסדות טשארנאביל (ע""ר)",True
580114007,"מרכז קהילתי דתי - כפר סבא (ע""ר)",True
580347870,"מורשת אבות רמת בית שמש (ע""ר)",True
580196921,"דעת - לימודי יהדות באור החסידות (ע""ר)",True
580000669,"אגודת בית הכנסת המרכזי משכן שרגא וייס רמות ירושלים  (ע""ר)",True
580264125,"עמותת ""היכל חביב"" ע""ש חביב יוסף בן סעידה ולטיפה יוסף בת זבדה זצ""ל (ע""ר)",True
580228294,"בית כנסת ""מעלות יוסף - רחובות"" ומרכז קהילתי דתי וציוני (ע""ר)",True
580340891,"עמותת ארז - חילוץ והצלה (ע""ר)",True
580384139,"ידיד לילד (ע""ר)",True
580042711,"איגוד הגלגליות בישראל  (ע""ר)  ISRAEL ROLLER SKATING ASSOCIATION (R.A.)",True
580224061,"אוצרות חיים ע""ש המקובל ר' חיים ויטאל זצוק""ל (ע""ר)",True
580030641,"מכון בוסטון בית ישראל (ע""ר)",True
580031516,"קידום שאן (ע""ר)",True
580353878,"ביה""כ ספרדי רשב""י - היכל דוד - ראשון לציון (ע""ר)",False
580024123,"ישיבת חברון גבעת מרדכי (מוסד הבוגרים) תשע""א (ע""ר)",True
580249134,"עמותת נשים אום ליסון (ע""ר)",True
580231249,"מוזיקון - עמותה לקידום החינוך והתרבות המוסיקליים במבשרת ציון וסביבתה (ע""ר)",True
580171775,"עמותת כולל ""אהבת שלום, באר שבע (ע""ר)",True
580010221,"המרכז לפיתוח ע""ש פנחס ספיר ליד אוניברסיטת תל-אביב (ע""ר)",True
580154854,מרכזי יד לילד - חב''ד (ע''ר),True
580012599,"מכללת הנגב ע""ש פ ספיר (ע""ר)",True
580056950,"קנין תורה  (ע""ר)",True
580320141,"ירושלים רבתי שחיה - עמותה (ע""ר)",True
580066868,"אגודת ""שאר ישוב"" (ע""ר)",True
580348902,"עזר מדוד (ע""ר)",False
580385599,"קרית יהודה (ע""ר)",True
580366623,"עמותת בית הכנסת, אלוני-שילה (ע""ר)",True
580349637,"בית הכנסת ""אפיקי תימן"" (ע""ר)",True
580305373,"מכון הגאון רבי אליהו מווילנא (ע""ר)",True
580055200,"אגודת נחלת הר חב""ד (ע""ר)",True
580281087,"ארגון הקבלנים והבונים בחולון (ע""ר)",True
580279115,"יד הרשב""א  (ע""ר)",True
580290567,"תורה מציון - תנועה תורנית ציונית (ע""ר)",True
580236230,"קרן ישע (ע""ר)",True
580265130,"הליכות תורת ישראל - תורת עם עולם (ע""ר)",True
580133015,"מרכז יעקב הרצוג ללימודי יהדות (ע""ר)",True
580042877,"ישיבות בית ישראל תפארת מנחם דאלכסנדר בא""י-""ישיבת אלכסנדר"". (ע""ר)",True
580217305,"בית כנסת גלנווד - חשמונאים (רמת מודיעים) (ע""ר)",True
580227353,"להאיר את העיר (ע""ר)",True
580355030,"הפועל מועדון ספורט אורתודוקסים יפו (ע""ר)",True
580353035,"קרן לעזרה הדדית בשכונת מזרח רעננה (ע""ר)",True
580160810,"מעיין חינוך תורני - פתח תקוה פינסקר (ע""ר)",True
580331106,"אור מזל וברכה (ע""ר)",True
580321255,"בית הכנסת הגדול אהל משה ירושלים (ע""ר)",False
580350320,"אלקאדסיה (ע""ר)",True
580026144,"בית מדרש גבוה לתלמוד ""דעת יואל"" (ע""ר)",True
580387405,"ארמונות חן (ע""ר)",False
580298149,"קהילת נווה הגבעה (ע""ר)",True
580141521,"בית-המדרש  יד - סופר  בני-ברק (ע""ר)",True
580368496,"תפארת גמזו (ע""ר)",True
580103265,"קרן למתלמדים ע""ש ליאון רקנאטי ז""ל מיסודם של משפחת רקנאטי ומסדר בני ברית לשכת רבי יהודה הלוי (ע""ר)",True
580326247,"כרמי העיר (ע""ר)",False
580007524,"חוג ידידי מעון לבצלר (ע""ר)",True
580031722,"""אותות"" - דלת לחיים חדשים (ע""ר)",True
580010213,"אגודת ידידי אוניברסיטת תל-אביב (ע""ר)",True
580131191,"בית הכנסת ישורון - ע""ש שמואל דיין  (ע""ר)",True
580322592,"יד עמרם (ע""ר)",True
580065068,"אגודת נוה שלום י-ם (ע""ר)",True
580022150,"צביה - רשת חינוכית תורנית - ע""ש הרב צבי יהודה הכהן קוק זצ""ל (ע""ר)",True
580184828,"העמותה לקידום הספורט בגבעתיים (ע""ר)",True
580228443,"עמותת ידידי מכבי רמת חן (ע""ר)",True
580074730,"אגודת מורי הדרך בישראל (ע""ר)",True
580018919,"מוסדות ויזניץ בארץ הקודש (ע""ר)",True
580336519,"בית כנסת ובית מדרש ""מרכז אברהם"" ע""ש הרב אברהם פרינס זצ""ל (ע""ר)",True
580144590,"המרכז הישראלי לקדום מדעי המתמטיקה  (ע""ר)  ISRAEL CENTER FOR THE ADVANCEMENT OF THE MATHEMATICAL SCIENCES (R.A.)",True
580042927,"בית הכנסת בית-אליעזר - רחובות  (ע""ר)",True
580367944,"מוסדות דעת חיים ביתר עילית (ע""ר)",True
580029825,"בית הכנסת העל-עדתי, שכונה ה' לדוגמא, באר שבע (ע""ר)",True
580343101,"ברכת מתתיהו ושמחת דוד חיים, עמותה רשומה",True
580096428,"בית הכנסת המרכזי עפולה (ע""ר)",True
580162394,"בית הכנסת דחסידי סטריקוב ירושלים (ע""ר)",True
580311710,"מוסדות ערלוי אשדוד (ע""ר)",True
580242410,"בית מדרש אהל תורת השם (ע""ר)",True
580138410,"בית כנסת אוהל ישראל ע""ש הרה""ג ישראל אבוחצירא, בבא סאלי ז""ל - קרית גת (ע""ר)",False
580251775,"מעין ההלכה - באר רפאל (ע""ר)",True
580087195,"הקרן למען מעש נתניה (ע""ר)",False
580224699,"מערת הכהן הגדול שמעון הצדיק זיע""א  (ע""ר)",True
580136398,"עמותת קרית בורכוב בר""ג לשיפור פני השכונה (ע""ר)",True
580015220,"בית כנסת קהילת ישראל (ע""ר)",True
580374361,"בשניים (ע""ר)",False
580213924,"מרכז קהילתי בקעת הירדן (ע""ר)",True
580008167,"בית כנסת וכולל ע""ש הגאון רבי שלום שבזי זחע""א, תל יהודה, רמת-גן (ע""ר)",False
580376911,"עמותת הוקי רולר וקרח ראשון לציון (ע""ר)",True
580370328,"בית מועצת יחד - אסיפה מייעצת לישראל (ע""ר)",False
580136083,"חסדי יוסף - ע""ש ר' יוסף דוידי זצ""ל (ע""ר)",True
580357929,"עמותת כ""ן - כוח נשים לקידום מנהיגות נשים בישראל (ע""ר)",True
580032332,"כולל אברכים בית. אהרן הכהן (ע""ר)",True
580149045,"בייתנא - עמותה לשירותי רווחה ובריאות (ע""ר)",True
580123347,"עמותת דולפין - יוצאי שייטת הצוללות (ע""ר)",True
580060853,"היכל שמעון ע""ש מרן ראש הישיבה הרה""ג ר' שמעון לנגברט זלה""ה מיסד מקים את ישיבת וולוז'ין בישראל (ע""ר)",True
580318038,"עמותת המרכז הישראלי להגירה בינלאומית ולקליטה (ע""ר)",True
580273688,"העמותה ליהדות - ""האירוסים"" - נתניה (ע""ר)",True
580216950,"ישיבת  פחד - יצחק אילת ע""ש הרה""ג כמוהר'ר רבי יצחק בכמוהר'ש הדאיה זצוק""ל. (ע""ר)",True
580245348,"עמותת הגליל לקידום הספורט (ע""ר)",True
580328011,"בית ספר על יסודי בית רבקה נתניה (ע""ר)",True
580144889,"פרי עץ (ע""ר)",True
580377497,"פדרציה ארצית של עולים(ע""ר)  (ע""ר)",True
580295004,"ג'ואיש מאריז' אדיוקיישין (ע""ר) JEWISH MARRIAGE EDUCATION",False
580083335,"חופש - עמותה לחופש מדת (ע""ר)",True
580219848,"מרכז רוחני עולמי ליהדות תימן ובית כנסת הגדול על שם הגה""צ רבי שלום שבזי זצוק""ל (ע""ר)",True
580221000,"יעד מרדכי - צרפת (ע""ר)",True
580019461,"עמותת בית הכנסת הנשיא - ישראל הצעיר רחביה (ע""ר)",True
580293462,"משכן אליהו בית כנסת יוצאי אירן קראון (ע""ר)",False
580381820,"חן וחסד - בית חינוך חסד ורווחה (ע""ר)",True
580007219,"האגודה למען הזקן באזורי העמקים בישראל (ע""ר)",True
580037026,"תלמוד תורה דחסידי בעלזא בירושלים ת""ו (ע""ר)",True
580355329,"בנות מורשת ביתר (ע""ר)",True
580024487,"המכון ע""ש ד""ר פלק שלזינגר ז""ל לחקר הרפואה עפ""י התורה ליד המרכז הרפואי ""שערי צדק"" (ע""ר)",True
580300671,"מעיין אברהם (ע""ר)",True
580363141,"אוהבים - עמותה לקידום רווחה בישראל (ע""ר)",True
580083541,"הקרן לטיפוח הרעיון הציוני והגשמתו המלאה על יסוד שורשי היהדות. (ע""ר)",True
580238871,"מוסדות תורה וחינוך ""בני בנים"" ע""ש אדמורי פולין זי""ע (ע""ר)",True
580081974,"עזור לעזור לעובדי עירית תל-אביב וגימלאיה  (ע""ר)",True
580033165,"ישיבת אוהבי תורה בני ברק (ע""ר)",False
580233245,"הפועל חיפה - הר הכרמל (ע""ר)",True
580344877,"שערי הרמה (ע""ר)",True
580163186,העמותה לסיעוד פסיכיאטרי בישראל (ע''ר),True
580383230,"וירשתם אותה (ע""ר)",True
580139707,"חורש רמות  (ע""ר)",True
580006245,"קרן סופרים (ע""ר)",False
580089340,"קהילת יוצאי בבל בראשון-לציון (ע""ר)",True
580220317,"י.ע.ל- יד עזר לחולה מרכז רפואי רבין ביה""ח השרון (ע""ר)",True
580239184,"קרן ישעי- מרפא לחיים (ע""ר)",True
580097046,"עלומים - בית כנסת ומרכז קהילתי דתי (ע""ר)",True
580041044,"בית מדרש לתורה והוראה אלון מורה - שכם (ע""ר)",True
580144392,עמותת התיירות בעמקים,False
580161404,"ע""ץ - עושים ציונות, צמרת (ע""ר)",True
580228138,"""עוז יונתן"" ע""ש התנא הקדוש ר' יונתן בן עוזיאל זיע""א (ע""ר)",True
580368157,"אלריחאנה (ע""ר)",False
580187003,"העמותה לגידול וטיפוח כלבי רועים  (ע""ר)",False
580326635,"בניך ציון (ע""ר)",True
580003499,"מועדון חתירה חיפה (ע""ר)",True
580235869,"מועדון טריאתלון איילות - תל אביב - דן (ע""ר)",True
580327328,"המרכז הרוחני ע""ש קס עזרייה יה""ס ליהודי אתיופיה (ע""ר)",False
580177533,"עמותת בית הכנסת הגדול ""בית יעקב"" פתח תקוה (ע""ר)",False
580190775,"עמותת מועדון הספורט עמישב (ע""ר)",True
580005262,"לשכת הספנות הישראלית (ע""ר)",False
580213288,"אמני פרפורמנס בישראל (ע""ר)",True
580355055,"הפועל בית יצחק שער חפר (ע""ר)",True
580112787,"נצח בנים (ע""ר)",True
513305250,"הרשתות הכחולות א.ש בע""מ (חל""צ)",True
580282341,"עלמא מכללה עברית (ע""ר)",True
580024362,"קרן תורה ועבודה  (ע""ר)",True
580196210,"אהל חיה (ע""ר)",True
580174589,"ישיבה וכולל לאמריקאים יגדיל תורה שכונת עזרת תורה בירושלים (ע""ר)",True
580044410,"עזרת אבות (ע""ר)",True
580278083,"מרכז קהילתי אבו גוש (ע""ר)",True
580226538,"ראש הגבעה  (ע""ר)",True
580346898,"איגוד מנהלי תרבות ברשויות המקומיות (ע""ר)",True
580230001,"קרן מורשת מנחם בגין                 MENACHEM BEGIN HERITAGE FOUNDATION (ע""ר)",True
580017499,"החברה להגנת הטבע (ע""ר)",True
580041556,"אגודת טכנאי השיניים בישראל  (ע""ר)",False
580069193,"עמותת סחלב לאזרח הוותיק בקהילה (ע""ר)",True
580276749,"עמותה לעזרה לעולים, נצרת עלית (ע""ר)",True
580001238,"עטרת (ע""ר)",True
580315489,"מ.פ.ג.ש. - מרכז פעילות גוש שילה (ע""ר)",True
580253946,"חסדי אנוש (ע""ר)",True
580143634,"עמותת הפועל רמת אליהו ראשל""צ (ע""ר)",True
580128791,"אחוזת שרה - בית ילדים ונוער (ע""ר)",True
580031557,"בימ""ד אברכים מצוינים בית אלחנן דוב, ירושלים (ע""ר)",True
580346120,"פרופיל חדש (ע""ר)",True
580143113,"דגל מחנה ראובן - אשקלון  (ע""ר)",True
580320406,"יקר מרדכי ירושלים (ע""ר)",True
580212892,"""תורת ציון"" מרכז התורה והמוסר ע""ש הגה""צ רבי א. בן-ציון ברוק זצ""ל (ע""ר)",True
580267896,"ישיבה לצעירים דרך התורה - קרית ספר (ע""ר)",True
580283679,"זכות יהודא (ע""ר)",True
580204931,"מתנדבים למען הזולת (ע""ר)",True
580372571,"לשון לימודים (ע""ר)",True
580166452,"מוסאלחה (ע""ר)",False
580350940,"''צלול - עמותה לאיכות הסביבה"" (ע''''ר) , (ע""ר)",True
580171353,"עמותת המרכז לחינוך וספורט ימי - אילת (ע""ר)",True
580295962,"פידל עמותה לחינוך ושלוב חברתי של יוצאי אתיופיה (ע""ר)",True
580009306,"יד טבנקין (ע""ר)",True
580089282,"גל עיני (ע""ר)",True
580006559,"פסטיבל ישראל, ירושלים (ע""ר)",True
580057875,"מדרשת חברון (ע""ר)",True
580012722,"""הצבי ישראל"" קהילת קוממיות ירושלים (ע""ר)",True
580056877,"מועדון ספורט רמת פולג (ע""ר)",False
580232619,"מעלה אורה (ע""ר)",True
580040491,"אגודת ישיבת חסידי גור חיפה (ע""ר)",True
580339943,"נתיב לשבים (ע""ר)",True
580240877,"עמותה למען הקשיש קרית מלאכי (ע""ר)",True
580012284,"רשת מתנ""סים ק. טבעון (ע""ר)",True
580119998,"ישיבה ובית הכנסת שערי עזרא וקרן ארוכה ומרפא (ע""ר)",False
580070936,"בית כנסת תפלה לדוד ע""ש צבי דוד מנדס פרנס  (ע""ר)",True
580251296,"הפועל - כפר סבא - מועדון - כדורעף (ע""ר)",True
580170074,"העמותה לקידום טניס שדה בלוד (ע""ר)",True
580127538,"העמותה לתכנון, פיתוח ושימור אורבני - ירושלים (ע""ר) THE ASSOCIATION (.FOR URBAN PLANNING, DEVELOPMENT AND PRESERVATION - JERUSALEM (R.A",True
580330322,"מרכז חב""ד חינוכי לדוברי צרפתית (ע""ר)",True
580367209,"עמותת המצפה לישראל (ע""ר)",True
580192300,"בית הספר מקור התקווה (ע""ר)",True
580381697,"קרן יובל סוזן (ע""ר)",True
580043271,"מרכז מוסדות בית מלכה לחינוך בית יעקב שע""י חסידי בעלזא בא""י (ע""ר)",True
580299055,"רחל אם בנים (ע""ר)",True
580074904,"ארגון עזרת חולים - רחובות (ע""ר)",True
580382414,"מכון ""מסילות"" אשדוד (ע""ר)",True
580299493,"מיטב קידום תרבות הספורט קרית יובל - ירושלים (ע""ר)",True
580291292,"טהרת ישראל בראשות הגרמ""ש קליין שליט""א רב שכונת אור-החיים ב""ב (ע""ר)",True
580010379,"אגודה למען הזקן אופקים (ע""ר)",True
580327351,"תפארת דוד ע""ש בקש""ת האדמו""ר מביאלא זצוקללה""ה, בני ברק (ע""ר)",True
580321362,"זיו הפסגה (ע""ר)",True
580359149,"עמותה ישראלית לנטוריזם (ע""ר)",False
580039840,"והדרת פני זקן (ע""ר)",True
580107308,"שלום היהדות (ע""ר)",True
580228120,"מתנ""ס-עמותה לפעילות קהילתית, מג'אר (ע""ר)",True
580020378,"ישיבת תפארת ישראל חיפה (ע""ר)",True
580332757,"הפועל אשדוד - טניס שולחן (ע""ר)",True
580350189,"שירת שמעון ושרה (ע""ר)",True
580020519,"המועצה הציבורית למניעת רעש וזיהום אויר בישראל (מלר""ז) (ע""ר)",False
580166387,"קרן מחקרים על יד הסתדרות מדיצינית הדסה (ע""ר)",True
580000446,"עמי - מרכז ירושלמי ללימודי מקרא ועם ישראל AMI - JERUSALEM CENTER FOR STUDIES OF THE SCRIPTURES AND THE NATION OF ISRAEL (ע""ר)",False
580100840,"עמותת ידידי מפתנים (ע""ר)",False
580365260,"למען אחי - רמת בית שמש (ע""ר)",True
580082188,"בית הכנסת נוה נוף (ע""ר)",True
580061240,"התאחדות עולי רומניה  - סניף חיפה (ע""ר)",True
580326858,"העמותה לקידום מקצועי של עובדי המינהל במוסדות ההסתדרות (ע""ר)",True
580221935,"שערים - נתניה (ע""ר)",True
580208775,"מדרשת הנגב - תפרח (ע""ר)",True
580090835,"מרכז קהילתי-תורני ובית-כנסת בקרית-אתא (ע""ר)",False
580173599,"בית מדרש אברבנאל - אשדוד (ע""ר)",True
580296770,"בית הכנסת המרכזי ברבבה (ע""ר)",True
580066751,"""שמע חיפה"" מרכז לימודי- טיפולי לחינוך ושיקום ילדים ונוער לקויי- שמיעה (ע""ר)",True
580207066,"ישיבה וכולל חיי עולם (ע""ר)",True
580197408,"אור חיה- המרכז לאישה היהודיה (ע""ר)",True
580276343,"מרכז קהילתי מזרח נתניה (ע""ר)",True
580309615,"קצות החושן (ע""ר)",True
580103547,"אגודת הצדקה המוסלמית כפר-דבוריה (ע""ר)",True
580162964,"התאחדות הפטאנק בישראל  (ע""ר)",True
580236255,"יוסף המשביר (ע""ר)",True
580036242,"איל""ן- איגוד ישראלי לילדים ולבוגרים נפגעים (ע""ר)",True
580011294,"זיו הקהילה (ע""ר)",True
580192557,"עמלה של תורה (ע""ר)",True
580001980,"אגודת הסטודנטים, אוניברסיטת בר - אילן (ע""ר)",True
580049518,"ארגון הממונים על הבטיחות וגיהות בישראל (ע""ר)",True
580336675,"תורת חסד בגליל (ע""ר)",True
580289882,"בית עזריאל (ע""ר)",True
580054856,"קרן תרבות חיפה (ע""ר)",True
580104412,"האגודה למען ערביי יפו (ע""ר)",True
580158210,"מקלט 209 ע""ש דן זקהיים (ע""ר)",True
580133650,"בית הכנסת המרכזי שדרות סמאטס (ע""ר)",True
580189769,"עמותת תיאטרון נוצר (ע""ר)",True
580053270,"התאחדות בעלי המלאכה והתעשיה הזעירה בגוש דן,רמת גן (ע""ר)",True
580276715,"מוסדות התורה והחסד ובית כנסת, שכון משכנות, פרדס כץ (ע""ר)",True
580019982,"מועצת תנועות הנוער בישראל (ע""ר)",True
580375582,"איתך- מעכי- משפטניות למען צדק חברתי (ע""ר)",True
580027944,"קרן אי די בי למען הקהילה (ע""ר)",False
580071769,"אגודת בית הכנסת היכל ציון ברעננה (ע""ר)",True
580322857,"גניזת קודש מרכזית (ע""ר)",True
580353233,"אגוד ספורטיבי דתי אליצור גבעת שמואל (ע""ר)",True
580386175,"שער דרום (ע""ר)",True
580082733,"מוזיאון רמת גן לאמנות ישראלית (ע""ר)",True
580158384,"מוסדות באר יצחק (ע""ר)",False
580247260,"ברכת אמת, ברכת יעקב, דרך אמת (ע""ר)",True
580184463,"לציון ברינה לחינוך ורווחה (ע""ר)",True
580277705,"העמותה לקידום חנוך תרבות וספורט - זבולון  (ע""ר)  A SOCIETY FOR ADVANCEMENT OF EDUCATION, CULTURE AND SPORT - ZVULUN (R.A.)",True
580247161,"ישיבת ברכת יוסף אלון מורה (ע""ר)",True
580026045,"מוסדות תולדות יצחק ע""ש הגאון נר המערבי רבינו יצחק בן וואליד זיע""א(ע""ר)",False
580184620,"טוב לי תורת פיך מאלפי זהב וכסף - קרית אונו (ע""ר)",True
580041754,"אגודת ידידי בית החולים שער-מנשה (ע""ר)",True
580081065,"בית הכנסת אוהל יצחק ליוצאי עיראק (ע""ר)",True
580367340,"עמותת מנחת יהודה גלעדי (ע""ר)",True
580210508,"מרכז נריה - קרית מלאכי (ע""ר)",True
580350932,"מורשת תמרה (ע""ר)",False
580294015,"בית-החיים - לב השרון - תל-מונד (ע""ר)",True
580125771,"עמותת ועידת המדעים וההשכלה האסלאמית  (ע""ר)",False
580307817,"אלזהראא - עמותה לקידום מעמד האשה (ע""ר)",False
580322543,"ישיבת צדקת הצדיק וכולל שמואל וחנה הנביאים (ע""ר)",True
580328995,"חוג ההורים - פורום המשפחות: משפחות שכולות למען שלום, פיוס וסובלנות (ע""ר)",True
580044972,"נר שמואל (ע""ר)",True
580025757,"מוסד הרב קוק (ע""ר)",True
580245843,"מתנדבי הרצליה (ע""ר)",True
580254845,"המכון למצוות התלויות בארץ (ע""ר)",True
580004794,"מוזיאון האדם והחי  (ע""ר)",True
580235166,"עמותת ב.ק.ס איינגאר יוגה בישראל (ע""ר)",False
580074912,"""גיל הזהב"" לזקנים - באקה אל גרבייה",True
580304517,"סידרה  SIDREH (ע""ר)",True
580257632,"פאר אבות (ע""ר)",True
580471712,"קורת גג - שפירא והסביבה (ע""ר)",False
580130219,"בית כנסת תפארת שלמה ע""ש שלמה סטפן בן פורטונה ודוד אילוז (ע""ר)",False
580364347,"חינוך לפסגות (ע""ר)",True
580268753,"בית חב""ד גני תקוה שע""י צעירי אגודת חב""ד - המרכז (ע""ר)",True
580120780,"ארץ חמדה - מכון גבוה ללימודי היהדות, ירושלים (ע""ר)",True
580332120,"העמותה לאמנות בקהילה ודיאלוג בינתרבותי (ע""ר)",False
580345551,"מוסדות בית מדרש איתמר (ע""ר)",True
580291987,"כולל בירכת יעקב לתלמוד הבבלי ירושלים (ע""ר)",True
580176089,"ובחרת בחיים מוסדות חינוך ולימודי יהדות ע""ש חיים ונסריה רוחמה סוויד ז""ל, נוה שרת, תל-אביב (ע""ר)",True
580064947,"בית מדרש גבוה בארץ ישראל - לייקווד, בית מדרשו של רבינו הגדול מרן הגאון ר' אהרן קוטלר זצוקללה""ה (ע""ר)",True
580371961,"שפת יעקב (ע""ר)",True
580337913,"מקהלת החזנים הירושלמית (ע""ר)",True
580132496,"אור משה תל אביב (ע""ר)",True
580189124,"מוסדות אמרי חיים אשדוד (ע""ר)",False
580300663,"עמותת עומר אבן אלח'טאב האסלאמית בכאבול (ע""ר)",True
580110641,"וורלד ויזון  (ע""ר)",False
580051159,"מוסדות סטולין קרלין בני ברק  (ע""ר)",True
580075190,"מוסדות ויזניץ - מונסי וכולל ראשית דרכו  (ע""ר)",True
580345577,"סמינר בעלזא (ע""ר)",True
580102267,"בית המדרש תפארת שמואל מאלכסנדר (ע""ר)",True
580050003,"עמותת ""אשר"" בית כנסת זכור לאברהם ירושלים (ע""ר)",True
580030039,"האגודה למלחמה בסרטן בישראל (ע""ר)",True
580262459,"מעון לטף - גיל וגלית  (ע""ר)",True
580351716,"מועדון ספורט בית דגן (ע""ר)",True
580390086,"העמותה לסיוע של ארגון עובדי וגימלאי משרד הבטחון (ע""ר)",True
580389518,"היכלא דרשב""י (ע""ר)",True
580045722,"סימן קריאה (ע""ר)",True
580140325,"עמותת בית זרע לקידום חינוך, תרבות, ספורט ורווחה (ע""ר)",True
580220176,"ארגון הצלת יהדות בוכרה ואזבקיסטן אשדוד (ע""ר)",True
580114296,"מכון אזמרה (ע""ר)",False
580019875,"אגודת ""אור הצפון"" נוה צבי ירושלים (ע""ר)",True
580139384,"המרכז האולימפי הלאומי לקליעה ע""ש יגאל אלון - הרצליה (ע""ר)",False
580330058,"מועצה לשימור אתרי מורשת בישראל (ע""ר)",True
580390201,"מגל - מעון גונן למען הילד (ע""ר)",False
580351518,"לב רחב בלב השרון (ע""ר)",True
580143816,"ההתאחדות הישראלית להחלקה על הקרח (ע""ר) (.ISRAEL ICE SKATING FEDERATION (R.A",True
580282838,"מ.ט.י ש""י- מוקד טיפוח יזמים- שומרון, בקעת הירדן ובנימין (ע""ר)",False
580376184,"נחלת ישורון רה""ע (ע""ר)",True
580364198,"הדר מנחם (ע""ר)",True
580097210,"תאטרון הנפש (ע""ר)",True
580013365,"לשכת סוכני ביטוח בישראל (ע""ר)",True
580313203,"ועד דתי נווה גנים - בית כנסת אחדות ישראל (ע""ר)",False
580109817,"דעת - רשת לחינוך והכשרה מקצועית (ע""ר)",True
580357465,"צח""י - עזרה למשפחות נזקקות (ע""ר)",False
580000180,"עמותת הקונסרבטוריון בקרית ביאליק (ע""ר)",True
580384550,"עמותה לספורט במקומות עבודה - ""הפועל"" מחוז תיכון (ע""ר)",True
580007425,"הליכות עם ישראל (ע""ר)",True
580317659,"בית כנסת גבעת האלונים (ע""ר)",True
580056638,"בית הכנסת אוהבי שלום גילה (ע""ר)",True
580209427,"בית הכנסת ""דובב עוז"" ע""ש דב לקס ז""ל (ע""ר)",True
580167971,"מרגניתא דאברהם ע""ש הרב אברהם צבי ודבורה גלינסקי הי""ד (ע""ר)",True
580194785,"שתילי אריה - מרכז פדגוגי (ע""ר)",True
580145936,"עמותת המחלקה לספורט במקומות עבודה וספורט עממי, הפועל מחוז ת""א (ע""ר)",True
580358596,"זוהר התורה בית שאן (ע""ר)",True
580316842,משפחת עורב צנחנים - עמותה רשומה,True
580024396,"""אהל נפתלי"" (ע""ר)",True
580059277,"סינמטק ירושלים - ארכיון ישראלי לסרטים (ע""ר)",True
580132645,"צעירי אגודת חב""ד - סניף חיפה (ע""ר)",True
580311322,"אהל תורה והלכה (ע""ר)",True
580059004,"איגוד המתכננים בישראל (ע""ר)",True
580271229,"בית כנסת אשכולי-פז  (ע""ר)",False
580166866,"אבי העזרי - בני עייש (ע""ר)",True
580314748,"מועדון מכבי הוד השרון כדור-עף (ע""ר)",True
580088987,"צער בעלי חיים ברחובות REHOVOTH SOCIETY FOR PROTECTION OF ANIMALS (ע""ר)",True
580326742,"בית חב""ד פסגת זאב צפון ירושלים שע""י צעירי אגודת חב""ד (ע""ר)",True
580041135,"קופת גמ""ח ""אחיסמך"" קריית שמואל ע""ש שמואל בר חמא ז""ל ממייסדי הקופה (ע""ר)",True
580258986,"תלמוד תורה הארמון (ע""ר)",False
580025815,"הקהילה היונית של ירושלים החדשה (ע""ר)",False
580019560,"בנות ויזניץ ירושלים (ע""ר)",True
580230779,"כסא מצליח (ע""ר)",True
580099398,"שערי דעת (ע""ר)",True
580120590,"כולל נר רפאל צדקה (ע""ר)",False
580130789,"מרכז יעוץ לאשה (ע""ר)",True
580157840,"יחד בגליל (ע""ר)",True
580021228,"האיגוד הישראלי לארכיונאות ולמידע (ע""ר)",True
580073468,"בית מדרש גבוה להוראה ולדיינות ""דרכי-דוד"" ירושלים  (ע""ר)",True
580160109,"כולל חב""ד - צפת עיה""ק (ע""ר)",True
580173425,"מכבי אורנית (ע""ר)",True
580321586,"עמותת בית ספר אליהו ללימוד חכמת הדתות (ע""ר)",True
580031631,"בית מדרש וכולל אברכים אלעד (ע""ר)",True
580253375,"רומח אבירים - סיוף עכו (ע""ר)",True
580044071,"""ישראל הצעיר"" נתניה (ע""ר)",True
580118982,"הורי בית הספר אהבת-ציון, תל-אביב (ע""ר)",True
580032837,"האגודה לעידוד וקידום מרכזים קהילתיים בישראל (ע""ר)",True
580224251,"ישיבת אור גבריאל  (ע""ר)",False
580077139,"עמותת ותיקי וידידי גולני (ע""ר)",True
580075372,"עמותת חיל הרפואה  (ע""ר)",False
580098846,"שב שמעתא (ע""ר)",True
580134229,"בית חב""ד שדרות שע""י צעירי אגודת חב""ד באה""ק (ע""ר)",True
580035947,"מרכז ארצי לבחינות ולהערכה (ע""ר)",False
580279529,"התאחדות המלונות בים המלח (ע""ר)",False
580384378,"עמותה למען ילדים במצוקה בחיפה ובצפון (ע""ר)",True
580387041,"התאגדות מהנדסי חשמל אלקטרוניקה ואנרגיה בישראל (ע""ר)",True
580189785,"חסדי שלמה- מודיעין עילית (ע""ר)",False
580203313,"והודעתם לבניך - משכן שלמה ירושלים (ע""ר)",True
580025260,"בית הכנסת ישראל הצעיר קרית קריניצי רמת גן  (ע""ר)",True
580167468,"עמותת בית הכנסת הספרדי ירושלמי בראשון לציון (ע""ר)",True
580143410,"ישיבת כולל אברכים אור יוחאי ע""ש הבחור יוחאי ויזמן ז""ל (ע""ר)",True
580056547,"עמותת חסידי באבוב (ע""ר)",True
580050185,"בית כנסת חב""ד-ליובווישט לעולי רוסיה - סנהדריה המורחבת ירושלים (ע""ר)",True
580111573,"מכון בית אהרן וישראל למחקר כת""י והוצאה לאור (ע""ר)",True
580025765,"אלומה, צעירים לשם שינוי (ע""ר)",True
580297406,"אופק לילדינו (ע""ר)",True
580329514,"התאחדות בני ציון ירושלים - קרן מלווה (ע""ר)",True
580142693,"מוסדות תפארת משה בצלאל (ע""ר)",True
580130201,"בית כנסת בית ברוך - ע""ש ברוך טריגאלו ז""ל  (ע""ר)",False
580118586,"האגודה להכשרת רבנים ומחנכים תורניים (ע""ר)",True
580042836,"גמילות חסדים ""סנהדריה המורחבת ירושלים""  (ע""ר)",True
580173920,"ופרצת - מרכז להפצת תודעה יהודית-חסידית (ע""ר)",True
580293058,"קרן עזרה כוכב השחר (ע""ר)",True
580092583,"בית הכנסת נחלת יצחק בתל-אביב  (ע""ר)",False
580294478,"חמדת יהודה (ע""ר)",True
580278711,"תלמוד תורה שער שמים - בית אל (ע""ר)",True
580059640,"מוסדות קאליב - אור ירושלים (ע""ר)",True
580030823,"אגודת הצדקה האורטודקסית, נצרת (ע""ר)",True
580136570,"ישיבת ""בני-ראם"" (ע""ר)",True
580109247,"האגודה הישראלית לבייס-בול (ע""ר)",True
580153435,"יד רווחה נתיבות (ע""ר)",True
580244291,"איגוד טניס-השולחן בישראל (ע""ר)",True
580171288,"ידידי בית יד לבנים בחדרה (ע""ר)",True
580045755,"קרית חינוך- מגדל אור (ע""ר)",True
580077584,"מרכז רוחני שערי ציון שיכון סלע רחובות  (ע""ר)",False
580333839,"ידידים נוצרים של הישובים ביש""ע (ע""ר)",True
580283026,שלבים העצמה וקידום אישי (ע''ר),True
580129328,"איגוד המוזיאונים ואיקו""ם ישראל (ע""ר)",True
580020808,"אגודת בית הכנסת נצח  (ע""ר)",True
580148492,"""עלי באר""  (ע""ר)",False
580236966,"מוסדות ומכון דרופתקי דאורייתא ע""ש המקובל שמעון אגסי זצ""ל (ע""ר)",True
580032845,"מרכז ספיר - לתרבות ולחינוך יהודי (ע""ר)",True
580094035,"""חברותא"" - מרכז קהילתי דתי רמת-גן (ע""ר)",True
580034262,"קרן מועדון רוטרי חיפה  (ע""ר)",True
580042901,"""בית צבי"" ביה""ס לאמנויות הבמה (ע""ר)",True
580301547,"בית הכנסת על שם יצחק רבין - רחובות (ע""ר)",True
580215861,"מועדון כדוריד 1972 חולון (ע""ר)",True
580389393,"מאורות שמעון (ע""ר)",True
580002350,"אש""י- איגוד השיננות הישראלי (ע""ר)",True
580316032,"אור החיים ואהבת חסד (ע""ר)",True
580284586,"מרכז יובל למוסיקה ותזמורות נוער חיפה (ע""ר)",True
580123107,"עמותת אמרי נועם (ע""ר)",False
580389054,"קול מאיר (ע""ר)",True
580352722,"קהל בני הישיבות - מרכז הרמה, רמת בית שמש (ע""ר)",True
580368397,"מוסדות התורה רב פעלים ע""ש רבינו יוסף חיים זי""ע (ע""ר)",True
580265700,"שערי בני ציון והיכל בתיה  (ע""ר)",True
580384261,"בית חינוך אופק (ע""ר)",True
580007920,"מרכז השלטון האזורי בישראל (ע""ר)",True
580031953,"הכנסת אורחים ר' שמעון בר יוחאי זיע""א מירון (ע""ר)",True
580020857,"בנפש חפצה (ע""ר)",True
580160497,"בית הכנסת המרכזי קרית אונו (ע""ר)",True
580244952,"איגוד האתלטיקה בישראל (ע""ר)",True
580321644,"מי לה' אלי (ע""ר)",True
580053759,"הסתדרות הרוקחים בישראל ענף בתי מרקחת סניף תל אביב  (ע""ר)",False
580183812,"מוסדות עזרת יוסף (ע""ר)",True
580027472,"ישיבת אופקים (ע""ר)",True
580363836,"קול יעקב - ספרדי בשימשוני (ע""ר)",True
580028876,"קרן הוכשטיין (ע""ר)",True
580074110,"מוסדות ""חלקת יהושע"" דחסידי ביאלא בני-ברק (ע""ר)",True
580390029,"מורשת הנחל (ע""ר)",True
580175776,"הקרן לעידוד ופיתוח ענף הבניה בישראל (ע""ר)",True
580267540,"עמותת בית מנחם - רם  (ע""ר)",True
580210813,"תהל""ה - תמיכה בהורים ובבני משפחה של הקהילה הגאה (ע""ר)",True
580037307,"ישיבה ובית כנסת ""יגל אברהם"" בשכונת קטמונים ירושלים (ע""ר)",True
580145746,"העמותה לרכיבה וכלבנות טיפולית (ע""ר)",True
580281095,"""אור שלום"" ע""ש ר' שלום טייאר זצוק""ל ור' שלום בנעטיה זצ""ל",True
580198471,"עמותת תזמורת סימפונט רעננה (ע""ר)",True
580283794,"אגודת הסטודנטים והסטודנטיות במכללת הנגב ע''ש ספיר (ע""ר)",True
580185999,"ברכת אלימלך (ע""ר)",True
580048619,"שילה עמותה לפיתוח שירותים לאזרח הוותיק בקהילה (ע""ר)",True
580114783,"ותיקי הצנחנים משחררי ירושלים וצולחי התעלה (ע""ר)",True
580214732,"אגודה ישראלית לקרימינולוגיה (ע""ר)",True
580341212,"מדרשת בית שמש (ע""ר)",True
580175677,"קו לחיים - תנועה חברתית לשיפור והצלת חיים בישראל (ע""ר)",True
580194835,"עמותת בית כנסת ""אהבת שלום יהודה וירושלים""  (ע""ר)",False
580320174,"מנין אברכים נתניה (ע""ר)",True
580055648,"דור הפלמ""ח (ע""ר)",True
580133437,"עמותת גיל עוז לותיקי עמק המעיינות (ע""ר)",True
580285120,"אגודת הסטודנטים והסטודנטיות של אוניברסיטת רייכמן (ע""ר)",False
580373215,"המרכז להתעמלות אומנותית בת-ים (ע""ר)",True
580340438,"יד לניסים (ע""ר)",True
580370997,"שובה ישראל ונשובה לתורה (ע""ר)",True
580375913,"ספורט מקומות עבודה - הפועל מחוז השפלה (ע""ר)",True
580000404,"קריות ""מאור חיים"" בישראל ירושלים צפת",False
580001659,"הסתדרות השומר הצעיר בישראל (ע""ר)",True
580348449,"חסדי יוסף, בת ים (ע""ר)",False
580306124,"עטרת המזרח (ע""ר)",True
580021525,"בית כנסת ובית זקנים  לרבנים ברעננה (ע""ר)",True
580293553,"רמת גור (ע""ר)",True
580245637,"אחת מתשע - כל מה שנוגע לסרטן שד  (ע""ר)",True
580111698,"קהילת כל הנשמה KEHILLAT KOL HANESHAMA (ע""ר)",True
580310738,"לשם ולתהילה בית הכנסת בישוב אדם (ע""ר)",True
580179828,"ידידי אות הכפרה והשלום בישראל  (ע""ר)",True
580114304,"המרכז באשדוד של חסידי בעלזא (ע""ר)",True
580377463,"חיאת אלמחבה (ע""ר) (.LIFE AGAPE (R.A",True
580358927,"עמותת חוגי סיירות של הקרן הקימת לישראל ע""ש אורי מימון ז""ל (ע""ר)",True
580030229,"ישיבת בית יוסף צבי ירושלים  (ע""ר)",True
580359313,"חלון - חינוך לכל נערה ונער (ע""ר)",False
580037158,"מכבי תנועה עולמית (ע""ר)",True
580209963,"עמותת בית הכנסת קיסריה  (ע""ר)",True
580145076,"מדרש כנור-דוד להשתלמות גבוהה (ע""ר)",True
580230472,"קרן ילדים שלנו - ""י.ש."" (ע""ר)",True
580084119,"המכללה הטכנולוגית לנשים - מדרשת מוריה (ע""ר)",True
580351500,"עורק הומניטי (ע""ר)",False
580021343,"מוסדות אור שמח מרכז טננבאום (ע""ר)",True
580213627,"קרן מנדל - ישראל (ע""ר)",True
580039030,"מוסדות התורה מקור ברוך, בני ברק (ע""ר)",True
580117984,"עליית בית חנניה - שערי ניסים (ע""ר)",True
580140143,"דרכי שמחה (ע""ר)",True
580337889,"קרית חינוך אלעד (ע""ר)",True
580203743,"בית הכנסת בית הלוי - יהוד  (ע""ר)",True
580042323,"""אלדמע"" אגודת מתנדבים למחקר ולטיפול במחלות דרכי העיכול",True
580026367,"ועד חברת עולי משהד (אירן) ירושלים (ע""ר)",True
580068450,"הסתדרות הרוקחים בישראל ענף בתי מרקחת חיפה והצפון (ע""ר)",False
580338929,"מילן - מרכז יצירתי לנוער עולה (ע""ר)",True
580004307,"האגודה למען החייל (ע""ר)",True
580214492,"מורא רבך (ע""ר)",True
580057354,"ישיבת רוז'ין - מתיבתא תפארת ישראל (ע""ר)",True
580325298,"אשד הנחלים (ע""ר)",True
580063568,"את""י - איגוד אמני ואמניות התיאטרון בישראל  (ע""ר)",True
580346146,"זכרון יום טוב (ע""ר)",False
580243897,"ת.פ.מ. - תגבור פיסיקה, מתמטיקה (ע""ר)",True
580294965,"כנסיית קהילות השם רמלה (ע""ר) RAMLA ASSEMBLIES OF GOD CHURCH",True
580365054,"מוסדות חינוך על שם מולא אור שרגא יזדי זי""ע (ע""ר)",True
580320000,"שרשי אפריים (ע""ר)",True
580126373,"קרן אשכולות לעזרה הדדית (ע""ר)",True
580160737,"מעיין חינוך תורני - פתח-תקוה כפר-אברהם (ע""ר)",True
580335941,"העמותה לקידום ושמירת זכויות חולי הכליות (ע""ר)",True
580067627,"מאורות צבי (ע""ר)",True
580174316,"מתיבתא אוהל תורה ברנוביץ (ע""ר)",True
580062545,"""בית יוסף שלום"" ע""ש מרן ב""י ורבנו השמ""ש זצוקללה""ה (ע""ר)",True
580069268,"המרכז הקהילתי אבו - סנאן  (ע""ר)",True
580026953,"חוג בית ספר חורב ירושלים (ע""ר)",True
580141869,"לוית חן (ע""ר)",True
580351757,"אורות יעקב (ישיבת הסדר) (ע""ר)",True
580172831,"עלי שיח (ע""ר)",True
580267953,"מתנ""ס - מרכז קהילתי מרחבים (ע""ר)",True
580298966,"עמותת חיה שפרה ופועה נשי חב""ד בבני-ברק (ע""ר)",False
580100170,"""אור ישראל"" לע""נ הרב המקובל ר' מורדכי שרעבי זצוק""ל והרבנית לאה שרעבי ז""ל (ע""ר)",False
580013399,"מרכז קהילתי אזורי (מתנ""ס) גוש עציון (ע""ר)",True
580144160,"אור לגיל (ע""ר)",True
580052538,"ישיבת הכותל - מרכז תורני וואהל שע""י מרכז ישיבות בני עקיבא (ע""ר)",True
580259059,"תלמוד תורה, גני ילדים, ביה""ס וחט""ב - ""כנסת יצחק"" (ע""ר)",True
580356756,"בית חב""ד מול היקב זכרון יעקב שע""י צעירי אגודת חב""ד (ע""ר)",True
580038115,"העמותה לקידום החינוך בתל אביב- יפו (ע""ר)",True
580039766,"בית כנסת ע""ש בנימין שמש  (ע""ר)",False
580389617,"יאיר נרי (ע""ר)",True
580298586,"נצח שרה - מרכז חינוכי לבנות (ע""ר)",True
580005874,"בית הכנסת הגדול ""אהל יצחק"" קרית משה, ירושלים (ע""ר)",True
580049385,"קרן מאור (ע""ר)",False
580090447,"חביב""ה למען הסמינר ""בית-יעקב"" חיפה (ע""ר)",True
580367795,"גדולים מהחיים (ע""ר)",True
580021780,"אגודת אקדמאים יוצאי עירק בישראל (ע""ר)",False
580039584,"""נשמת ישראל""",True
580340081,"אוורסט - עמותה לקידום נוער בכפר-סבא (ע""ר)",True
580170124,"עמוד החסד ע""ש אברהם אבינו ע""ה (ע""ר)",True
580051803,"בית הכנסת לעולי בבל כפר גבירול (ע""ר)",True
580250827,"זוג מוצלח מקווה שבת אחים (ע""ר)",True
580210060,"מכון פוע""ה - פוריות ורפואה עפ""י ההלכה (ע""ר)",True
580004935,"האגודה הישראלית לגרונטולוגיה (ע""ר) (.ISRAEL GERONTOLOGICAL SOCIETY (R.A",True
580083111,"עמינדב - אגודה תורנית להתנדבות (ע""ר)",True
580317493,"הצל לבו של ילד לזכר ד""ר עמי כהן ז""ל (ע""ר) (.SAVE A CHILD'S HEART IN MEMORY OF DR. AMI COHEN (R.A",True
580068351,"כולל ש""ס צאנז חיפה (ע""ר)",True
580286979,"מרכז חינוכי בת עין (ע""ר)",True
580376010,"מקהלת אורטוריו ירושלים (ע""ר)",True
580088169,"ידידי בית לוינשטיין (ע""ר)",True
580202364,"מכון להוצאת ספרים דחסידי אלכסנדר (ע""ר)",True
580150886,"עמותת המורים לקידום ההוראה והחינוך מיסודה של הסתדרות המורים (ע""ר)",True
580058287,בית כנסת ספרדי מקדש מלך מרכז רעננה,False
580031920,"מוסדות אונסדורף בירושלים  (ע""ר)",True
580277283,"מוסדות דעת מישרים (ע""ר)",True
580018521,"מכון אבני - המכללה לאמנות ועיצוב תל-אביב (ע""ר)",False
580108801,"התאחדות  מלונות בירושלים (ע""ר)",True
580060937,"""נאות ישי"" (ע""ר)",True
580033140,"ישיבת פרשבורג ""שבט סופר"" (ע""ר)",True
580278646,"זכרו תורת משה (ע""ר)",True
580273597,"תורת שמחה (ע""ר)",True
580303170,"אהבת אחים, פ""ת (ע""ר)",True
580259810,"רמות יהודה (ע""ר)",True
580197671,"אוהל לוי יצחק וחנה (ע""ר)",True
580116812,"ארגון שומרי גחלת יהדות הודו (ע""ר)",True
580295426,"ישיבת באר יהודה (ע""ר)",True
580276947,"ק.ש.ת. - קידום שירותים חברתיים חדרה והסביבה (ע""ר)",True
580009199,"ישיבת התנא ר' ש. בר יוחאי זיע""א ליד הקדשות הספרדים בצפת ובמירון (ע""ר)",True
580263598,"ארגון נוער מגן דוד אדום (ע""ר)",True
580241313,"בית מדרש וביתכנסת ""אברהם יגל""  (ע""ר)",True
580272581,"הקרן להנצחת זכרו של ד""ר משה סנה ז""ל (ע""ר)",True
580029395,"הקבוץ הדתי - אגוד קבוצות של הפועל המזרחי (ע""ר)",True
580005114,"ההתאחדות הישראלית לצלילה (ע""ר)",True
580365443,"מכון משפטי ארץ (ע""ר)",True
580308468,המועצה הציונית בישראל (עמותה רשומה),True
580386324,"חסדי יואל (ע""ר)",True
580352490,"הזירה הבין-תחומית (ע""ר)",True
580132405,"בית הכנסת שערי צדק - בית שאן (ע""ר)",False
580013332,"קהילת סוכת שלום (ע""ר)",True
580152833,"תודעה - רשת ארצית להאדרת התודעה היהודית (ע""ר)",True
580292811,"עמותת אחיות לקידום הסיעוד הגריאטרי בישראל  (ע""ר)",True
580281798,"""במה"" - מגשימי ""הנוער הציוני"" (ע""ר)",True
580226140,"העמותה לקידום ופתוח המרכז הקהילתי - בית כנסת ומועדון - במצפה נטופה (ע""ר)",True
580329936,"עמותת בית כנסת ""משכן שלום"" שדרות (ע""ר)",False
580383685,"בית הכנסת סרח עדת ישורון (ע""ר)",True
580262426,"מכון תורני לתפוצות (ע""ר)",True
580077899,"העמותה להקמת בית כנסת מרכזי בקרני שומרון (ע""ר)",True
580340370,"הפורום הציבורי לאיכות הסביבה באשדוד (ע""ר)",True
580076206,"איגוד תעשיות החדשנות ועתירות הידע בישראל (ע""ר)",False
580241297,"חזון לישראל (ע""ר)",True
580001824,"גל-עד - מפעלי הנצחה ויד לבנים, מחסה ורווחה לילדים וקשישים (ע""ר)",True
580002855,"קלוב התעופה לישראל - מרכז (ע""ר)",True
580097731,"בית כנסת שבת אחים - נוה רסקו, רמת השרון  (ע""ר)",True
580061505,"רינת ישרים לעולי עירק (ע""ר)",True
580192391,"המינהל הקהילתי פסגת זאב (ע""ר)",True
580182392,"מוסדות אמת ושלום אוהל אברהם (ע""ר)",True
580302669,"בית חב""ד שוהם שע""י צעירי אגודת חב""ד - המרכז (ע""ר)",True
580308690,"""קרן רונן"" -  לקידום אמנים צעירים (ע""ר)",True
580104859,"עמך (ע""ר)",True
580012151,"כולל תורת  מאיר (ע""ר)",True
580019404,"חינוך י-ם בית חנוך חרדי לבנות בדרך ישראל סבא  (ע""ר)",True
580052520,"מכון ""בני דוד"" ירושלים ע""ש ר' יששכר ורעיתו מרת שפרה ור' שלמה זבולון זלה""ה בן דוד (ע""ר)",True
580263291,"תפארת ימין  (ע""ר)",True
580257731,"בית החסידים דגור נחמני - שיכון ה' בני ברק (ע""ר)",True
580021707,"חברת אהבת תורה חיפה  (ע""ר)",True
580096865,"מכון מש""ה - לחקר משנת הרמב""ם מייסודה של ""הליכות עם ישראל"" (ע""ר)",True
580244317,"איגוד האופניים בישראל  (ע""ר)",True
580010759,"תפארת אחים (ע""ר)",True
580361541,"גורן ארנן (ע""ר)",True
580355949,"תפוח - עמותה לקידום עידן המידע בישראל (ע""ר)",True
580258242,"אתגרים (ע""ר)",True
580215465,"חזון אלחנן (ע""ר)",True
580031391,"קרנות הצדקה של הג'רוסלם פוסט (ע""ר) (.THE JERUSALEM POST CHARITABLE FUNDS (R.A",True
580004232,"י.ע.ל - יד עזר לחולה במרכז הרפואי לגליל (ע""ר)",True
580040525,"המרכז לעיצוב ולטכנולוגיה אריאל בשומרון (ע""ר)",True
580332575,"שקיפות בינלאומית ישראל - שבי""ל (ע""ר)",True
580269181,"העמותה להקמה ולהפעלה של בית כנסת בשכונה הצפונית במיתר (ע""ר)",True
580231843,"הפועל רוכבי הנגב (ע""ר)",True
580081941,"""בית-כנסת אם הבנים, נתניה"" (ע""ר)",True
580014793,"קרן מתן בסתר ע""ש אהרון ורחל רוט ז""ל - ע""י חברה קדישא חיפה (ע""ר)",True
580033728,"התאחדות העדה הכורדית (ע""ר)",True
580286235,"האגוד הישראלי למתמטיקה (ע""ר)",True
580237220,"ישיבת טבריה (ע""ר)",True
580026540,"כולל מינסק ירושלים (ע""ר)",True
580077642,"צעירי אגודת חב""ד - אילת (ע""ר)",True
580094829,"חברה קדישא גחש""א שעריים רחובות (ע""ר)",True
580032803,"בית הכנסת ""אגודת אחים"" רמב""ם ברמת עמידר,רמת גן (ע""ר)",True
580355642,"שיח חיים (ע""ר)",True
580145993,"אור תורת שלום (ע""ר)",True
580256261,"בית כנסת נווה ים ראשון לציון (ע""ר)",True
580225431,"נטעי אורה (ע""ר)",True
580137230,"ארגון המנעולנים בישראל (ע""ר)",False
580224103,"ישיבה לצעירים קניני התורה ומפעל החסד (ע""ר)",True
580013340,"מכבי הצפון תא-מועדון הטניס (ע""ר)",True
580000818,"המועצה הלאומית לשלום הילד (ע""ר)",True
580343564,"קרן ללימודים מתקדמים של ארץ הקודש (ע""ר)",False
580025286,"ישיבת פוניבז' (ע""ר)",True
580276988,"תורת בנימין - שילה (ע""ר)",True
580327005,"פורום דו קיום בנגב (ע""ר)",True
580257640,"אהבת תורה בית שמש (ע""ר)",True
580262582,"מועדון השחמט כפר סבא (ע""ר)",True
580263077,"יושב אהלים, אשקלון (ע""ר)",True
580373926,"תיבת נח - חיפה (ע""ר)",True
580065191,"איגוד הברוקרים בבורסה בתל - אביב (TBA) (ע""ר)",True
580034320,"עמותת עובדי חברת החשמל במרחב הצפון (ע""ר)",False
580023349,"קרנות סיוע לתורה ""הכרם"" ירושלים  (ע""ר)",True
580230316,"עטרת ראובן (ע""ר)",True
580235117,"כולל אברכים נחלת יהושע  (ע""ר)",True
580078103,"תלמוד תורה ""רבי עקיבא"" זכרון מאיר (ע""ר)",True
580003960,"בוגרי בי""ס לקציני ים (ע""ר)",True
580035756,"קרן יהושע רבינוביץ לאמנויות, תל אביב (ע""ר)",True
580188746,"""יד-לעד"" בית העדות למורשת הציונות הדתית והשואה, מיסודם של ותיקי בני-עקיבא מרכז אירופה (ע""ר)",True
580284446,"שמחת יצחק (ע""ר)",True
580300754,"תאגיד הבריאות - רמב""ם (ע""ר)",True
580084028,"""ישיבת מאיר יעקב"" (ע""ש רבי יעקב אבוטבול זצ""ל)",False
580372126,"נטע ארז (ע""ר)",True
580368926,"מרכז רוחני מנחם ציון (ע""ר)",True
580018679,"ארגון יוצאי קרקוב בישראל (ע""ר)",True
580202307,"בית כנסת הספרדי המרכזי שערי - תקוה (ע""ר)",False
580335842,"בשער - קהילה אקדמית למען החברה בישראל (ע""ר)",True
580163830,"מכון פוירשטיין (ע""ר)",True
580012490,"צדקת רבי מאיר בעל הנס כולל חבת ירושלים לעדת גאליציה (ע""ר)",True
580095081,"בית הכנסת שבת אחים, על שם יוסף נחום קוזי (ע""ר)",False
580110260,"העמותה לקידום ביה""ס הדמוקרטי בחדרה (ע""ר)",True
580275873,"כולל אוהל שלמה ורחל (ע""ר)",True
580112779,"בית יעקב - ערד (ע""ר)",True
580190502,"אלאשבאל לחינוך  (ע""ר)",True
580045490,"""נתיב אור"" חדרה",True
580269660,"ח.ב.ר. למען הכלבים, החתולים וחיות אחרות (ע""ר)",True
580332633,"דורות-מרכז לפיתוח חינוכי וקהילתי (ע""ר)",True
580330116,"חוויה- העמותה לקידום פעילות קהילתית בכפר ורדים (ע""ר)",False
580356897,"המרכז הערבי לתכנון אלטרנטיבי (ע""ר)",True
580355154,"קרן הדרכה ותרבות של עובדי המלונאות והתיירות (ע""ר)",True
580332898,"באור פניך יהלכון (ע""ר)",True
580112472,"עמותה לתורה ולחינוך מעונות יום עמנואל (ע""ר)",False
580351989,"נחלי נצח (ע""ר)",True
580122810,"ישיבת הרעיון (ע""ר)",False
580364057,"דרך היהלום (ע""ר)",True
580126969,"איחוד בני תורה רמות ירושלים  (ע""ר)",True
580389070,"ילדי שגיא-יעקב (ע""ר)",True
580145456,"עמותת יעדים ע""ש שלמה אוני (ע""ר)",True
580009769,"האגודה למען הקשיש בלוד (ע""ר)",True
580327336,"ילדי ברכה (ע""ר)",True
580017010,"האגודה הישראלית לפיסיקה (ע""ר)",True
580221356,"קול דממה דקה ללימודי היהדות  (ע""ר)",True
580222107,"מוסדות חינוך לבנות ""עטרת חי'ה"", בני ברק (ע""ר)",True
580315703,"פניני תורה (ע""ר)",True
580138220,"שעלי תורה (ע""ר)",True
580081123,"""הליכות חיים""",True
580052017,"מרכז קהילתי אבנא אל קודס (ע""ר)",False
580234235,"בית הכנסת ""שבטי ישראל"" בגבעת שרת, בית שמש (ע""ר)",True
580347276,"עמותת ""קלאבהאוס עמית"" (ע""ר)",True
580007748,"ברית יוצאי בוכרה (ע""ר)",True
580268324,"מעינות חיים יוסף (ע""ר)",True
580276970,"בתורתו יהגה. (ע""ר)",True
580040004,"קרן לעזרה הדדית ע""ש ר' פנחס הולנדר ז""ל (ע""ר)",False
580029882,"בית החסידים דגור זכרון מאיר רח' אור החיים (ע""ר)",True
580333045,"מועדון אתלטיקה קלה מכבי ראשון לציון (ע""ר)",True
580051258,"אגודת העוורים הישראלית ""הגשמה"" (ע""ר)",True
580048395,"בית הכנסת ""ישראל הצעיר של צפון נתניה (ע""ר)",True
580285732,"אמרי יוסף ע""ש הרה""צ מאיר יוסף מנדל זצ""ל ב""ב (ע""ר)",True
580282333,"מכון מורשת גד (ע""ר)",True
580351906,"אקסודוס נורד (ע""ר)",True
580381507,"בי""ס תיכון בית רבקה נצרת עילית (ע""ר)",True
580031359,"בית חינוך באר מרים (ע""ר)",True
580030047,"ער""ן עזרה ראשונה נפשית בטלפון ובאינטרנט (ע""ר)",True
580142461,"מצפה הדרום (ע""ר)",True
580250652,"מוסדות תורה וחסד פני יצחק (ע""ר)",True
580100956,"ארגון יוצאי קוריץ בישראל (ע""ר)",False
580376671,"בית הכנסת גבורת יצחק, קרית רבין חולון (ע""ר)",True
580370187,"המרכז הבין-תרבותי לירושלים (ע""ר) (JERUSALEM INTER-CULTURAL CENTER (R.A",True
580228393,"המרכז לטיפוח יזמות ראשון לציון והסביבה (ע""ר)",True
580017630,"ישיבת בית מדרש לתורה ירושלים (ע""ר)",True
580026763,"עזרת תורה של אמריקה בישראל (ע""ר)",True
580148096,"כולל שפתי כהן תל אביב (ע""ר)",True
580145373,"לב יתומים ואלמנות - לדוד אמת (ע""ר)",True
580304640,"עמותת בית כנסת אהבת אחים בבלי - ת""א (ע""ר)",True
580248409,"בית מדרש אהל יונה בעיה""ק ירושלים (ע""ר)",True
580303824,"בזכות, המרכז לזכויות אדם של אנשים עם מוגבלויות, עמותה (ע""ר)",True
580376283,"הפועל ""אפרא"" מעברות קליעה (ע""ר)",True
580219921,"ונתתי שלום בארץ (ע""ר)",True
580239556,"""ג'מעיית אלהודא - אלרמלה"" (ע""ר)",True
580187763,"עמותת יצחק אייזיק - משכן קאליב טברי'ה (ע""ר)",True
580215168,"בעקבי הצאן אורה ושמחה ירושלים (ע""ר)",False
580106698,"מוסדות קהל חסידי ירושלים (ע""ר)",True
580027696,"ההסתדרות לרפואת שיניים בישראל (ע""ר)",True
580073542,"המרכז לחינוך מיוחד ""מגן אברהם""  (ע""ר)",True
580018885,"חוג ידידי מרכז רפואי שיבא-תל השומר (ע""ר)",True
580358091,"לומדים באהבה (ע""ר)",True
580352474,"מרכז אור חב""ד נאות אשלים (ע""ר)",True
580190239,"חלב הארץ (ע""ר)",True
580083269,"האגודה לקידום העבודה הסוציאלית (ע""ר)",True
580069334,"תלמוד תורה ברסלב, בני ברק (ע""ר)",True
580386027,"קהילת טשכנוב (ע""ר)",True
580082121,"המכון הגבוה לתורה ע""ש לודביג ז""ל ואריקה יסלזון (ע""ר)",True
580375772,"תפארת אלעד (ע""ר)",True
580080190,"""קרן להנצחת בבא סאלי זצ""ל"" (ע""ר)",True
580345676,"בית יעקב נוה חנה אשדוד (ע""ר)",False
580102291,"העמותה לותיקי הגליל התחתון, כפר תבור ויבנאל (ע""ר)",True
580294379,"ענג מנחם (ע""ר)",True
580269793,"דורות בגלבוע (ע""ר)",True
580254043,"מוסדות משכנות יוסף (ע""ר)",True
580066272,"שוחרי המרכז הרפואי ברזילי אשקלון (ע""ר)",True
580006039,"המרכז לעיוור בישראל (ע""ר)",True
580269082,"מדרשה תורנית לבנות - נוב (ע""ר)",True
580232759,"קרן ד""ר אלי ובתיה בורובסקי  (ע""ר)",False
580216885,"נחלת רחל (ע""ר)",False
580359784,"עמותת מהנדסים בישראל עבורך (ע""ר) (.ASSOCIATION OF ENGINEERS IN ISRAEL 4 U (R.A",True
580271096,"סונבולה                SUNBULA (ע""ר)",True
580362721,"גילאור יואב - למען הקשיש (ע""ר)",True
580091015,"בית הספר הקהילתי אלחריזי - יחדיו (ע""ר)",False
580127280,"ישיבת מאקאווא בכפר אתא (ע""ר)",True
580143923,"קהילת רעות - בית הכנסת משכן אורי ברעננה (ע""ר)",True
580265288,"המדרשה בקרית מלאכי (ע""ר)",True
516113479,"ספארק איי אל  בע""מ (חל""צ)",True
580028058,"אגודת קריה נאמנה שע""י חסידי צאנז (ע""ר)",False
580283976,"המכללה האקדמית הערבית לחינוך בישראל- חיפה (ע""ר)",True
580286292,"אגוד מנהלי/ות לשכות ראשי הרשויות המקומיות בישראל (ע""ר)",True
580375624,"צדיק יסוד עולם (ע""ר)",True
580200913,"בית המדרש ""דרך איה"" (ע""ר)",True
580115384,"מוסדות אור גאון בישראל (ע""ר)",True
580074805,"בית כנסת הפועל המזרחי ""מוהליבר"" (ע""ר)",True
580094688,"ארגון הרופאים העצמאיים של מכבי שירותי בריאות (ע""ר)",True
560036659,"אס דאבלוי סי מיוזיאום קורפ (פרטי)  (חל""צ)",False
580276921,"עזרה וחסד משנת יעקב (ע""ר)",True
580383149,"בית הכנסת צעירי נוף העמק (ע""ר)",True
580122612,"דרכי שלום - בלב הקשר  (ע""ר)",True
580048270,"המכון הישראלי למדע האינטלגנציה היצירתית (ע""ר)",True
580300226,"סראב להוסטלים ומפעלי שיקום (ע""ר)",True
580317535,"התורה והארץ (ע""ר)",True
580338234,"תומכי תורה שע""י ישיבת פוניבז' (ע""ר)",True
580264067,"מרכז תורני חסד ואמת לאברהם ע""ש אברהם בן יוסף ז""ל (ע""ר)",True
580047124,"בית החלמה והבראה לאם ולילד בני ברק  (ע""ר)",True
580263051,"ע.א.נ.י - עמותת אחים/יות נפרולוגים בישראל (ע""ר)",True
580244911,"איגוד החתירה בישראל (ע""ר)",True
580154730,"מתן - מפעל תורני לנוער (ע""ר)",True
580016749,"בית חנה צפת (ע""ר)",True
580283158,"יקירי באר-שבע ""תורת ר' דוד ומשה"" (ע""ר)",True
580268522,"תרומה מהכלל (ע""ר)",True
580153237,"נאמני המכבי חיפה (ע""ר)",True
580065472,"אגודת בית יד לבנים לדרוזים (ע""ר)",True
580039220,"עמותה למען גילאי הזהב בהרצליה- בית הורים (ע""ר)",True
580023414,"ארגון ניצולי מחנות ההשמדה יוצאי יון בישראל - המרכז (ע""ר)",True
580083954,"""קרן ""בני מערוף"" למען הדרוזים"" (ע""ר)",True
580036713,"""מוסדות בית ישראל"" מיסודם של צעירי חב""ד נתיבות",True
580361582,"המכללה הטכנולוגית באר שבע - קדימה מדע (ע""ר)",True
580080042,"אפיקים בני ברק (ע""ר)",True
580001717,"ההתאחדות לכדורגל בישראל (ע""ר)",True
580347532,"מועדון הכדורגל, הפועל נצרת עילית (ע""ר)",True
580361830,"נחלים בנגב (ע""ר)",True
580200673,"המועדון לרטריברים  (ע""ר)",False
580068369,"מכון וישיבה ע""ש הגאון חידא זצ""ל (ע""ר)",True
580149441,"בית הכנסת הספרדי המרכזי ""בית אברהם"" רחוב נחלת צבי פתח תקוה (ע""ר)",True
580361186,"ג'מעית לג'נת אלמעארף אלחיריה אלמחלייה - בית חנינה (ע""ר)",True
580292498,"אגוד מנין אברכים דחסידי לאיעוו ירושלים (ע""ר)",True
580344364,"הקרן לפיתוח בקעת הירדן (ע""ר)",True
580067163,"ישיבת ריבייש ורשב""ץ אשדוד (ע""ר)",True
580259661,"קרן רמלה לחינוך תרבות ופיתוח - עמותה ציבורית (ע""ר)",True
580103034,"""הדקל"" מרכז צדקה וחסד",True
580379543,"תלמוד תורה כנגד כולם (ע""ר)",True
580358331,"ארגון המהנדסים והעובדים המקצועיים בחברת החשמל (ע""ר)",True
580296036,"איגוד המהנדסים לבניה ולתשתיות בישראל (ע""ר)",True
580342095,"גמ""ח עטרת יהודה, גן יבנה (ע""ר)",True
580126357,"מרכז תורני לאומי ע""ש מרן יוסף קארו צפת (ע""ר)",True
580032829,"מפעלי בני ברית בירושלים (ע""ר)",False
580180636,"המכון הישראלי לדמוקרטיה (ע""ר)",True
580294684,"בית מדרש ""שערי תורה"" ירושלים (ע""ר)",True
580390557,"חבל נביאים (ע""ר)",True
580358299,"עמותה לקידום מקצועי של עובדי המוסדות החקלאיים והפנימיתיים (ע""ר)",True
580001303,"מועדון המרגנית-רמת גן (ע""ר)",False
580032399,"בית כנסת אחים עולי תימן רעננה (ע""ר)",True
580061604,"קרן לשמירת הטבע והמורשת (ע""ר)",True
580369692,"אהבת ישראל, ביתר (ע""ר)",False
580211472,"אחיה - המרכז הרב תחומי להצלחת הילד (ע""ר)",True
580131423,"בית חב""ד יבנה שע""י צעירי אגודת חב""ד (ע""ר)",True
580127355,"פרי הארץ - טבריא (ע""ר)",True
580348100,"אוהל מרדכי - ע""ש מרדכי ז'ילבר עשור ז""ל נכדו של הרה""ג כמוה""ר סודי פרג' חלימי זצ""ל (ע""ר)",False
580002657,"בית ספר תיכון עירוני כל ישראל חברים בחיפה (ע""ר)",False
580365856,"ברכת יוסף תורה (ע""ר)",True
580321990,"ת""ת עץ חיים - רחובות (ע""ר)",True
580147783,"עמותת סקי המים בישראל (ע""ר)",True
580009215,ישיבת מרבה חיים - משכן יוסף (ע''ר),True
580206134,"""פאר יוסף"" נוה יעקב ע""ש מר""ן רבי יוסף קארו זצוק""ל",True
580007656,"האיגוד הישראלי לצניחה חופשית (ע""ר)",True
580374395,"עמותת מדרשת שילת - אלוני שילה (ע""ר)",True
580255313,"חזון מאיר ובית ישראל (ע""ר)",True
580227544,"רחלים (ע""ר)",True
580003911,"מרכז ליהדות בית חב""ד (ע""ר)",True
580266690,"יד עזר - לעזרת קשישים נזקקים, בזכרון יעקב (ע""ר)",True
580365195,"א.ה.ב.ה. אנגלית הנלמדת בשיטה הטבעית (ע""ר)",True
580339653,"משכן התלמוד (ע""ר)",True
580361749,"קטרת תמיד (ע""ר)",True
580191104,"רינת אשר (ע""ר)",False
580240182,"מרכז תורני להרבצת תורה ומוסר (ע""ר)",True
580036168,"האגודה לשיפור הלמידה ע""ש מקס ומימי פרנקל (ע""ר)",True
580377083,"מרכז תורני רוחני - תל ציון (ע""ר)",True
580308930,"תנועת המכבי הצעיר (ע""ר)",True
580041358,"ארגון קהילות יהודי צפון אפריקה בירושלים, לשעבר ועד העדה המערבית (ע""ר)",True
580269355,"משנת אליהו - רכסים (ע""ר)",True
580216588,"מרכז תרבות נוער וספורט (מתנ""ס) חבל יבנה (ע""ר)",False
580378966,"גמ""ח ""חסד בלוד"" ע""ש שושנה-פרומה ושמואל חיים (ע""ר)",True
580056455,"אלי""ע - ארגון לקידום ילדים עם עוורון או לקות ראיה (ע""ר)",True
580258390,"שלהבת (ע""ר)",True
580454445,"עמותת בית הכנסת מזל אריה - ירושלים (ע""ר)",True
580233252,"המכללה האקדמית של תל-אביב-יפו (ע""ר)",True
580156974,"עמותת בשדמ""ה - קרית דוד רחובות (ע""ר)",True
580002095,"בית הכנסת ""היכל משה"" ע""ש משה מגן דוד ז""ל מייסד אגודת הספרדים ובונה בית הכנסת (ע""ר)",True
580117521,"המזגגה (ע""ר)",True
580084382,"בית הכנסת בית יוסף אור שרג""א לעדת אפגניסטן ברמת גן (ע""ר)",False
580036572,"מוסדות אור יום טוב (ע""ר)",True
580270007,"אגודת חסידי ספינקא בארץ ישראל מיסודו של כ""ק מרן האדמו""ר ר' יעקב יוסף (ע""ר)",True
580321685,"מהפך (ע""ר)",False
580018570,"בי""כ ישורון אשדוד (ע""ר)",True
580303477,"מוסדות שמחת הצדיק (ע""ר)",True
580317311,"מעלות גני הדר (ע""ר)",True
580379444,"אור התורה והחסד בית שמש (ע""ר)",True
580335750,"שורשים לדורות (ע""ר)",True
580023281,"מוסדות ללוב בארץ הקודש (ע""ר)",True
580006310,"מוזיאון בר דוד לאומנות ויודאיקה  (ע""ר)",True
580242394,"ע.מ.י.ת. - עמותה לשימור מורשת יהודי תוניסיה (ע""ר)",True
580061372,"""להב"" למען הקשיש בגבעתיים (ע""ר)",True
580112399,"מסילה בערבה (ע""ר)",True
580125003,"תהילת ציון (ע""ר)",True
580176147,"קוסוב - מרכז לתורה ולתפילה בצפת  (ע""ר)",False
580004992,"מוסדות ""באר אברהם"" דחסידי סלאנים (ע""ר)",True
580007813,"קרן לקידום ולפיתוח מוסדות עליית הנוער הדתיים (ע""ר)",False
580276822,"נאדי אלמחבה - אעבלין (ע""ר)",True
580078186,"""יבנה עולמי"" ארגון עולמי לסטודנטים דתיים ובני ישיבות (ע""ר)",True
580342426,"קרן לקידום החינוך התרבות והספורט ביבנה (ע""ר)",True
580295129,"כנות - (ע""ר)",True
580385268,"היכל יוסף רמת בית שמש (ע""ר)",False
580297604,"בית חב""ד מודיעין שעל ידי צעירי אגודת חב""ד - המרכז (ע""ר)",True
580024891,"קרית חנוך שעלבים (ע""ר)",True
580347425,"העמותה לקשרי ספורט וחברה למניעת אלימות דלית אל כרמל (ע""ר)",True
580007227,"ניל""ה- נשות יהלומנים למען התנדבות (ע""ר)",True
580043081,"גמילות חסדים הכללי דחסידי בעלזא (אחיעזר ואחיסמך) שע""י קהל מחזיקי הדת באר""י (ע""ר)",False
580320745,"אדר יהודה ע""ש מעפילי אגוז (ע""ר)",True
580111334,"מוסדות עופל בת ציון (ע""ר)",True
580216034,"מוסדות חינוך חב""ד רשת גני חמ""ש ע""ש הרבנית חי-ה מושקה, באר-שבע (ע""ר)",True
580346641,"יסודות התורה ע""ש שמואל יעקב (ע""ר)",True
580069342,"סביון - העמותה למען האזרח הותיק - כ""ס (ע""ר)",True
580036929,"תלמוד תורה וישיבה דחסידי גור ירושלים (ע""ר)",True
580303766,"בית כנסת ע""ש הרב שמעון חזוט בגבעת הפרחים (ע""ר)",False
580358919,"קהילת השמשוני - מודיעין (ע""ר)",False
580231348,"בית כנסת סוסיא (ע""ר)",True
580104222,"כולל חשן משפט - מכון גבוה להכשרת אברכים לדיינות (ע""ר)",True
580030385,"מעון הורים בתי מחסה לקשישים כולל שומרי החומות (ע""ר)",True
580119535,"העמותה למען הקשיש בראש העין (ע""ר)",True
580024560,"אריאל מפעלי תורה יהדות וחברה בישראל (ע""ר)",True
580360329,"ארגון רוקחי שירותי בריאות כללית (ע""ר)",True
580152361,"עמותת יד ניסים ועזר יעקב (ע""ר)",True
580014322,"שיח סוד- מרכז חינוכי שיקומי לבעלי צרכים מיוחדים (ע""ר)",True
580006104,"קשת - האגודה למען הקשיש בתל-אביב-יפו (ע""ר)",True
580029262,"מוסדות שומרי אמונים בני ברק (ע""ר)",True
580078087,"שוחרי ""גיל""ת"" (ע""ר)",True
580044899,"ישיבת באר יעקב (ע""ר)",True
580048718,"גמ""ח לבני תורה ""בני חמד""  (ע""ר)",False
580327559,"עמותת עין-גיחון (ע""ר)",True
580010064,"מתנ""ס רכסים (ע""ר)",True
580076446,"מפעל חסד-תורה ירושלים ת""ו (ע""ר)",True
580070639,"מוסדות חינוך ישיבת בני עקיבא כפר הרא""ה  (ע""ר)",True
580091072,"איל אגודה ישראלית לאפילפסיה (ע""ר)",True
580316669,"ישיבת איילת השחר - אילת (ע""ר)",True
580243806,"קרן מנדל - ישראל (ע""ר)",False
580316065,"העמותה לקידום הספורט חשמונאים, מטה בנימין (ע""ר)",True
580048817,"קול ברמה (ע""ר)",True
580099117,"""סל""ה"" - סמינר ללמודי היהדות (ע""ר)",True
580011724,"בית הכנסת עץ יוסף - על שם יוסף ודוולת ששוני (ע""ר)",True
580148914,"אגודת בית הכנסת בגבעת המבתר ירושלים (ע""ר)",True
580150829,"בית כנסת אור מאיר בפתח תקוה  (ע""ר)",True
580342822,"מועדון כדורסל ""בנות אשדוד"" (ע""ר)",True
580333284,"בית כנסת ""משכן אור"" ע""ש אור ברנדס הי""ד שוהם (ע""ר)",True
580175545,"קו לעובד (ע""ר)",True
580302784,"אגודת ידידי מרכז רפואי זבולון (ע""ר)",True
580058311,"נזר ישראל מוסדות תורה חינוך וחסד (ע""ר)",True
580125045,"בית הכנסת הראל ע""ש אמיתי הראל ז""ל  (ע""ר)",True
580364917,"עמותת עולי הודו אילת - סיאטאר (ע""ר)",True
580383834,"תנועת הצופים הערבים בישראל (ע""ר)",True
580379246,"עמותת בהשקט ובבטחה - ידידי ובוגרי הפנימיות הצבאיות חיפה ותל-אביב (ע""ר)",True
580016384,"המועדון הישראלי לפודל (ע""ר)",True
580184554,"ראש אמנה (ע""ר)",True
580280907,"מועדון טניס שולחן הפועל כפר סבא  (ע""ר)",True
580287332,"דגל דוד (ע""ר)",False
580359826,"מועדון השגי מכבי בני הנגב באר שבע (ע""ר)",True
580382802,"מעלות חברון - פתח תקוה (ע""ר)",True
580048288,"האגודה הבינלאומית למדיטציה בישראל (ע""ר)",False
580181113,"ארגון הקבלנים והבונים מחוז השרון והשומרון (ע""ר)",True
580076198,"בית הכנסת שערי צדק ע""ש מנשה ושרה זרגרוף (ע""ר)",True
580363364,"עמותה ישראלית לאומנויות האופרה (ע""ר)",False
580241230,"מרכז תורני יגדיל תורה ע""ש רבנו יעקב רקח זצוק""ל ורבנו כלפו גיעאן זצוק""ל  (ע""ר)",True
580150696,"היכל שלמה ויעקב בשכונת גילה בעיר ירושלים ת""ו (ע""ר)",True
580118362,"בית כנסת נחלת שמעון  (ע""ר)",False
580019891,"מוסדות טשערנאביל (ע""ר)",True
580051654,"בית הכנסת ובית המדרש קול ""יהודא"" רחובות  (ע""ר)",True
580202687,"מועדון טניס - מכבי נתניה (ע""ר)",True
580119162,"מועדון ספורט אורנית (ע""ר)",False
580353159,"עטרת אסתר (ע""ר)",True
580134831,"ק.מ.י. - העמותה לקרב מגן ישראלי - מיסודו של אלי אביקזר (ע""ר)",True
580089274,"אהבת נפתלי על שם הרב נפתלי צבי יהודה בר אילן זצ""ל רחובות  (ע""ר)",True
580014645,"המרכז הממלכתי להנצחה, מורשת ומחקרי מודיעין (ער)  (ע""ר)",True
580344570,"אלמעהד אלמוסיקי - אעבלין (ע""ר)",True
580210375,"מכון הערבה ללימודי הסביבה (ע""ר)",True
580266492,"יפתח - היחידה לפתוח כלכלי - אור עקיבא (ע""ר)",True
580082824,"המרכז לתיאטרון של עכו (ע""ר)",True
580271666,"הדר אסתר ע""ש הרבנית אסתר וינקלר ע""ה (ע""ר)",True
580200004,"בית כנסת שבט הלוי של תלמידי ישיבת חכמי לובלין ירושלים (ע""ר)",False
580099042,"אגודת בית המדרש ""יחווה דעת"" - מרכז עולמי לתורה ולתפילה (ע""ר)",True
580109890,"בחצרות ד' (ע""ר)",True
580092997,"""אור לעציון"" - ידידי ישיבת אור-עציון - תיכונית (ע""ר)",True
580143964,"דור ההמשך  בבית וגן (ע""ר)",True
580014603,"פועלים בקהילה {ע""ר}",True
580163152,"שיח שמחה (ע""ר)",True
580224012,"ארגון עובדים מדעיים במכון ויצמן למדע (ע""ר)",False
580368868,"לאורו נלך (ע""ר)",True
580318244,"בית יעקב חסידי בביתר עלית (ע""ר)",True
580144665,"אגודת קרית מלך רב (ע""ר)",True
580148120,"מרכז לקידום למידה - חיפה (ע""ר)",True
580005817,"ההתאחדות הישראלית לכדורת הדשא THE LAWN BOWLS ASSOCIATION OF ISRAEL (ע""ר)",True
580088052,"בתי אבות תפארת בנים מיסודה של הסתדרות הפועל המזרחי בארץ ישראל (ע""ר)",False
580021103,"חברת מושב זקנים (בית אבות) תל אביב (ע""ר)",True
580050409,"עמותה למען מוזיאון הרצליה  (ע""ר)",True
580206399,"נר דוד אבי, אשקלון (ע""ר)",True
580300614,"תיאטרון ""מלנקי"" (ע""ר) (MALENKY THEATRE (REGISTERED AMUTA",True
580028686,"ישיבת אמשינוב שם עולם (ע""ר)",True
580018778,"הסמינר למורות ובי""ס מקצועי בית רבקה כפר חבד ב' (ע""ר)",True
580374932,"ישיבת לב התורה (ע""ר)",True
580350312,"קול אליהו בית הכנסת הספרדי המרכזי של צעירי הציונות הדתית באלעד (ע""ר)",True
580071801,"""עמודי-אור""  (ע""ר)",True
580307353,"בית הכנסת הספרדי שערי ירושלים ראשון לציון (ע""ר)",True
580037760,"עמותת הסינפונייטה הישראלית באר שבע (ע""ר)",True
580019677,"מאורות בית מדרש גבוה לתורה  (ע""ר)",True
580265601,"נר יוסף (ע""ר)",True
580238624,"פרסומי המזרח התיכון MIDDLE EAST PUBLICATIONS (ע""ר)",True
580236115,"מקדש אליהו, רמת דניה (ע""ר)",True
580197150,"בית""ר מיכה ראשל""צ (ע""ר)",True
580353597,"משיב הרוח- לתרבות יהודית ישראלית (ע""ר)",True
580357390,"עמותת ידידי ביה""ס ליפתא (ע""ר)",True
580132066,"חכמי דורות (ע""ר)",True
580124998,"מוסדות אוצרות חיים ע""ש רבי חיים פינטו זצוק""ל (ע""ר)",True
580293454,"תזמורת האופרה הקאמרית (ע""ר)",True
580084077,"הפרס לספרות צבאית ע""ש האלוף יצחק שדה (ע""ר)",True
580195626,"מועדון הכרמל טניס, חיפה (ע""ר)",True
580171908,"קרן לבית כנסת - קשת (ע""ר)",True
580004950,"המועצה הישראלית להתנדבות (ע""ר)",True
580048494,"טל-ניר (ע""ר)",True
580039949,"מורשת מנחם (ע""ר)",True
580220184,"עמותת מוסדות צמח צדיק אשדוד (ע""ר)",True
580068666,"מרכז תולדות ארה""ק (ע""ר)",True
580111813,"צעירי אגודת חב""ד - ירושלים ת""ו (ע""ר)",False
580009694,"נאמני מועדון רוטרי כפר סבא (ע""ר)",True
580189140,"דולה ומשקה (ע""ר)",True
580034072,"האגודה לסוכרת סוג 1 בישראל  (ע""ר)",True
580343804,"אחווה ותהילה, עמותה לרווחת העולה (ע""ר)",True
580177442,"בית חב""ד מטולה שע""י צעירי אגודת חב""ד  (ע""ר)",True
580142214,"רופאים לזכויות אדם - ישראל  (ע""ר)",True
580470755,"ארגון בנין עולם-רחובות  (ע""ר)",True
580142891,"מוסדות בית אבא יעקב (ע""ר)",True
580371250,"עמותת צעירי הנגב - רהט (ע""ר)",True
580038057,"גן הילד חיפה, אגודה לניהול גן משחקים לילדים מוגבלים - גמל""ם (ע""ר)",True
580254258,"מסדר דורשי טוב (ע""ר)",True
580253649,"בית המדרש ועד טוב (ע""ר)",True
580237709,"""אגודת יהודי אתיופיה"" (ע""ר)",True
580081834,"אסיטז' - המרכז הישראלי  (ע""ר)",True
580350668,"קהילת החושן (ע""ר)",True
580105286,"מדרשת הארץ ומצוותיה (ע""ר)",False
580150308,"בית כנסת תפארת ישראל מזכרת בתיה (ע""ר)",True
580154102,"בית הכנסת הגדול נוה יהושע רמת - גן (ע""ר)",True
580337848,"לחשוב ערכים (ע""ר)",False
580049880,"מכון שלמה - היידן תורה אינסטיטיוט (ע""ר)",True
580021731,"רעות - שרות נשים סוציאלי (ע""ר)",True
580052983,"התאחדות בולאי ישראל (ע""ר)",True
580314847,"לפיד - אפיקי דעת, שדרות (ע""ר)",True
580042950,"אגודת ""חיים וחסד"" ירושלים. (ע""ר)",True
580372878,"מוסדות התורה והחסד עטרת משה ומרים (ע""ר)",True
580165686,"קהילת נתן-יה (ע""ר)",True
580377356,"איגוד הסמבו בישראל (ע""ר)",True
580016921,"מילב - מועדוני הגימלאים בחיפה (ע""ר)",True
580023497,"ארגון הספורט של החרשים בישראל (ע""ר)",True
580058006,"מפעל תורה ודעת רשת שעורי תורה ומפעלי חינוך לנוער  (ע""ר)",True
580070951,"הועד הכללי לעדת היזדים (עולי פרס) בישראל (ע""ר)",True
580031649,"ארגון נשי ובנות חב""ד באה""ק (ע""ר)",True
580295251,"העמותה לקידום הספורט ביהוד (ע""ר)",True
580199750,"בית הכנסת לעדות ספרד צעירים, אהל יעקב ולאה, כפר סבא (ע""ר)",True
580244275,"איגוד הכדורמים בישראל (ע""ר)",True
580308047,"בית הכנסת המרכזי - גבעת משואה ירושלים (ע""ר)",True
580002517,"ההתאחדות לספורט בישראל (ע""ר)",True
580153211,"אהבת כל ישראל  ירושלים (ע""ר)",True
580018059,"עמותת שירותי רווחה של עובדי חברת דואר ישראל (ע""ר)",False
580106276,"מרכז חינוכי תשב""ר זכרון מאיר  (ע""ר)",False
580090025,"בית מדרש לדיינים בת-ים (ע""ר)",True
580038990,"ישיבת הגר""א (ישיבת כולל אברכים  חיפה) (ע""ר)",True
580034924,"אקים ישראל הארגון הארצי לאנשים עם מוגבלות שכלית ולמשפחותיהם (ע""ר)",True
580174241,"בית מדרש ובא לציון גואל (ע""ר)",True
580386571,"חננו (ע""ר)",True
515905180,"עבודה שווה בע""מ (חל""צ)",True
580020824,"בית אולפנה ללימודי היהדות (כולל) הרצליה (ע""ר)",True
580118347,"תפארת ישראל לעדה הבבלית  (ע""ר)",True
580055853,"האגודה למען העוור בגדרה (ע""ר)",True
580006443,"מוסדות הפקדתי שומרים (ע""ר)",True
580219251,"בית כנסת ""אוהל חיים"" פתח תקוה (ע""ר)",True
580375608,"המרכז החסידי לתורה וחסד ""זיו התורה"" בני ברק (ע""ר)",True
580049856,"מוסד הבית הנוצרי - חיפה (ע""ר)",True
580312973,"שלהבת - שלוב נכים בסביבה תומכת (ע""ר)",True
580063295,"חברת לינת הצדק בית דינה חיפה (ע""ר)",True
580160133,"מכבי ראשל""צ - כדורסל (ע""ר)",True
580017671,"תלמוד תורה אמת ואמונה סלונים, בני-ברק (ע""ר)",True
580065621,"ארגון הגימלאים של עירית נתניה (ע""ר)",True
580387389,"כולל מערת המכפלה (ע""ר)",False
580318814,"קרן מחקרים רפואיים, פיתוח תשתית ושרותי בריאות - ליד הבירה ירושלים (ע""ר)",True
580112282,"ג'מעיית אלאחסאן - מועאוייה  (ע""ר)",True
580040061,"מוזיאון יד מרדכי (ע""ר)",True
580273233,"בית כנסת נוה-תורה (ע""ר)",True
580160984,"מוסדות ירים משה (ע""ר)",True
580020535,"האגודה הארץ ישראלית לטובת כבדי שמיעה (ע""ר)",True
580070076,"מכון אמונה ודעת (ע""ר)",True
580341626,"אור שלום ברמה (ע""ר)",True
580363869,"נחלת יעקב, רעננה (ע""ר)",True
580016988,"החברה לחקירת ארץ ישראל ועתיקותיה (ע""ר)",True
580068914,"ישיבת אטיניא טל חיים ונפש ישי בית יוסף אריה ומינקה פלדמן (ע""ר)",True
580079747,"קהילת אשכנז הר-נוף (ע""ר)",False
580083079,"""עילם"" - עמותה ישראלית לזכויות מוסיקאים מבצעים",True
580156073,"מגדל חסד  (ע""ר)",True
580003705,"עמותת אומנות ותרבות בגני תקוה (ע""ר)",True
580006864,"רשת שעורי תורה - מעיינה של תורה (ע""ר)",True
580308427,"העמותה לקידום השייט בנהריה - הימיה (ע""ר)",True
580385680,"משמרת איתמר (ע""ר)",False
580235232,"מ.ט.י. רעננה (ע""ר)",True
580384055,"צח""י - צעירים חושבים יהדות (ע""ר)",True
580014124,"ליגה למלחמה בשחפת ובמחלות ריאה בישראל סניף ירושלים (ע""ר)",True
580028025,"אגודת מוסדות צאנז ירושלים  (ע""ר)",True
580316834,"יש- ילדים ויתומים ניצולי שואה בישראל (ע""ר)",False
580047090,"אגודת בית הכנסת הגדול הראשון היכל יעקב - בת-ים (ע""ר)",True
580018935,"מוסדות ויזניץ אמרי חיים (ע""ר)",True
580206613,"עמותת לג'נת זקאת אלקודס אלמרכזייה (ע""ר)",False
580034809,"זכר יעקב ישיבת כולל אהל יעקב (ע""ר)",True
580082568,"מרכז דאיה נגב  (ע""ר)",True
580029148,"מרכז עדן תמיר למוסיקה, עין כרם, ירושלים (ע""ר)",True
580384857,"עמותת חברה קדישא גחש""א כרכור (ע""ר)",True
580214294,"בלב אחד ירוחם (ע""ר)",True
580052033,"הקונגרס היהודי העולמי (ישראל) (ע""ר)",True
580053981,"מלב""י - מרכזים לאבזרי בית יד שניה (ע""ר)",True
580320372,"מרכז כתר תורה-רארומסק,ירושלים    ע""ר)",True
580376044,"""דרכי אמונה"" ע""ש מנחם בן חיים עוזרי ז""ל וע""ש רחמים בן יחזקאל יוספי ז""ל (ע""ר)",True
580349751,"החוויה היהודית (ע""ר)",False
580097400,"בית הכנסת ""תורת חיים"" הר-נוף ירושלים (ע""ר)",True
580013159,"כולל משכיל לדוד ע""ש האדמור ר דוד אבוחצירא זצק""ל (ע""ר)",True
580248037,"מיתר - עמותה לחינוך דיאלוגי (ע""ר)",True
580366482,"עמותת תהילת מלכה (ע""ר)",True
580040376,"מועדון ריצה הסוללים ירושלים (ע""ר)",True
580010197,"זיכרון שאלוניקי ע''ש ליאון יהודה רקנאטי (ע""ר)",False
580067064,"התאחדות עולי רומניה בישראל  (ע""ר)",True
580375921,"הר גריזים - העדה השומרונית (ע""ר)",True
580057784,"התאחדות הסופטבול בישראל (ע""ר)",True
580355717,טבקה - צדק ושוויון ליוצאי אתיופיה (ע''ר),True
580212827,"רשות הספורט רמת גן ע""ר  (ע""ר)",True
580080224,"קבוצת התיאטרון הירושלמי ע""ש בצלאל (ע""ר)",True
580364214,"אלפטאם (ע""ר)",True
580089142,"כולל ""גילת מאיר - פורת יוסף"" (ע""ר)",True
580087369,"באר יהושע בני ברק (ע""ר)",True
580227932,"עמותה לגמילות חסדים ועזרה הדדית כוכב יאיר (ע""ר)",True
580242220,"התאחדות הספורט לבתי-הספר בישראל (ע""ר)",True
580239929,"חסדי מלכיאל (ע""ר)",True
580190619,"ל""ב - להלחם ביחד (ע""ר)",True
580113017,"מאור התורה ב""ב (ע""ר)",True
580138162,"אור הצפון - רכסים, רשת מפעלים תורניים (ע""ר)",True
580377307,"בית הכנסת אור אספהן - ראובן בכורי (ע""ר)",False
580350635,"חסדי רבקה ע""ש הצדקת רבקה בת ר' מרדכי (ע""ר)",True
580508836,"קרבנו לעבודתך (ע""ר)",True
580288090,"מרכז מוסדות ויזניץ -אשדוד (ע""ר)",True
580356137,"קרן בני שמעון לשירות הקהילה (ע""ר)",True
580281426,"""אילת"" - התאחדות ישראלית לספורט תחרותי שאינו אולימפי (ע""ר)",True
580302826,"משאת משואות יצחק (ע""ר)",True
580303865,"נוה הנוער (ע""ר)",True
580332229,"עמותת הנני - קהילות משימתיות של יוצאי אתיופיה (ע""ר)",True
580028827,"עמותת בית הכנסת שבות עם בחולון (ע""ר)",False
580381655,"קרן מלכי - לזכרה של מלכי רוט הי""ד (ע""ר)",True
580110104,"פתח - פתח לכל ילד (ע""ר)",True
580083525,"ישיבת ""נר יצחק"" ע""ש הרה""ג ר' יצחק אבוחצירא זצוק""ל (ע""ר)",True
580032761,"בית מדרש גבוהה לתורה ""באר אברהם"" ירושלים (ע""ר)",True
580040806,"בית הכנסת בית ישראל בימין משה (ע""ר)",True
580326999,"הרחבת המעגלים (ע""ר)",True
580062073,"אשל חב""ד (ע""ר)",True
580038859,"סמינר הקיבוצים- המכללה לחינוך, לטכנולוגיה ולאמנויות (ע""ר)",True
580000198,"מועדון רחובות לספורט תרבות ונופש (ע""ר)",True
580352441,"בית""ר גבעת זאב (ע""ר)",False
580025021,"המכון הישראלי לייצוא ולשיתוף פעולה בין-לאומי (ע""ר)",True
580056745,"אשכולות - פורום מרכזי סיור ותודעה ישראלית (ע""ר)",True
580202356,"""אצ""א"" - ארגון צעירי אלכסנדר (ע""ר)",True
580020253,"עמותת ידידי המרכז הרפואי לגליל (ע""ר)",True
580303071,"משביע לכל חי רצון (ע""ר)",True
580365526,"לדוד שיר ומזמור (ע""ר)",True
516059540,"קשב הלב - תוכניות מיינדפולנס לארגונים בע""מ (חל""צ)",False
580103778,"חוסן - חברה וספורט לנכים (ע""ר)",True
580093102,"אולפנת עפרה (ע""ר)",True
580096097,"""אור זרוע"" המדרשה לבעלי תשובה ע""ש האדמו""ר הצדיק בבא סאלי זיע""א הרצליה (ע""ר)",True
580030674,"האגודה למען העוור אשדוד (ע""ר)",False
580281624,"גמ""ח חסדי יהודה דוד אליהו (ע""ר)",True
580004729,"החברה ההיסטורית הישראלית (ע""ר)",True
580146991,"קרן אגודת יד ימין ירושלים (ע""ר)",True
580340503,"בית הכנסת בוקבינה לזכר קדושי השואה (ע""ר)",False
580303493,"אבני המקום (ע""ר)",True
580193753,"מרום - העמותה העירונית לקידום חוסן קהילתי בירושלים (ע""ר)",True
580008415,"""החברה הגיאולוגית הישראלית"" (ע""ר)",False
580026235,"מרכז הרב עדין אבן ישראל - שטיינזלץ  (ע""ר)",True
580356988,"עמותת הספורט במטה יהודה (ע""ר)",True
580231785,"מ.ט.י.- גליל מערבי - מרכז לטיפוח יזמות מ.ג.מ.  (ע""ר)",True
580253128,"שלום שלום לרחוק ולקרוב (ע""ר)",True
580315935,"""מיטב לקידום תרבות הספורט - בת - ים"" (ע""ר)",True
580006575,"סדנאות האמנים (ע""ר)",True
580158533,"קרן אשקלון (ע""ר)",True
580279487,"הספריה החסידית ביתר (ע""ר)",False
580118420,"א.מ.י. - אגודת אמני ישראל (ע""ר)",True
580358281,"עמותת בני חורין - נריה (ע""ר)",True
580266047,"מוסדות ישיבת הב""ח - ירושלים (ע""ר)",True
580094191,"ארגון המהנדסים והאדריכלים העצמאיים בישראל (ע""ר)",False
580081594,"שווים- עמותה לשיקום תעסוקתי (ע""ר)",True
580026383,"מדרש ספרדי (ע""ר)",True
580029742,"או""ר - אזרחים ותיקי ר""ג (ע""ר)",True
580164879,"למד דעת-על שם הגאון הרב משה דוד בקשט זצ""ל (ע""ר)",True
580168524,"עמותת מוסדות חינוך מאר אליאס - אעבלין (ע""ר)",True
580350957,"אי.סי.יו. - ארגון לתרבות בינלאומית (ע""ר) (.I.C.U - INTERNATIONAL  CULTURAL UNION (R.A",True
580050177,"קרן חזן (ע""ש הרב אברהם ורוחמה חזן) (ע""ר)",True
580213916,"מדרשת נצרים (ע""ר)",True
580174027,"אחדות עמנו (ע""ר)",True
580115558,"תלמוד תורה ""מחזיקי הדת"" אשדוד (ע""ר)",True
580354736,"בני יוסף - אשדוד (ע""ר)",True
580098853,"הסתדרות הפסיכולוגים בישראל (ע""ר)",True
580362366,"בדרכי יואב - אתגרים (ע""ר)",True
580387439,"עמותת הבנקים והמוסדות הפיננסים הזרים בישראל (ע""ר)",False
580314581,"הפועל מופת בת-ים (ע""ר)",True
580087500,"בית כנסת - ""עזרת ישראל"" (ע""ר)",True
580157428,"מרכז חינוכי בני בינה חשמונאים (ע""ר)",True
580324176,"בית חב""ד קרית עקרון שע""י צעירי אגודת חב""ד (ע""ר)",True
580328078,"בצל היהדות (ע""ר)",False
580331189,"מרכז הפעו""ט (ע""ר)",True
580195949,"מכינה קדם צבאית ישיבתית - בית-יתיר (ע""ר)",True
580224509,"עמותה למינהל קהילתי ולפיתוח בית חנינא  (ע""ר)",True
580073344,"עמותה ישראלית לאוקיאנוגרפיה  (ע""ר)  THE ISRAEL ASSOCIATION FOR OCEANOGRAPHY (R.A.)",False
580088276,"בית הכנסת המרכזי - אפרת  (ע""ר)",True
580352854,"צדקת אבות (ע""ר)",True
580244747,"""א-קפלה - אנסמבל קולי ירושלים""",True
580009363,"""אפרת"" - אגודה למתן יעוץ וסיוע לנשים הרות במצוקה (ע""ר)",True
580203552,"ישיבת שדמות נריה (ע""ר)",True
580372605,"אור חדש - אופקים חדשים בחוויה היהודית (ע""ר)",True
580147338,"המרכז הקהילתי - מתנ""ס אלקנה (ע""ר)",True
580012789,"עמותת ""דנטי אליגיירי"" בישראל (חוג ירושלים) (ע""ר)",False
580116614,"קרן הרמב""ם הבינלאומי לישראל (ע""ר)",True
580141653,"איקומוס-ישראל - המועצה הישראלית של איקומוס  (ע""ר)  IC0MOS-ISRAEL - ISRAEL NATIONAL COMMITEE 0F ICOMOS (R.A.)",True
580303469,"על התפר (ע""ר) (.ON THE SEAM ASSOCIATION (R.A",True
580280899,"מועדון הקליעה הפועל כפר-סבא (ע""ר)",True
580266401,"מוסדות תורה ע""ש רמ""א פריינד - בית שמש  (ע""ר)",True
580136331,"בית הכנסת המרכזי גבעת שאול, ירושלים  (ע""ר)",True
580171494,"עמותת מעומק הלב - קרית טבעון (ע""ר)",True
580354546,"העמותה לקידום הספורט בנצר-סרני (ע""ר)",True
580039543,"מעונות ילדים בישראל קרית הילד ירושלים (ע""ר)",True
580047165,"איגוד ספורטיבי דתי ""אליצור"" - המרכז (ע""ר)",True
580327765,"עבודת יששכר (ע""ר)",True
580333060,"המרכז לתורה תפילה וחסד ממזרח - שמש (ע""ר)",True
580390136,"ישמח צדיק - קהילת ברסלב בגליל (ע""ר)",True
580183978,"מוסדות מדרש דוד בירושלים (ע""ר)",True
580177517,"בית חינוך לבנות באידיש (ע""ר)",True
580014348,"עמותת בוגרי בנק לאומי (ע""ר)",False
580231645,"עמותה למורשת משה שרת (ע""ר)",True
580030260,"המרכז  לספריות וספרות בישראל (ע""ר)",True
580259620,"עמותת הטכנודע - מדעת, מרכז לחינוך טכנולוגי ומדעי (ע""ר)",True
580064855,"קרן שלם לפיתוח שירותים לאנשים עם מוגבלויות ברשויות המקומיות (ע""ר)",True
580363471,"בני הישיבות - רמת אשכול, ירושלים (ע""ר)",True
580377232,"מפעל חסד המרכזי ""יד תומך"" (ע""ר)",True
580312247,"עדאלה - המרכז המשפטי לזכויות המיעוט הערבי בישראל (ע""ר)",True
580046613,"על""ה- העמותה למען האזרח הוותיק בקרית- אונו (ע""ר)",True
580209302,"חיילי בית דוד - מרכז להפצת יהדות (ע""ר)",True
580019800,"אנוש - העמותה הישראלית לבריאות הנפש (ע""ר)",True
580169597,"מעלות ישראל, בני ברק",True
580363885,"הצלה יו''ש - ללא גבולות (ע""ר)",True
580147395,"לב אבות - מורשת איש מצליח (ע""ר)",True
580060093,"תלמוד תורה וישיבת ""שפתי כהן""",True
580015451,"קרן מלגות י-ם התאחדות עולי אמריקה וקנדה בישראל (ע""ר)",True
580149557,"מח""ר - מדרשה חפשית רב   לאומית (ע""ר)",True
580375855,"מרכז תורני ""קרית אחיעזר"" - אלעד (ע""ר)",True
580351583,"עמותת אלכתאב - לחינוך ותרבות (ע""ר)",True
580383107,"מכון להפצת משפט התורה (ע""ר)",True
580246353,"עמותת מרכז קהילתי טובא - זנגריה (ע""ר)",False
580034684,"למען דעת (ע""ר)",True
580204188,"בית כנסת קבע - דולב (ע""ר)",True
580033934,"העמותה האסלאמית ""כבול""  (ע""ר)",False
580370898,"עמותת בית האמנויות וחינוך בעמק יזרעאל (ע""ר)",True
580092849,"מכון שערי לימוד - ירושלים (ע""ר)",True
580181261,"תלמוד תורה מוריה (ע""ר)",True
580099729,"בית כנסת ""אור חיים"" ע""ש ר' חיים אמוזיג ז""ל (ע""ר)",True
580350080,"העמותה לקידום הספורט, החינוך וחברה בקדימה- צורן (ע""ר)",True
580228013,"רעות שדרות (ע""ר)",True
580005197,"המרכז הארצי למען טהרת המשפחה בישראל (ע""ר)",True
580107571,"כנסת יצחק חדרה (ע""ר)",True
580117356,"התאחדות משרדי הנסיעות ויועצי התיירות בישראל (ע""ר)",True
580215390,"מרכז למחקר כפרי (ע""ר)",True
580154177,"העמותה לפעילות קהילתית כוכב יאיר (ע""ר)",True
580152338,"הועד למען מוסדות החנוך העצמאי - חורב ר""ג (ע""ר)",True
580356574,"עמותת חאג' עיסא ג'ועבה (ע""ר)",True
580309896,"עמותת על - עמותה לקידום תוכניות ייחודיות לנוער בקהילה בנגב (ע""ר)",True
580337095,"תפארת החיים - אשדוד (ע""ר)",True
580339752,"ארפאד (ע""ר)",True
580137305,"חמד""ע - מרכז לחינוך מדעי, תל-אביב יפו (ע""ר)",True
580066561,"ארגון יוצאי דמשק (סוריה) בישראל (ע""ר)",True
580272557,"בית מדרש להשתלמות בהלכה - ביתר עלית (ע""ר)",True
580151140,"משגב לקשיש - עמותה לסיעוד, חסד ורווחה (ע""ר)",True
580026805,"מרכז בית יעקב בארץ ישראל (ע""ר)",True
580385334,"בית-נריה קהילה תורנית לאומית נהריה (ע""ר)",True
580255842,"הפועל טבעון טניס  (ע""ר)",True
580354512,"משען למרפא מרכז עזר ועידוד לילד המוגבל (ע""ר)",True
580390516,"איאת - עמותה לקידום ילדים בעלי צרכים מיוחדים (ע""ר)",True
580098242,"בית כנסת ע""ש הצדיק האדמו""ר רבי שלום אביחצירא זצוק""ל בגבעת-שרת בית-שמש  (ע""ר)",False
580176808,"דרכי הוראה לרבנים (ע""ר)",True
580022705,"בית הכנסת לצעירים בבית בלומה (ע""ר)",False
580338382,"נצח יהודה (ע""ר)",True
580347326,"אגודת תנועה ורוח לפעילות מבריאה (ע""ר)",True
580256683,"עמותת התזמורת הסימפונית ראשון לציון (ע""ר)",True
580033587,"העמותה למען הקשיש בית שמש (ע""ר)",True
580291425,"עזר מודיעין (ע""ר)",True
580037661,"מועדון חיפה לכדורת הדשא (ע""ר)",True
580249647,"עמותת אמת ליעקב חסד לאברהם, בית שאן (ע""ר)",True
580377794,"בית""ר אשדוד - עמותה לקידום ופיתוח הכדורסל בעיר (ע""ר)",True
580371102,"מוסדות שערי שלום (ע""ר)",True
580346138,פנאי העיר חדרה (ע''ר),True
580189553,"בית הכנסת- ""היכל מרדכי""- הרצליה פיתוח (ע""ר)",True
580014439,"חוג ידידי המדרשיה בישראל (ע""ר)",True
580058147,"קרן על שם יוסי זייתוני ז""ל (ע""ר)",True
580021483,"מרכז שיבננדה ליוגה וודנטה (ע""ר)",False
580105823,"הקרן לעידוד הסרט הישראלי (ע""ר)",False
580207249,מרכז קהילתי עזרת ישראל (ע''ר),True
580179943,"כרמלים - תיירות 90 (ע""ר)",True
580039162,"מוזיאון החאן חדרה (ע""ר)",True
580270684,"מרכז תורני לבוש מלכות (ע""ר)",True
580351799,"פני הגליל (ע""ר)",False
580301349,"בית מדרש טהרות (ע""ר)",False
580377059,"אגודת כדוריד ראשון לציון (ע""ר)",True
580019693,"היכל התלמוד  בית מדרש גבוה לתורה (ע""ר)",True
580146371,"מכון אלמנבר לתרבות (ע""ר)",True
580275527,"מוסדות כנסת שלמה (ע""ר)",True
580370021,"היכל אוהבי תורתך (ע""ר)",True
580311959,"עולים ועומדים (ע""ר)",True
580134088,"מרכז ערד להכרת היהדות (ע""ר)",True
580006823,"אגודת צבע (ע""ר)",True
580217941,"בית הכנסת הספרדי הר המוריה בראשל""צ (ע""ר)",True
580375483,"תקוה ומרפא (ע""ר)",True
580272128,"הפועל - מועדון הקליעה גבעת נשר (ע""ר)",True
580048890,"תלמוד תורה ""מסורת אבות- פני מנחם"" בני ברק (ע""ר)",True
580136109,"בית חב""ד מגדל שע""י צעירי אגודת חב""ד (ע""ר)",True
580092609,"איגוד הבמאיות והבמאים (ע""ר)",True
580169332,"אור חדש מרכז לקשיש ולנזקק ראשון לציון (ע""ר)",True
580292282,"שדה צופים ע""ש מוהר""ן מברסלב (ע""ר)",True
580373496,"מקום טוב (ע""ר)",True
580038297,"חוג ידידי האולפנא לבנות בראשות הרב בהר""ן (ע""ר)",False
580035848,"מוסדות חינוך ותרבות של ברית התנועה הקיבוצית (ע""ר)",True
580337749,"ברכת התורה בשומרון (ע""ר)",True
580180883,"עתיד במידבר (ע""ר)",True
580368454,"בית הכנסת ""ארזי הלבנון"" פתח תקוה (ע""ר)",False
580054914,"""ישיבת בית הכנסת מנחת יהודה"" ע""ש ח""ר יהודה משה פתייה זצ""ל  (ע""ר)",True
580151926,"עמותה לקידום אמנות החינוך לאור מישנתו החינוכית של רודולף שטיינר (ע""ר)",True
580007201,"י.ע.ל אסף הרופא (ע""ר)",True
580270650,"בית כנסת ""אוהל אבות"" פסגת זאב ירושלים (ע""ר)",True
580230845,"מרכז רוחני דרכי ישראל (ע""ר)",True
580264992,"אירגון רוחני למען היהודים ההררים עולי קווקז (ע""ר)",True
580251957,"מועדון טניס גלי השרון כפר סבא (ע""ר)",True
580102713,"העמותה לקידום מקצועי וחברתי של עובדי המינהל והשירותים בשירות המדינה (ע""ר)",True
580159291,"עמותת מרכז אומנויות ע""ש ברר במעלות (ע""ר)",True
580101715,"בית מדרש גבוה לבעלי תשובה - באר מים חיים (ע""ר)",True
580084614,"ישיבת בית חלקיה (ע""ר)",True
580381739,"טללי החיים (ע""ר)",True
580050482,"מוסדות ""מקור ברוך"" מיסודם של חסידי סערט ויזניץ בירושלים  (ע""ר)",True
580036689,"האגודה למען החבר הותיק בעמק חפר (ע""ר)",True
580369759,"עמותת בית הכנסת מול היקב (ע""ר)",True
580233161,"מועדון הכדורגל מכבי צור שלום (ע""ר)",True
580206191,"חברה קדישא של עולי צפון אפריקה וספרדים, חיפה (ע""ר)",False
580057446,"בית כנסת מורשת ישראל טבריה (ע""ר)",False
580292381,"תפארת ברוך (ע""ר)",True
580351591,"אימפקט ס.א המכון למעקב אחר השלום והסובלנות בחינוך בבתי ספר (ע""ר)",True
580026896,"עמותה ספורטיבית הכח חיפה (ע""ר)",True
580168300,"אביב התורה (ע""ר)",True
580317832,"תקות מורשת (ע""ר)",True
580311462,"העמותה לקידום עניני חינוך, תרבות, דת ורווחה - העדה האתיופית נאות גנים נתניה (ע""ר)",True
580360360,"מועדון טניס עפולה (ע""ר)",True
580240661,"אור בדרכי (ע""ר)",True
580386258,"לב ראובן (ע""ר)",True
580061323,"ועד עדת הספרדים ועדות המזרח בירושלים (ע""ר)",True
580305621,"חבצלת הדרום (ע""ר)",True
580058923,"א.ג.א. ארגון גמלאי ""אגד"" (ע""ר)",True
580049369,"ללמוד וללמד לשמור ולעשות נתיבות והסביבה (ע""ר)",True
580128775,"כולל קרלין (ע""ר)",True
580244929,"איגוד ההתעמלות בישראל (ע""ר)",True
580120129,"עטרת ירושלים (ע""ר)",True
580042919,"קהילה ליהדות מתקדמת ""אמת ושלום"" נהריה. (ע""ר)",False
580040962,"חברת מחזיקי תורה - עזר נישואין שע""י קהל מחזיקי הדת (ע""ר)",True
580072080,"המכון היהודי-ערבי של ההסתדרות  (ע""ר)",True
580272920,"מכון אוצרות הגדולים (ע""ר)",True
580037422,"על""ה זהב- עמותה למען האזרח הוותיק פ""ת (ע""ר)",True
580180669,"קול הקריות - לתודעה יהודית (ע""ר)",True
580017697,"תלמוד תורה אמת ואמונה סלונים ירושלים  (ע""ר)",True
580370542,"עמותת החסד ע""ש כמיל שחאדה ז""ל (ע""ר)",True
580051241,"בית כנסת מגדל עוז ירושלים  (ע""ר)",True
580103166,"מרכז מחקר ופיתוח עוטף עזה (ע""ר)",True
580276103,"למעלה מן השמש (ע""ר)",True
580086148,"מרכז רוחני - מעייני תורה למשה (ע""ר)",True
580277234,"אוהל חיים משה ופנינה (פערל) (ע""ר)",True
580002590,"ישיבת ""שילה"" (ע""ר)",True
580266831,"בית הכנסת הספרדי ""אור שלום"" מיתר (ע""ר)",True
580360220,"מעל הסם (ע""ר)",True
580268308,"אביר יעקב - הקרן לטיפוח מוסדות דת בכוכב יעקב  (ע""ר)",True
580052074,"""ניצן"" - רחובות, אגודה לקידום ילדים ובוגרים לקויי למידה, הסתגלות ותפקוד (ע""ר)",True
580363752,"יח""ד מודיעין (ע""ר)",True
580097590,"חורב ירושלים - בית הספר היסודי (ע""ר)",True
580041291,"אגודת מגדיאל (ע""ר)",False
580250595,"קרן לפיתוח טלמון צפון (ע""ר)",True
580361418,"ירושלים של מעלה (ע""ר)",True
580004349,"אגודת צער בעלי חיים חיפה (ע""ר)",False
580345130,"התאחדות בני הישיבות שכ' מנחת שלמה רמת בית שמש (ע""ר)",True
580384642,"מוסדות הגרי""צ דושינסקיא - אלעד (ע""ר)",True
580056497,"העמותה למען האזרח הוותיק - רעננה (ע""ר)",True
580157386,"אור ודרך יבנה  (ע""ר)",True
580190270,"איגוד החברות הציבוריות (ע""ר)",False
580030831,"מרכז תרבות נוער וספורט (מתנ""ס) קצרין (ע""ר)",True
580375350,"ולאשר אמר (ע""ר)",True
580221067,ישיבת נחלת יוסף שבי שומרון (ע''ר),True
580050763,"מכון סקנדינבי לכתבי קדש וכנסית מלחים בישראל (ע""ר)",True
580120889,"ישיבה כולל בית יוסף מרן ע""ש ר' יוסף יעיש ז""ל (ע""ר)",True
580023356,"ישיבת בית הכרם (ע""ר)",True
580028553,"מרכזי קהילה ופנאי על שם הרי סטיל (ע""ר)",True
580082139,"ישיבה ובית מדרש לתורה ""תהילה לדוד"" - ע""ש הצדיק המלוב""ן האדמו""ר דוד פרץ זיע""א (ע""ר)",True
580335073,"""כח התורה"", להפצת תורה ויהדות (ע""ר)",True
580349793,"מרכז לחינוך ילדי ישראל החיים באור (ע""ר)",True
580040947,"מרכז אלה להתמודדות נפשית עם אבדן (ע""ר)",True
580374163,"הכנסת כלה יד גיטל (ע""ר)",True
580162477,"מכון התלמוד - ירוחם  (ע""ר)",True
580032290,"מרכז ספורט נווה עוז (ע""ר)",False
580261337,"בית כנסת ברית שלום ע""ש המנוח ר. אליהו ברוידא ז""ל וקרוביו (ע""ר)",True
580198331,"""מקצה הארץ"" (ע""ר)",True
580256055,"העמותה למען הילד הערבי בגליל (ע""ר)",True
580261881,"אהלי תפארת משה בביתר (ע""ר)",True
580021889,"בית גורדון - בית לטבע ולחקלאות ולידע בקעת כנרות ע""ש א""ד גורדון (ע""ר)",True
580293710,"יד ביד: המרכז לחינוך יהודי ערבי בישראל (ע""ר)",True
580269645,"בטרם - המרכז הלאומי לבטיחות ולבריאות ילדים (ע""ר)",True
580341766,"פיתוח קשרי התרבות בין העמים של ישראל ובלרוס (ע""ר)",False
580118263,"ישיבת היכל עזרא ע""ש מרן הגאון ר' עזרא עטייה זצוק""ל (ע""ר)",True
580033819,"זיו התורה (ע""ר)",True
580016632,"נשים למען נשים (ע""ר)",True
580054849,"אגודת תומכי ישיבת שער אליעזר קרטשניף (ע""ר)",True
580024529,"ישיבת שעלבים (ע""ר)",True
580228096,"נצח שמואל (ע""ר)",True
580040707,"הועד האולימפי בישראל (ע""ר)",True
580225100,"עמותת בית הכנסת הספרדי באורנית (ע""ר)",False
580344448,"מתנ""ס חבל אילות (ע""ר)",True
580234326,"בית המדרש נחלת החיים, בית שמש (ע""ר)",True
580070035,"""המכון ללימוד מחקר ובנין המקדש""",True
580068203,"מדרשת בני עקיבא בר יוחאי  (ע""ר)",True
580258952,"מועדון קרח בת ים (ע""ר)",False
580331478,"דרכים - מרכז חינוכי להכשרת מנהיגות חלוצית - ציונית - יהודית (ע""ר)",True
580333953,"משכן אלימלך (ע""ר)",True
580040079,"אלבר ולאחסן (ע""ר)",True
580237741,"תנועת הנוער בני חיל (ע""ר)",True
580002426,"מוסדות ישועה ליהודה (ע""ר)",True
515979391,"עושים שינוי, שמיים וארץ  בע""מ (חל""צ)",False
580341386,"תפארת הרב באבאי, מרכז רוחני ליהדות (ע""ר)",True
580094860,"בית הכנסת קול ששון- עמותת מגן דוד גאולים (ע""ר)",False
580373744,"אלביארק לקידום הספורט בתרשיחא (ע""ר)",True
580281905,"מוסדות מכון מאור ישראל - פרסומים תורניים (ע""ר)",True
580357879,"יצ'אלאל- עמותת יוצאי אתיופיה למען קידום הספורט בקהילה (ע""ר)",True
580039600,"המרכז הירושלמי לענייני חוץ וביטחון (ע""ר)",True
580329274,"טייגרס סופט בול (ע""ר)",True
580213494,"לעולם יהא אדם (ע""ר)",True
580162220,"ביה""ס סם שפיגל לקולנוע ולטלוויזיה - ירושלים (ע""ר)",True
580063683,"אוניברסיטת בר אילן (ע""ר)",True
580078079,"זכר אליהו (ע""ש הק' אליהו חנון הי""ד בן שמחה ויעקב חנון) ירושלים (ע""ר)",False
580298065,"בית ספר על יסודי לבנות דחסידי גור ירושלים (ע""ר)",True
580039345,"""נועם"" מנין בני ישיבות הסדר בפתח תקוה",True
580080000,"ארגון הגימלאים של עירית תל-אביב-יפו (ע""ר)",True
580020899,"מוסדות יד עזרה (ע""ר)",True
580009223,"נס עמים מרכז תקשורת (ע""ר)",True
580097616,"עמותת בית הספר הקהילתי ישגב תל-אביב (ע""ר)",True
580301836,"מורשת ותרבות ביריחו - עמותה (ע""ר)",False
580389880,"בינות רעננה (ע""ר)",True
580355774,"ביתי יבנה (ע""ר)",True
580055440,"העמותה לתמיכה באולפנת בני עקיבא ""נאות אברהם"" ערד (ע""ר)",True
580108561,"מתנ""ס מעלה יוסף מרכז קהילתי ע""ש אייל דרור ז""ל (ע""ר)",True
580013456,"עלמה - בשבילך מבגרות לזיקנה  (ע""ר)",True
580295053,"כרובי הנחל (ע""ר)",True
580267003,"נחשוב ונבין (ע""ר)",True
580277374,"קהילת תלפיות החדשה (ע""ר)",True
580037240,"ההתאחדות למשיכת חבל בישראל (ע""ר)",True
580049302,"ידידי ישיבת אור ירושלים (ע""ר)",True
580041101,"ישיבת בית מאיר ע""ש מרן הגאון ר מאיר קרליץ זצ""ל (ע""ר)",True
580089225,"התאחדות המלאכה והתעשיה מחוז אשדוד (ע""ר)",True
580049864,"לשכת המסחר והתעשיה ישראל איטליה  (ע""ר)",True
580196806,"אולפנא ומכללה בהר""ן (ע""ר)",True
580237170,"הליגה לידידות אמריקה ישראל (ע""ר)",True
580120244,"""או אי"" אכלני יתר אנונימיים בישראל O.A."" OVEREATERS ANONYMOUS ISRAEL""",True
580364982,"בית""ר נווה אליעזר (ע""ר)",True
580265767,"מעון יום של העדה הקתולית בתרשיחא (ע""ר)",True
580019081,"האיגוד הישראלי לקידום האדם (ע""ר)",True
580039568,"קרן התרבות דגל ירושלים (ע""ר)",True
580376853,"שלום ישראל ע""ש סגן שי וולשטין (ע""ר)",True
580262301,"קרן אור לנוער ב'  (ע""ר)",True
580044402,"קרית אונגוואר (ע""ר)",True
580149375,"בית הכנסת אליהו הנביא רוממה, ירושלים.  (ע""ר)",True
580373769,"תיאטרון מיקרו (ע""ר)",True
580357010,"דרכי שלום שמעון (ע""ר)",True
580151900,"משכן התורה - טריסק (ע""ר)",True
580047652,"""כולל תפארת יעקב יבנה"" (ע""ר)",True
580083848,"המרכז העולמי לתורה ולחסידות שע""י חסידי בעלזא (ע""ר)",True
580007235,"צוות - ארגון גמלאי צה""ל (ע""ר)",True
580378503,"בית הכנסת הספרדי קדומים צפון (ע""ר)",True
580351740,"דרך חכמה ע""ש הרמח""ל (ע""ר)",True
580053296,"אגודת צער בעלי חיים בישראל, רמת גן והסביבה (ע""ר)",True
580323913,"היכל עמרם (ע""ר)",True
580375715,"המרכז הקהילתי יפיע (ע""ר)",True
580345247,"כייאן - ארגון פמיניסטי (ע""ר)",True
580051274,"עמותה למען קשיש בטייבה (ע""ר)",True
580321438,"אבות ובנים, אופקים (ע""ר)",False
580206480,"בית מדרש סיני (ע""ר)",True
580298271,"קרן ברכה (ע""ר)",True
580131753,"עין הרים - עמותה לקידום החינוך והספורט בהרי יהודה (ע""ר)",True
580331619,"דודאי ראובן (ע""ר)",True
580165603,"משכן דוד נתיבות - ע""ש רבי דוד אביחצירא זיע""א (ע""ר)",True
580069011,"אייזק ישראל תקשורת תומכת וחליפית  (ע""ר)",True
580223402,"מוסדות יקירי רכסים (ע""ר)",True
580321370,"המדרשה למנהיגות ואחריות חברתית מיצר (ע""ר)",True
580073575,"אגודת סופרים ואמנים לקידום הספרות והתרבות (ע""ר)",True
580349710,"דרכי לימוד (ע""ר)",True
580216810,"התאחדות הקליעה בישראל (ע""ר)",True
580388890,"אומנות מילדות (ע""ר)",True
580156644,"בני מרדכי (ע""ר)",False
580054450,"עמותת ותיקי אל על (ע""ר)",True
580298495,"עטרת החינוך (ע""ר)",True
580040921,"מכון לחקר תנועת העבודה ע""ש פנחס לבון (ע""ר)",True
580200236,"מכון ליאו בק ירושלים לתולדות יהודי גרמניה ותרבותם  (ע""ר)",True
580057628,"נתיב החסד - רפואה ורווחה (ע""ר)",True
580386191,"נגיש לכל - העמותה לקידום הנגישות (ע""ר)",False
580132603,"בנימינה - עמותה לשחזור ושימור עבר המושבה  (ע""ר)",True
580208767,"בית חב""ד רמת אליהו שע""י צעירי אגודת חב""ד (ע""ר)",True
580077113,"בית חב""ד נוף הגליל (ע""ר)",True
580018372,"תנועה להפצת תורה בישובים החדשים  (ע""ר)",True
580248474,"""בית מועד""  (ע""ר)",False
580376770,"מכללת בית חנה (ע""ר)",True
580019537,הדר - העמותה למען הקשיש והגמלאי בנתניה (ע''ר),True
580201424,"ישיבה לצעירים בית וגן (ע""ר)",False
580312056,"עמותת רותם למען הקהילה (ע""ר)",True
580019545,"התאחדות עולי אמריקה וקנדה בישראל (ע""ר)",True
580152114,"א.ל.ה - מפעלי חינוך ורווחה (ע""ר)",True
580107290,"ג'מעיית אצדקאא אלאטפאל אלערב (ע""ר)",True
580252872,"מוסדות ""חסידי דאראג"" (ע""ר)",True
580216703,"קמ""ה - קהילה מרפאת בהרדוף (ע""ר)",True
580131449,"בית חב""ד כפר סבא שע""י צעירי אגודת חב""ד (ע""ר)",True
580111870,"מוסדות חב""ד ליובאוויטש - הרצליה (ע""ר)",True
580029502,"לשכת יועצי מס בישראל (ע""ר)",True
580364131,"שערי דעת לחינוך הוראה וחסד (ע""ר)",True
580323863,"ארגון המקהלות בישראל (ע""ר) (THE ISRAELI CHORAL ORGANISATION - ISCORO (REGISTERED AMUTA",True
580029429,"המכללה האקדמית בית ברל (ע""ר)",True
580373348,"גמ""ח קו הזהב (ע""ר)",True
580338507,"העמותה הישראלית של התאחדות מרכזים קהילתיים יהודיים בצפון אמריקה (ע""ר)",True
580040152,"בית הכנסת הגדול (ישן וחדש) ע""ש גבורי ישראל  (ע""ר)",True
580335420,"צעירי כורדיסטאן ע""ש אליהו הנביא (ע""ר)",True
580030096,"איגוד סיסטיק פיברוזיס בישראל (סי. אף.) (.CYSTIC FIBROSIS FOUNDATION OF ISRAEL (C.F (ע""ר)",True
580225555,"אגודה למען בית הקברות הבריטי בחיפה COMMITTEE FORMED FOR BRITISH COMMUNITY CEMETERY HAIFA (ע""ר)",True
580084465,"אגודת בית כנסת סוכת שלום קרית אתא (ע""ר)",True
580361962,"עמותת אלאנואר לקידום מעמד האישה באום אלפחם (ע""ר)",True
580193035,"עמותת תומכי בי""ח לניאדו בנתניה (ע""ר)",True
580295871,"שושנת העמקים (ע""ר)",True
580370781,"מתנ''ס שדות נגב (ע""ר)",True
580179729,"בית הכנסת היכל יעקב בקרית ים (ע""ר)",False
580040301,"עלה - עזר לילד המיוחד (ע""ר)",True
580340792,"בית הכנסת בית דוד (ע""ר)",True
580068427,"ישיבת דורשי תורה  (ע""ר)",True
580081305,"ישיבת בני-עקיבא ""בית-יהודה"" בכפר מימון (ע""ר)",True
580001972,"המרכז החדש למוסיקה - רמת גן (ע""ר)",True
580308054,"בית הכנסת - מרכז מודיעין (ע""ר)",True
580006260,"אפרתה - העמותה לתמיכה בקידום פעילות חינוכית (ע""ר)",True
580174365,"עמותת יוצאי חטיבה 7  (ע""ר)",True
580110773,"בית מורשה בירושלים - מרכז ללימודים גבוהים ביהדות ; (ע""ר)",True
580312379,"מרכז ארוחות לכל דכפין מיסודם של רחל ואברהם מרמורשטיין וזאב אונפוס, עמותה (ע""ר)",True
580339364,"נתיבות יצחק ידידיה תל אביב (ע""ר)",True
580334084,"בית כנסת ע""ש הרב אליהו הגאון מוילנא - מנין נוסח אחיד רח' התזמורת ראשל""צ (ע""ר)",True
580317709,"""פליפר"" עמותה לשחיה (ע""ר)",True
580293801,"המרכז הספרדי להקמת והפצת התורה בקרית גת (ע""ר)",True
580058899,"קהילת בית כנסת הרמב""ן בדרום ירושלים (ע""ר)",True
580387272,"עמותת גן אלזמורדה לגיל הרך (ע""ר)",True
580151330,"אורחות חיים, בני - ברק (ע""ר)",True
580283992,"הדרך אל האור  (ע""ר)",True
580008365,"אלק""א - אגודה למען הקשיש אשקלון (ע""ר)",True
580300432,"עמותת תנועת הנוער הדרוזי בישראל (ע""ר)",True
580355048,"הפועל בקעת הירדן (ע""ר)",False
580085355,"סמינר ירושלים - בית וגן (ע""ר)",True
580361293,"עמותת דיירי הדיור המוגן בישראל (ע""ר)",True
580368678,"בית הכנסת שיכון מזרחי נוסח אשכנז - ר""ג (ע""ר)",True
580213882,"עמותת צורים - יוצרים מציאות (ע""ר)",True
580005825,"איגוד הרוגבי בישראל  (ע""ר)  ISRAEL RUGBY UNION (R.A.)",True
580264877,"המכללה האקדמית להנדסה בראודה בכרמיאל (ע""ר)",True
580264836,"מרכז אלנור אלטבי, אום אלפחם (ע""ר)",True
580380947,"ניצני ראשון - עמותה למען ילדים נכים (ע""ר)",True
580105039,"תיאטרון אל-חקוואתי (ע""ר)",False
580368728,"עמותת בית הספר הדמוקרטי בבקעת אונו (ע""ר)",True
580284172,"עמותה להנצחת בני וחברי קבוץ כנרת (ע""ר)",True
580000560,"עתריד - עטרת תפארת רבי יצחק דרעי ז""ל (ע""ר)",True
580277523,"עמותת מת""ט- מכון תורני טכנולוגי (ע""ר)",True
580362226,"מפעל החסד ""יד ביד"" לוד (ע""ר)",True
580037380,"בית הכנסת היכל הארבעה בית שאן  (ע""ר)",True
580062446,"העמותה לתמיכה בישיבת בני עקיבא אוהל שלמה באר שבע  (ע""ר)",True
580046373,"ישיבת ""שערי אליהו"" ע""ש הרב אליהו מייארא שליט""א  (ע""ר)",True
580073781,"בית החלמה ליולדות (ע""ר)",True
580022069,"תנועת בני תורה - מפעלים ופעולות לנוער ומבוגרים. (ע""ר)",True
580051068,"משגב הגליל עמותה לקידום ההתישבות בגליל (ע""ר)",True
580271492,"דרכים- קבוצות גורדייף בישראל (ע""ר)",False
580000230,"לשכת המבקרים הפנימיים - ישראל (ע""ר)",False
580130680,"אורות הכפר  (ע""ר)",True
580245652,"הקהילה - צור הדסה (ע""ר)",True
580209450,"מועדון עירוני להתעמלות - חולון (ע""ר)",True
580309342,"בית ספר ""אדם"" - חינוך על פי שיטת וולדורף בירושלים, עמותה (ע""ר)",True
580062396,"ועד תושבי קרית אתרי , ירושלים  (ע""ר)",True
580356491,"בית תפילה יונה אברהם (ע""ר)",True
580297638,"הפועל ת""א - עמותת מחלקת ההתעמלות (ע""ר)",True
580013118,"תלפיות כפר ילדים דתי (ע""ר)",True
580232239,"תיאטרון למען השלום  (ע""ר)",True
580015717,"מדעטק - המוזיאון הלאומי למדע, טכנולוגיה וחלל בטכניון מרכז דניאל ומטילדה רקנאטי (ע""ר)",True
580114585,"כולל יטב לב של הרב משה ארי' פריינד שליט""א (ע""ר)",True
580344836,"ספורט במקומות עבודה - מחוז אשקלון (ע""ר)",True
580073963,"אגודת ישיבת מכנובקה - בעלזא (ע""ר)",True
580024313,"ישיבת מאור עיניים ע""ש הסבא קדישא מטשערנוביל זצוק""ל זיע""א ועכי""א (ע""ר)",True
580034585,"בית כנסת לעולי לוב ""אוהל שמעון"" רמת גן (ע""ר)",True
580080372,"נעם פ""ת העמותה לקדום החנוך התורני לאומי (ע""ר)",True
580293942,"בית הכנסת לעולי בבל רח' מגדל רעננה  (ע""ר)",False
580028736,"מכון ז'בוטינסקי בישראל (ע""ר)",True
580299840,"""מבשר שלום"" לפעילות תורנית לאומית (ע""ר)",True
580044733,"אגודת בית הכנסת ""היכל הבנים"" כפר שמריהו  (ע""ר)",True
580343606,"מוסדות פאר הריב""ש ע""ש רבינו יצחק ברששת זצק""ל (ע""ר)",True
580293728,"המרכז לחינוך יהודי ציוני - בית מדרש לתורה ולהלכה - אופקים (ע""ר)",True
580220515,"בית מדרש לתורה נתיב בנימין (ע""ר)",True
580303816,"ברכת כהן מעלה אדומים (ע""ר)",False
580362804,"צוללת צהובה - המקום למוסיקה בירושלים (ע""ר)",True
580293751,"זרעים של שלום (ע""ר)",True
580001261,"מרכז סיוע לנפגעות אונס ותקיפה מינית - ירושלים ע""ש לינדה פלדמן (ע""ר)",True
580330561,"העמותה לבריאות ופיתוח כפר-קרע (ע""ר)",True
580119113,"בית הכנסת ומרכז קהילתי תורני - שערי תקוה  (ע""ר)",True
580242568,"רשת מוסדות בקריות הדתיות בישראל (ע""ר)",True
580091668,"מרכז קהילתי ""חסדי יצחק"" (ע""ר)",False
580063931,"תרי""ג (ע""ר)",False
580389229,"התאחדות חקלאי ישראל (ע""ר)",True
580350221,"סנדוק אכסאל אלח'ירי (ע""ר)",True
580268274,"עמותת ידידי בית החולים יוספטל באילת (ע""ר)",True
580253003,"מאור הרים  (ע""ר)",True
580012748,"מרכז לעניני חנוך (ע""ר)",True
580387348,"עמותת רד (ע""ר)",True
580329423,"מועדון הג'ודו מכבי הרצליה (ע""ר)",True
580138048,"כולל אברכים אור - יחיאל (ע""ר)",True
580362937,"המכללה האקדמית צפת (ע""ר)",True
580037281,"תלמוד  תורה ומורשה, אשדוד (ע""ר)",True
580122935,"בית הכנסת על שם ש""י עגנון, תלפיות, ירושלים (ע""ר)",True
580100469,"העמותה העירונית לקידום רווחת תושבי מגידו (ע""ר)",True
580005270,"בית יגאל אלון- מרכז הנצחה (ע""ר)",True
580198091,"מכון מורשת אשכנז (ע""ר)",True
512640863,"החברה לחינוך יהודי מסורתי בע""מ (חל""צ)",True
580290807,"מעון חירום לנשים (ע""ר)",True
580094381,"עלה - מוריה (ע""ר)",True
580046241,"עמותת בית הכנסת תפארת בנימין  (ע""ר)",True
580211829,"בית הכנסת בית חשמונאי (ע""ר)",True
580274819,"ש""י לקשיש - לזכרם של הרב שלום איפרגן זצ""ל והרב יעקב דדון זצ""ל (ע""ר)",True
580341691,"התאחדות בעלי מלאכה עפולה (ע""ר)",True
580025153,"זכרון אליהו - אופקים  (ע""ר)",True
580168912,"זכרון סיני ונועם התורה, בני ברק (ע""ר)",True
580375947,"קהילת אור לציון רמת בית שמש (ע""ר)",True
580037208,"ישיבת חידושי הרי""מ (ע""ר)",True
580375848,"גן מעורבות הורים קהילתי גבעתיים (ע""ר)",False
580050300,"ארשת ישראל (ע""ר)",True
580287753,"מעונות חיה - רשת מעונות יום שעל יד כולל חב""ד (ע""ר)",True
580057685,"ישיבה לחוזרים וכולל אברכים חב""ד ליובאויטש-הקריות (ע""ר)",True
580056687,"מרכז  קהילתי רמת הגולן (ע""ר)",True
580012029,"נוה חנה לילדים ונוער על שם חנה קפהן (ע""ר)",False
580340958,"מרכז תורה וחסד עם רם (ע""ר)",True
580363786,"המכללה האקדמית כנרת בעמק הירדן (ע""ר)",True
580357531,"מוסדות אור יוחנן ע""ש כ""ק האדמו""ר רבי יוחנן מטאלנא זי""ע (ע""ר)",True
580318590,"הפורום הדוקומנטרי בישראל (ע""ר)",True
580356301,"תפארת בחורים - אלעד (ע""ר)",True
515865327,"ווסטה צגה - מרכז לפסיכותרפיה מותאמת תרבות במציאות משתנה בע""מ (חל""צ)",True
580159861,"נצח שלמה (ע""ר)",True
580065167,"התאחדות עולי מצרים בישראל (ע""ר)",True
580070043,"האגודה הישראלית למשאבי מים (ע""ר)",True
580102481,"עמותת בית כנסת קהילתי מעיין - באר-שבע (ע""ר)",True
580211050,"עמותת תפארת ישראל - ביכנ""ס חזון יחזקאל, רחובות (ע""ר)",True
580177475,"עמותת אזרחים ותיקים פרדס חנה כרכור (ע""ר)",True
580017952,"בית הילדים ע""ש צבע אמונה (בית אלעזרקי) (ע""ר)",True
580289015,"בית הכנסת אהבת ישראל לעולי גרוזיה (ע""ר)",True
580063915,"קדם - האיגוד לקידום קהילות דיור למבוגרים בישראל (ע""ר)",True
580213973,"ישיבת הר ברכה (ע""ר)",True
580350155,"אהבת רבקה (ע""ר)",False
580313641,"יד עזרא ושולמית, ירושלים (ע""ר)",True
580018430,"ישיבת ויזניץ בית ישראל ודמשק אליעזר (ע""ר)",True
580020022,"מכון הרי פישל לדרישת התלמוד ומשפט התורה י-ם (ע""ר)",True
580363760,"מוסדות קול יעקב ת""ת תורת משה ביתר עילית (ע""ר)",True
580214112,"יונג יידיש - המרכז לספר היידי (ע""ר)",True
580307114,"עמותת ""אלגורבא"" (ע""ר)",True
580302545,"משקפת - העמותה לקידום ופיתוח התיירות וההסברה (ע""ר)",True
580096311,"העמותה לקידמה חברתית בחיפה (ע""ר)",True
510485204,"חקר ימים ואגמים לישראל בעמ (חל""צ)",True
580291839,"מ.מ.ש. מאור מיכאל ושמחה  (ע""ר)",True
580352599,"משכן לתורה - משאת משה (ע""ר)",True
580160430,"אל עמי - אל עצמי (ע""ר)",True
580102077,"עמנואל - עמיחיל (ע""ר)",True
580238681,"כולל אברכים יקרא דאוריתא (ע""ר)",True
580048692,"ישיבת לומזה ע""ש הגרי""מ גורדון זצ""ל (ע""ר)",True
580140804,"מרכז אירגונים של ניצולי שואה בישראל CENTRE OF ORGANIZATIONS OF HOLOCAUST SURVIVORS IN ISRAEL (ע""ר)",True
580111888,"יתד התשובה (ע""ר)",True
580069615,"בית הכנסת ""מגן אברהם"" ברמת ישי ליוצאי תימן (ע""ר)",True
580189215,"כולל ש'ס יד צפורה (ע""ר)",True
580148385,"אגודת שערי- דעה (ע""ר)",True
580361053,"מכון ט.ו.פ. (ע""ר)",True
580375905,"מועצת העדה האורתודוקסית באבו-סנאן (ע""ר)",True
580351120,"אוצרות שמים (ע""ר)",True
580222776,"גמנסיה הגליל הנוצרית (ע""ר)",True
580210698,"ישיבה קטנה לצעירים קרית אתא (ע""ר)",True
580307866,"ישיבת מעוז חיים- קרית אתא (ע""ר)",True
580068468,"בני ראם חיפה (ע""ר)",True
580264422,"בית הכנסת ""אור-החיים"" פסגת זאב מזרח, ירושלים (ע""ר)",True
580312197,"אלסביל - אקיומיניקאל ליביריישון תיולוגי סינטר (ע""ר)",True
580332518,"תורת אשר (ע""ר)",True
580067551,"מוזיאון נחום גוטמן לאמנות (ע""ר)",True
580121655,"תורת חסד ביהוד (ע""ר)",True
580074284,"ההתאחדות העולמית של הסטודנטים היהודים WORLD UNION OF JEWISH STUDENTS (ע""ר)",True
580119212,"תקוה לילד - נוה צבי (ע""ר)",True
580162675,"יוסף וחיים ומשה עמידר - בת ים (ע""ר)",True
580370294,"אלאג'יאל טמרה (ע""ר)",True
580106912,"מפעלי עזר למשפחות הברוכות - מעלה (ע""ר)",False
580175818,"מקהלת לי-רון הרצליה (ע""ר)",False
580318129,"נט""ל- נפגעי טראומה על רקע לאומי (ע""ר)",True
580286938,"הקרן למורשת קבר רחל (ע""ר)",False
580234995,"תיאטרון יפו (ע""ר)",True
580250918,"אמונה שלמה בירושלים (ע""ר)",True
580033249,"""בית לוי-יצחק"" ישיבת חב""ד ליובאוישט - צפת",True
580051902,"מרכז החאן (ע""ר)",True
580011526,"המכון לחקר החברה והכלכלה ע""ש דוד הורוביץ, אוניברסיטת תל-אביב (ע""ר) (THE DAVID HOROWITZ RESEARCH INSTITUTE ON SOCIETY AND ECONOMY (R.A",True
580013803,"חב""ד- אור חינוך (ע""ר)",True
580320018,"עמותת חן לפריון וחיים (ע""ר)",True
580204386,"מכבי  אבשלום  פ""ת - מחלקת כדורגל (ע""ר)",True
580014058,"אגודה לשמירת זכויות הפרט (ע""ר)",True
580137446,"אור דבורה (ע""ר)",True
580354728,"עמותה לנוער וצעירים ערביים - בלדנא (ע""ר)",False
580312494,"תורת חיים ישיבה לצעירים נשר (ע""ר)",True
580218717,"מרכז קהילתי תורני ירוחם (ע""ר)",True
580209534,"קהילת  רענן  ליהדות מתקדמת (ע""ר)",True
580015618,"מכון מאיר המרכז ללימודי היהדות בישראל (ע""ר)",True
580154631,"עמותת בית חיל האויר (ע""ר)",True
580069557,"צפירה - אולפנת בני עקיבא, מוסד תיכון לבנות (ע""ר)",True
580005031,"בית כנסת ישרים לעולי עיראק ברמת-גן (ע""ר)",False
580032282,"עמותת ""מנין הורים"" ליד ביה""ס  הממ""ד מימון - קרית משה (ע""ר)",True
580314466,"מגן לזכויות אנוש (ע""ר)",True
580052645,"האגודה למען בית מדרש למורים מזרחי (ע""ר)",True
580217545,"יסמין - עמותה לחינוך, תרבות וספורט (ע""ר)",True
580208940,"מרכז קהילתי קרני שומרון (ע""ר)",True
580023810,"אגודת שוחרי תלפיות - מכללה אקדמית לחינוך (ע""ר)",True
580305449,"בית חב""ד נוף העמק שע""י צעירי אגודת חב""ד (ע""ר)",True
580322972,"ישיבת מאור התורה והחסד ע""ש הצדיק רבי מאיר אבי חצירא זצוק""ל (ע""ר)",True
580231207,"נשים למען עתיד ישראל - תנועת הריבונות (ע""ר)",True
580333615,"חסד שלום ומרדכי (ע""ר)",True
580103323,"המקהלה הקאמרית הישראלית - טבעון (ע""ר)",True
580055929,"מוזיאון ינקו דאדא (ע""ר)",True
580161974,"קרן רמת גן לחינוך ותרבות THE RAMAT GAN FOUNDATION FOR EDUCATION AND CULTURE (ע""ר)",True
580362994,"בית הכנסת אהבת חיים לעדה הפרסית פתח תקוה (ע""ר)",True
580364180,"""מהות"" - מפעלי הוראה והרבצת תורה (ע""ר)",True
580058840,"האגודה לפיתוח תרבות וספורט בנווה אפרים מונוסון (ע""ר)",True
580015543,"בית כנסת שונה הלכות פתח תקוה (ע""ר)",False
580326452,"המרכז לחינוך ופיתוח ע""ש רש""ר הירש זצ""ל - חורב  (ע""ר)",True
580009660,"אגודת ידידי מוזיאון ישראל ירושלים (ע""ר)",True
580275030,"עמותת העובדים האקדמאים בחברת החשמל (ע""ר)",True
580304285,"עמותה להנצחת סרן יוסי אוחנה (ע""ר)",True
580146884,"העמותה לתמיכה בישיבת בני עקיבא פרחי אהרון קרית שמואל חיפה (ע""ר)",True
580345379,"שערי ארוכה (ע""ר)",True
580330207,"וועדת הגנים שעל יד אגודת ישראל חיפה תפארת החינוך והחסד (ע""ר)",True
580287902,"בני ראובן  (ע""ר)",True
580356657,"עמותת בית כנסת ישורון, רעננה (ע""ר)",False
580041994,"האקדמיה למוסיקה ולמחול בירושלים (ע""ר)",True
580022762,"ישיבה ובית מדרש דחסידי ביאלא אור קדושים בני ברק (ע""ר)",True
580386431,"העמותה לפיתוח המורשת היהודית בנגב (ע""ר)",True
580310266,"מכבי ""הארזים"" רמת גן (ע""ר)",True
580160828,"מעיין חינוך תורני - פתח תקוה אחדות (ע""ר)",True
580027506,"ועד ההורים המרכזי למערכת החינוך בת""א-יפו (ע""ר)",True
580292134,"בית""ר כפר כנא (ע""ר)",True
580340230,"אלמונתדא עמותת נשים למען החברה (ע""ר)",True
580284693,"עלמה - חוג ידידי מועדוניות אגף הרווחה (ע""ר)",True
580019578,"האגוד הישראלי של אדריכלי נוף  (ע""ר)",False
580144418,"המועצה המוסלמית ביפו  (ע""ר)",True
580111482,"בי""ס תיכון עיוני בית-יעקב פתח-תקוה (ע""ר)",True
580192151,"מוסדות תורת עולם (ע""ר)",True
580096956,"ישיבת נתיבות משה (ע""ר)",True
580247625,"מוסדות ערלוי ביתר עילית (ע""ר)",True
580082576,"מרכז דאיה מגידו (ע""ר)",True
580168615,"פאר התלמוד (ע""ר)",True
580197218,"תורת יוסף (ע""ר)",True
580455079,"חברה קדישא כפר שמריהו (ע""ר)",True
580284099,"בית כנסת ""נוה הברון"" (ע""ר)",False
580332047,"אלערביא לתרבות ואמנות (ע""ר)",True
580000057,"אגודה למען הקשיש באילת (ע""ר)",True
580138865,"ישיבת רבינו שמחה הלוי (ע""ר)",True
580015519,"אקים - אגודה לקידום אנשים עם מוגבלויות - ירושלים (ע""ר)",True
580329217,"מתנ""ס - מרכז קהילתי חורה (ע""ר)",True
580065159,"אסנט - היבטים פנימיים של סגנון החיים היהודי  (ע""ר)  ASCENT - INNER DIMENSIONS OF JEWISH LIFESTYLE (R.A.)",True
580253565,"המכללה האקדמית חמדת  (ע""ר)",True
580193092,"בית חב""ד קרית גת שע""י צעירי  אגודת חב""ד (ע""ר)",True
580331304,"ליוזמות חינוכיות וחברתיות בנגב (ע""ר)",False
580270874,"מעז העמותה למען האזרח הוותיק בקרית עקרון (ע""ר)",True
580341873,"מאסאר - מרכז לחינוך (ע""ר)",True
580297810,"קדושת הבית בית שמש (ע""ר)",True
580327526,"עמותת נופית פרוייקטים בקהילה (ע""ר)",True
580165256,"יוזמות אברהם (ע""ר)",True
580040459,"ישיבה ובית כנסת ובית מדרש לאברכים ע""ש הגאון רבינו יוסף חיים זיע""א בשכונת התקוה (ע""ר)",True
580386530,"קהילת הפיוס (ע""ר)",True
580050979,"חברה קדישא - קרית מוצקין (ע""ר)",True
580343713,"ידידי הארץ ומצוותיה (ע""ר)",True
580172872,"אזרחים למען הסביבה (אל""ס) (ע""ר)",True
580220093,"מתת של ידע מישראל (ע""ר)",False
580340693,"עמותת הליכות שלום רעננה (ע""ר)",True
580284370,"ארגון הקבלנים והבונים - אזור הצפון (ע""ר)",True
580363026,"עמותת בית ממ""ש (ע""ר)",True
580257624,"ברית שלום וחסד (ע""ר)",True
580083210,"אורות התשובה ע""ש רבי סעדיה אדתי ורבי יצחק בן ואליד (ע""ר)",True
580074839,"מרכז קהילתי תורני ""בני עדת ישראל"" ע""ש משפחת אונגר  (ע""ר)",True
580087138,"קרן צפת לפיתוח  (ע""ר)",True
580024826,"בית הכנסת המרכזי בית יוסף - רח' שמעוני 17, ירושלים  (ע""ר)",True
580122661,"גמ""ח תפילה למשה - ירושלים (ע""ר)",True
580110336,"חינוך ורווחה עטרת שלום ישראל  (ע""ר)",True
580075257,"המרכז לחינוך מקצועי (ע""ר)",True
580155331,"איחוד מוסדות התורה שירת - דבורה (ע""ר)",True
580149748,"מכון הרש""מ (ע""ש מוה""ר שמואל מרציאנו זצוק""ל) ובית כנסת ע""ש ""זוהר מיכל"" (ע""ר)",True
580383578,"בינת יששכר - אשדוד (ע""ר)",True
516011830,"פאסג'ס אינטרנשיונאל אופריישנס בע""מ (חל""צ)",False
580291649,"מכללת משגב לחינוך וספורט (ע""ר)",True
580062495,"ארגון החוזרים בתשובה באור יהודה (ע""ר)",True
580235125,"קשר-הבית של המשפחות המיוחדות كيشر- بيت العائلات الخاصة  (ע""ר)",True
580219913,"קרן תקומה (ע""ר)",True
511036105,"מוזיאון ובית ענף היהלומים בישראל  בע""מ (חל""צ)",False
580006617,"אגודה להתעמלות ולספורט ""מכבי"" תל-אביב (ע""ר)",True
580188555,"ישיבת  נר-ישראל ע""ש הרב ישראל אבוחצירא זצ""ל ובית מדרש להוראה זכרון יעקב ע""ש הרב יעקב תורג'מן זצ""ל (ע""ר)",True
580288553,"ארגון הרוקחות בישראל (ע""ר)",True
580268464,"מ.ט.י. חולון - מרכז לטפוח יזמות עסקית (ע""ר)",True
580336477,"אור שלמה ע""ש הקדוש הרב שלמה רענן (ע""ר)",True
580132868,"מרכז תורני ברכיה חכמת רחמים (ע""ר)",True
580336915,"ע.ח.י. (עולם חסד יבנה) ירושלים (ע""ר)",True
580253599,"מרכז חינוך ותרבות - סמינר חסידי גור בני ברק (ע""ר)",True
580055515,"בית הכנסת ""ישראל הצעיר"" רוממה, חיפה  (ע""ר)",True
580349447,"מכללת בני-ברק החרדית, מבח""ר (ע""ר)",True
580337350,"פארמה ישראל - ארגון חברות התרופות העוסקות במחקר ופיתוח (ע""ר)",True
580206290,"העמותה לפיתוח פרדס בחריה (ע""ר)",False
580316933,"אשלים - העמותה לתכנון ולפיתוח שירותים לילדים ולבני נוער בסיכון ומשפחותיהם (ע""ר)",False
580226355,"בית הכנסת הספרדי במצפה יריחו (ע""ר)",False
580311215,"בית חב""ד רמת השרון (ע""ר)",True
580119683,"אגודת הסטודנטיות והסטודנטים בית ברל (ע""ר)",True
580028256,"אחיעזר חיפה (ע""ר)",True
580294338,"קו החסד (ע""ר)",True
580205052,"בית הספר לספורט השגי כרמיאל (ע""ר)",True
580370864,"בית מדרש אלעד (ע""ר)",True
580007912,"נתיבות נועם (ע""ר)",True
580334894,"המייסדים - עמותת ותיקי עמק הירדן (ע""ר)",True
580375749,"מכון ישראלי לאנליזה קבוצתית (ע""ר)",True
580210797,"ידידי תלמוד תורה תורת אמת חיפה (ע""ר)",True
580164614,"מרכז מוסדות מישקולץ ישיבת זכרון אליעזר (ע""ר)",True
580358638,"ביהכנ""ס הרב חומאני עלוש צפת (ע""ר)",False
580382570,"עמותת בית הכנסת אור מרגלית מיתר (ע""ר)",True
580335990,"מועדון החמש- מועדון הרכב הקלאסי והאספנות בישראל (ע""ר)",True
580021541,"אגודה למען בית הכנסת המרכזי נוסח אשכנז ברמת יצחק  (ע""ר)",True
580095701,"חזון יעקב יוסף ירושלים (ע""ר)",True
580065233,"ישיבת מרבה תורה  (ע""ר)",False
580213718,"עמותת ההורים שליד הישיבה התיכונית רמת גן גבעתיים (ע""ר)",True
580342525,"מעיין רחובות (ע""ר)",True
580235851,"לב נעמי (ע""ר)",True
580163962,"בית חב""ד פרדס-חנה - כרכור שע""י צעירי אגודת חב""ד (ע""ר)",False
580166874,"שומרי הקודש - מלילות גמ""ח וכולל (ע""ר)",True
580371045,"תאטרון ""פסיק"" ירושלים (ע""ר)",True
580018356,"אגודת גימלאי בנק ישראל (ע""ר)",False
580366698,"מוסדות צאנז אלעד (ע""ר)",True
580100972,"""קרן השביעית""",True
580124675,"כתר חיים (ע""ר)",False
580029510,"אמנסטי אינטרנשיונל - סניף ישראל (ע""ר)",False
580222552,"מרכז לתרבות ולשימור מורשת יהדות קוצ'ין (ע""ר)",True
580046068,"תלמוד תורה - עצמונה (ע""ר)",True
580093417,"בית מדרש לתורת ארץ ישראל פתח תקוה (ע""ר)",True
580271252,"עמותה למען הגיל הרך בעדה הדרוזית (ע""ר)",True
580150589,"אמרי בינה (ע""ר)",True
580028538,"התאחדות עולי רומניה - מחוז ירושלים (ע""ר)",True
580217677,"המפעל הרוחני ""חסדי שמחה"" באור יהודה (ע""ר)",True
580321347,"עמותת ספורט דור העתיד בכדור-סל הפועל גבעתיים (ע""ר)",False
580095198,"שופר - ארגון להפצת יהדות (ע""ר)",True
580034882,"אגודת ידידי בית ספר א.ד. גורדון תל אביב (ע""ר)",False
580016822,"ימק""א הבינלאומית ירושלים (ע""ר)",True
580283323,"העמותה לקידום ספורט הכדוריד ואחרים בר""ג (ע""ר)",True
580258127,"תורת עמנואל (ע""ר)",True
580017580,"מרכז קהילתי ""גשר"", אגודה לתרבות וחינוך (ע""ר)",True
580259497,"עמותת ביה""ס מגילות (ע""ר)",True
580224608,"באר חיה  (ע""ר)",True
580263507,"האנסמבל הקולי הישראלי (1995) (ע""ר)",True
580330462,"אמל - עמותה לקידום החינוך וההשכלה (ע""ר)",True
580271856,"חוסן ישועות לתורת מרן הרב קוק זצ""ל (ע""ר)",True
580259463,"אפוד ישראל  (ע""ר)",True
580386548,"ושכנתי בתוכם משכנות התורה (ע""ר)",True
580036697,"הועד הארצי של חברת ""עמידר""  (ע""ר)",True
580294247,"מועדון ספורט על שם יונתן ברנס פרדס- חנה כרכור (ע""ר)",False
580076891,"עמותה ישראלית למען הילד בגיל הרך (ע""ר)",True
580304111,"הבית הפתוח בירושלים לגאווה ולסובלנות (ע""ר)",True
580289288,"מוסדות תפארת בית מרדכי (ע""ר)",True
580021616,"בית הכנסת המרכזי בית הכרם י-ם (ע""ר)",True
580034338,"יד לקשיש (ע""ר)",True
580000453,"ישיבת ""יסוד העבודה"" ע""ש הס""ק מסלאנימא זיע""א (ע""ר)",True
580361475,"בית כנסת ""בת גנים"" בפתח תקוה (ע""ר)",True
580052363,"החוג לאופרה קלה בנגב (ע""ר)",True
580243053,"בית חב""ד בני עייש שע""י צעירי אגודת חב""ד - המרכז (ע""ר)",True
580377299,"רמת אביב החדשה - עמותת הורים (ע""ר)",False
580002665,"אגודת ידידי החולה לצדקה- ירושלים (ע""ר)",False
580050813,"המכון לחקר הקבלה  (ע""ר)",False
580154284,"כתר שלמה ושרה ברסקה זצ""ל, ירושלים (ע""ר)",True
580099638,"האופרה הישראלית - תל אביב-יפו {ע""ר}",True
580204113,"עמותת מנהלי רכש ואספקה ברשויות המקומיות (ע""ר)",True
580279313,"מכללת סכנין (ע""ר)",True
580266021,"קרן ידידי העיר חולון - THE FRIENDS OF HOLON FOUNDATION (ע""ר)",True
580082253,"אגודת בית הכנסת בתכנית ל' בתל אביב  (ע""ר)",True
580327419,"תלמוד תורה ""הדר יוסף"" (ע""ר)",True
580258473,"בית כנסת רמת-אילן  (ע""ר)",True
580180321,"""בית דוד"" למען הקמת בית כנסת בשכ  שרת לעדה הגרוזינית בלוד",True
580252195,"קהילת אהל תורה - ביתר עלית (ע""ר)",True
580082782,"עמותת בית הכנסת ""משכן שלום"" פתח-תקוה (ע""ר)",True
580042422,"להקת קולבן דאנס (ע""ר)",True
580125201,"עמותת תורת זרעים (ע""ר)",True
580099869,"בית יעקב- בית יהודה אריה (ע""ר)",True
580322337,"מנור-כברי, עמותה (ע""ר)",True
580244838,"איגוד הסיוף בישראל (ע""ר)",True
580065779,"משכן שמעון  (ע""ר)",True
580295855,"ארגון המהנדסים והאדריכלים עולים (ע""ר)",True
580165249,"ס.ו.ל.ם. - סיוע ועידוד לילדים מוגבלים (ע""ר)",True
580195022,"כולל ""אורות מאירים"" בני ברק  (ע""ר)",True
580047835,"העמותה הישראלית לדיסאוטונומיה משפחתית (ע""ר)",False
580076883,"ניצן - אגודה לקידום ילדים לקויי למידה, באר-שבע (ע""ר)",True
580033173,"בית מדרש גבוה לתורה ישיבת בית רבי שמעיה (ע""ר)",True
580240513,"דעת ותבונה להנחיל  (ע""ר)",True
580194371,"חלונות - אפיקים לתקשורת (ע""ר)",True
580375111,"עמותת השחמט אשקלון (ע""ר)",True
580043644,"מרכז למורשת הרוחנית של יהדות תימן (ע""ר)",True
580133288,"גמעיית אלבר ואלאחסאן - קלנסווה (ע""ר)",True
580245108,"אגודת ""נרות זכריה"" ע""ש הרב זכריה -יחיא- שרעבי זלה""ה (ע""ר)",True
580150043,"רפואה וישועה - אגודת ביקור חולים דחסידי גור בארץ ישראל (ע""ר)",False
580286334,"נצ""ח (נשמות חללי צה""ל) זכר-יה (ע""ר)",True
580020246,"בית מדרש עליון לתורה - יד אהרן - מיסוד המוסד התורני ע""ש אהרן ורחל חיות, ירושלים (ע""ר)",True
580384519,"תהילות דויד יוסף (ע""ר)",True
580336121,"מתן בסתר - אשקלון (ע""ר)",True
580241149,"""תלמוד תורה"" אהלי ספר  (ע""ר)",False
580333094,"המוקד לפליטים ולמהגרים (ע""ר)",True
580229979,"תהל - מרכז הסיוע לנשים וילדים דתיים (ע""ר)",True
580204907,"קרן ברכת משה בירושלים (ע""ר)",True
580103471,"המכללה האזורית צפת (ע""ר)",False
580324184,"בית חב""ד גונן (קטמון) שע""י צעירי אגודת חב""ד (ע""ר)",True
580038768,"מרכז תרבות דתי לנוער, נוה-שאנן, חיפה (ע""ר)",False
580057297,"העמותה לקידום החינוך המשלים באשקלון (ע""ר)",False
580056331,"אלופא ואל אמל ""ג'מעיה נישאיה ח'ירייה"" (ע""ר)",True
580256659,"מוסדות חינוך בית מנחם פ""ת (ע""ר)",True
580397818,"בית הכנסת לכלל ישראל - רמת אביב ג' (ע""ר)",True
580374007,"מוסדות רבי צבי הכהן (ע""ר)",True
580336113,"רבי עקיבא - לוד (ע""ר)",False
580218097,"התאגדות לתרבות גופנית הפועל סניף אילת עמותת הספורט (ע""ר)",True
580266641,"מכון למחקר הלכתי אקטואלי דרך אליעזר (ע""ר)",False
580362044,"חמישים פלוס מינוס (ע""ר)",True
580142149,"בית-הכנסת ובית-מדרש חב""ד - ראשון לציון (ע""ר)",True
580323228,"קרן לאנשים שנשכחו (ע""ר) (F.P.F. FORGOTTEN PEOPLE FUND (REGISTERED AMUTA",True
580042083,"""ראשית"" לרווחה וחינוך בקהילה (ע""ר)",True
580384881,"העמותה לכדורגל נשים מ.כ חולון  (ע""ר)",True
580362705,"ברכת ישרים (ע""ר)",True
580174738,"מועדון שחמט הרצליה (ע""ר)",True
580048296,"בית הספר הבינלאומי מהרישי (ע""ר)",False
580373959,"מרכז קהילתי 2001 מטולה (ע""ר)",True
580217370,"""בני שמחה""",True
580252914,"פאר ביתר (ע""ר)",True
580107332,"עמותה למען הקשיש בנשר (ע""ר)",True
580364834,"לומדי תורה וחסד (ע""ר)",True
580027977,"ביהכנ""ס המרכזי עזרא הסופר ירושלים (ע""ר)",True
580253177,"בית הכנסת ובית המדרש ע""ש הצדיק רבנו יחיא לכדר זיע""א  (ע""ר)",True
580192318,"בית מדרש לתורה הר אפרים (ע""ר)",True
580336303,"הפועל סמוראי-דו רמלה (ע""ר)",True
580222149,"בית ספר על יסודי  בית יפה  חדרה (ע""ר)",True
580091809,"עמותת ""אלסלאם"" למען זקנים ופנסיונרים (ע""ר)",True
580345486,"נטע שעשועים גני ילדים בישראל (ע""ר)",True
580166239,"משען לחולה (ע""ר)",True
580357325,"חץ- ארגון ישראלי לבריאות הכבד (ע""ר)",True
580363349,"מגשימים ביחד בנתיבות (ע""ר)",True
580069912,"לבנות ולהבנות (ע""ר)",True
580248722,"הקרן לפיתוח חדרה (ע""ר)",True
580051605,"המפעל להכשרת ילדי ישראל מיסודה של רחה פריאר  (ע""ר)",True
580212041,"אלאמאן - עמותה לרווחת הקשיש באכסאל (ע""ר)",True
580377695,"קופת העיר שע""י ועדת הצדקה (ע""ר)",True
580277382,"עמותת לילך - התנדבות מכל הלב (ע""ר)",True
580313740,"בית יעקב - בנות שרה (ע""ר)",True
580311371,"בעקבי הצאן, בני ברק (ע""ר)",True
580069144,"אורות שערי תורה (ע""ר)",True
580056091,"קרן ""עד"" עין השופט  (ע""ר)",True
580319788,"רטורנו (ע""ר)",True
580107894,"בית הכנסת ששון שמואל ח' ששון (ע""ר)",True
580318665,"זוהר הרקיע (ע""ר)",True
580376267,"עץ חיים ליוצאי צרפת (ע""ר)",True
580258424,"עמותת בני ברית - נתיבי השלום יבנה ע''ש אסתר דחבש ז''ל (ע""ר)",True
580137214,"מאירת עיניים (ע""ר)",True
580119642,"בית חב""ד קרית אתא - שע""י צעירי אגודת חב""ד (ע""ר)",True
580033132,"ישיבת ""משמרות כהונה ובית אולפנא תורה לעם"" (ע""ר)",True
580295731,"עמותה לקידום הכדורעף בקרית אתא (ע""ר)",True
580106268,"משכן יצחק (ע""ר)",False
580382117,"ניצוצי הזוהר (ע""ר)",True
580187433,"עמותה לטיפוח שכונת חב""ד לוד (ע""ר)",True
580360998,"אומנים, מוזיקאים ומדיה, ירושלים (ע""ר)",False
580010411,"נוה נתניה וילינג הנדס (ע""ר)",True
580296747,"בית מדרש גבעת חיים ע""ש רבי חיים חורי זיע""א (ע""ר)",True
580165108,"עזרה - ליין (ע""ר)",True
580086270,"תזמורת ירושלים מזרח ומערב (ע""ר)",True
580067809,"העמותה למען החבר הותיק במודיעים (ע""ר)",True
580189249,"חברה קדישא - כפר חסידים (ע""ר)",True
580385284,"מוסדות חסידי בעלזא - בית שמש (ע""ר)",True
580250462,"עמותת פורום הנשים קרית שמונה ואצבע הגליל (ע""ר)",True
580119816,"אורחות חיים - ע""ש רבנו הקדוש חיים בן עטר זצק""ל (ע""ר)",True
580359289,"עטרת חיה (ע""ר)",True
580072312,"בית כנסת הגדול ברמת ישי (ע""ר)",True
580274504,"מוסדות חינוך וחסד פני מנחם בית שמש (ע""ר)",True
580283521,"ישיבת רש""י (ע""ר)",True
580302099,"ארגון רבני צהר (ע""ר)",True
580171254,"עמותה לפתוח וישום המדע ברפואה (ע""ר)",True
580387686,"עמותת בית הכנסת אביר יעקב גבעת טל (ע""ר)",True
580256774,"משכן ציון ירושלים (ע""ר)",True
580001741,"נווה ציון (ע""ר)",True
580024628,"מוסדות קליוולנד והקריה ברעננה המתקרא גם שכון קליוולנד (ע""ר)",True
580015048,"אחוד עולי בולגריה בישראל (ע""ר)",True
580029528,"שדה חמד כפר נוער חקלאי של הס' אגודת ישראל בא""י (ע""ר)",True
580340834,"בית חיים שטורמן - מוזיאון ומכון לידיעת האיזור (ע""ר)",True
580181030,"בית חב""ד מזכרת בתיה שע""י צעירי אגודת חב""ד (ע""ר)",True
580119519,"ידידי מרכז רפואי רבין (ע""ר)",True
580288280,"שמירת אורית, כפר סבא (ע""ר)",True
580032894,שירת דוד - גבעת שאול (ע''ר),True
580295509,"ממרי (ע""ר)",True
580038628,"בית הכנסת ומרכז קהילתי ""נוה דוד"" (ע""ר)",True
580384121,"אנשי ההר (ע""ר)",True
580285880,"ארגון הקב""טים והממונים על שירותי החרום ברשויות המקומיות  (ע""ר)",True
580255727,"בית כנסת אזורי חן תל אביב (ע""ר)",True
580057883,"בית כנסת נוסח אחיד מעלה האדומים (ע""ר)",True
580348159,"בית הכנסת רמת שמואל בשילה (ע""ר)",True
580228807,"שיר למעלות (ע""ר)",True
580053064,"חברת עזר יולדות הכללית ירושלים (ע""ר)",True
580071025,"כולל  מישכן שם (ע""ר)",True
580285906,"תפארת יוסף ע""ש ר' יוסף עוזרי ז""ל (ע""ר)",True
580060721,"ישיבת אוהל מועד, ירושלים (ע""ר)",True
580087153,"מרכז התורה - פרדס חנה (ע""ר)",True
580092864,"בית כנסת  היכל אליהו בבת-ים (ע""ר)",True
580111409,"עמותת בית הכנסת חברת משניות - עדת ישראל (ע""ש שיף שול - וינה) (ע""ר)",True
580301844,"בית כנסת וכולל הריף זצ""ל, אשדוד (ע""ר)",True
580155125,"מסורת ישראל חיפה (ע""ר)",True
580389211,"בית כנסת ""ישמח משה"" אשקלון (ע""ר)",False
580319408,"מסורת התורה בני ברק (ע""ר)",True
580067858,"אגודת ""משך הנחל"" להדפסת והפצת ספרי מוהר""ן מברסלב זצ""ל (ע""ר)",False
580292704,"אור-שערים (ע""ר)",True
580373652,"עמותת חסדי משה ויצחק (ע""ר)",True
580376135,"מפעלי תורה וחסד ""יבנה"" (ע""ר)",False
580350759,"הפועל יפיע - כדורסל (ע""ר)",True
580140689,"בית חב""ד ליובאויטש אור עקיבא - קיסריה שע""י צעירי אגודת חב""ד (ע""ר)",True
580081743,"מרכז רוחני - יד לחללי צה""ל ומצבה לעילוי נשמות פגועי פח""ע (ע""ר)",True
580012573,"רמות שפירא - מרכז חינוכי (ע""ר)",True
580030120,"שוטוקאן קרטה-דו בישראל, 1970 - מסטר פונקושי (ע""ר)",False
580071215,"מרכז קהילתי ""מקור-חיים"" נתניה  (ע""ר)",True
580042513,"הועדה להצלה ולקליטה רוחנית של עולי רוסיה וארצות המצוקה שע""י הסתדרות אגו""י העולמית (ע""ר)",True
580186377,"קשת אילון (ע""ר)",True
580145191,"עמותת בוגרי 8200 (ש.מ.2) (ע""ר)",True
580086379,"כולל שס דעת יוסף (ע""ר)",True
580012946,"חברה קדישא חדרה גחש""א (ע""ר)",True
580097202,"אגודת בית אברהם ע""ש אדמור""י קופישניץ זלו""ק (ע""ר)",True
580007649,"הוצאת הגפן (ע""ר)",True
580218774,"נהר אפרסמון (ע""ר)",True
580343309,"עדנים - עמותה לקידום ולטיפול באוכלוסיות נוער מיוחדות (ע""ר)",True
580344885,"העמותה לקידום בית הספר הדמוקרטי בערד (ע""ר)",True
580295699,"אוהל סעדיה (ע""ר)",True
580379501,"הקרן לעזרה סיוע וצדקה (ע""ר)",False
580075737,"ישיבת תורה אור - ירושלים מיסודו של מרן הגאון רבי חיים פינחס שיינברג זצוק""ל (ע""ר)",True
580093722,"מוסדות תורה ואמונה (ע""ר)",True
580278851,"המרכז האקדמי הרב תחומי ירושלים  (ע""ר)",True
580350676,"השיבנו- האגודה להפצת ערכי היהדות (ע""ר)",True
580223451,"העמותה לקידום ההנדסאי והטכנאי (ע""ר)",True
580311181,"שייט חיפה (ע""ר)",True
580365492,"בית הכנסת המרכזי לספרדים - אדמונד ספרא (ע""ר)",True
580180438,"מועדון השחמט - ראשון לציון (ע""ר)",True
580161586,"ישיבה ותלמוד תורה כפר חב""ד (ע""ר)",True
580283083,"מרכז מורשת ליהדות סוריה ולבנון בישראל (ע""ר)",True
580281913,"בית הכנסת המרכזי - כרמים (ע""ר)",True
580071439,"בית הכנסת הספרדי עמידר נהריה  (ע""ר)",False
580350601,"דורשי השם (ע""ר)",True
580157550,"בית האומנות לחינוך ולתרבות - תרשיחא (ע""ר)",True
580275923,"מאורות השרון מכל הלב (ע""ר)",True
580377703,"רמות יהל (ע""ר)",True
580290484,"מכון אוהל דבורה קרית ספר (ע""ר)",True
580270403,"הליכות הארץ - משמרת המצוות במשקים החקלאיים (ע""ר)",True
580087732,"נאמני בית הכנסת תפארת צבי - איצקוביץ (ע""ר)",True
580035962,"בית כנסת ""שערי רחמים"" צמרת הבירה, ירושלים  (ע""ר)",True
580072833,"ימי עולם בני ברק (ע""ר)",True
580125029,בית הכנסת עץ החיים - בית-שמש,True
580215994,"מאיר אורה (ע""ר)",True
580128114,"המכון הירושלמי למוסיקה בת-זמננו  (ע""ר)",False
580236099,"אומ""ץ - מפעלים חינוכיים (ע""ר)",True
580232965,"אגודת הסטודנטים המרכז האקדמי לב (ע""ר)",True
580352128,"חסד מציון - גמ""ח מזון קריות, ע""ש בן ציון חדד ז""ל (ע""ר)",True
580014520,"מרכז לחינוך תורני לב שמחה דחסידי גור אשדוד (ע""ר)",True
580217214,"עמותה לויפאסנה בישראל (ע""ר)",True
580131464,"בית חב""ד בנימינה שע""י צעירי אגודת חב""ד  (ע""ר)",True
580327674,"עמותת אלסבאר (ע""ר)",True
580007557,"מרכז רפואי שערי צדק (ע""ר)",True
580308815,"משכן מודיעין (ע""ר)",True
580117679,"ישיבה וכולל לאברכים ולבעלי תשובה נר התורה (ע""ר)",True
580114353,"אגודת בית הכנסת אשל - אלקנה (ע""ר)",True
580070993,"קרן מכבי (ע""ר)",False
580089894,"בית מדרש להוראה ""שער שמעון- אור תורה"" (ע""ר)",True
580034965,"בית הכנסת שבטי ישראל העדה האשכנזית בקרית בורוכוב רמת גן  (ע""ר)",True
580361772,"מתן בסתר - במבי (ע""ר)",True
580146801,"למען הקשיש בשפרעם (ע""ר)",True
580017531,"קהילת הוד והדר (ע""ר)",True
580072395,"כולל אור הרמ""א נתיבות (ע""ר)",True
580051118,"כולל תל גנים ""טל תורה"" (ע""ר)",True
580334779,"תיקון - מרכז למפגש, חינוך ושינוי חברתי (ע""ר)",True
580194801,"בית חב""ד רחובות שע""י צעירי אגודת חב""ד (ע""ר)",True
580001402,"עמותת אזור רוטרי ישראל (ע""ר)",True
580088888,"""בית יוסף"" בימ""ד לבעלי תשובה ע""ש הרב חיד""א הקדוש זצוק""ל",True
580353134,"עמותת גבעת הראל (ע""ר)",True
580347342,"תהילת חיים (ע""ר)",True
580273613,"בית הכנסת ברח' הרימון - רמת מודיעין (חשמונאים)  (ע""ר)",True
580353332,"בית מדרש אהבת שלום (ע""ר)",True
580068104,"ישיבת ברסלב רח' ברסלב בני ברק (ע""ר)",True
580378396,"סווא - כל הנשים ביחד היום ומחר (ע""ר)",True
580385144,"קהילות ישראל פתח תקוה (ע""ר)",True
580111052,"האגודה לג'ודו ואומנויות ההתגוננות בירושלים  (ע""ר)  THE JERUSALEM JUDO AND DEFENCE ARTS ASSOCIATION (R.A.)",True
580094019,"עמותה לשירותים להכשרה ולהשכלה למבוגרים ונוער (ע""ר)",True
580294072,"לב חיי משה (ע""ר)",True
580243251,"קרן חנן עינור                                        KEREN HANAN AYNOR (ע""ר)",True
580293967,"ארבע מאות שקל כסף (ע""ר)",False
580175362,מאורות משה (ע''ר),True
580272623,"מסורת חורב (ע""ר)",True
580369809,"כולנו אחים (ע""ר)",False
580162717,"ישיבת חיי משה לצעירים, ירושלים (ע""ר)",True
580182038,"מסילה - מכון ספרי יהדות לאדם המוגבל (ע""ר)",True
580137479,"בריתי יומם ולילה (ע""ר)",True
580288058,"מרכז תורני נחלי דעת (ע""ר)",True
580048783,"עמותת ישיבת קרית שמונה (ע""ר)",True
580365062,"לקראת - הפצת אור השבת (ע""ר)",True
580283703,"צדקת אליהו (ע""ר)",True
580284651,"בית יעקב לחינוך בקרית ספר מודיעין עלית (ע""ר)",True
580196780,"טהרת ישראל - מקוה חצור הגלילית  (ע""ר)",True
580130466,"בית מדרש גבוה להוראה - כולל אברכים רחובות - ע""ש הרב אלימלך בר שאול זצ""ל (ע""ר)",True
580118909,"ישיבת חסידי ברסלב, אור הנעלם, ירושלים (ע""ר)",True
580301711,"מוזיאון פרטי ארץ יהודה {ע""ר}",True
580081685,"בית הכנסת יוצאי ליפקני בבית מרתה גינצבורג (ע""ר)",False
580036028,"אגודת עמי - עמותה לטיפול באדם עם מוגבלות שכלית התפתחותית (ע""ר)",True
580301638,"כנסת אברהם - המאיר לעולם (ע""ר)",True
580016285,"אגודת שיבת ציון של עולי תימן בקרית אונו (ע""ר)",True
580051720,"הטרוסט הישראלי של הכנסיה האנגליקנית (ע""ר)",True
580025450,"בית המדרש חניכי הישיבות אוהל יעקב ולאה (ע""ר)",True
580051266,"פועלי צדק נתניה (ע""ר)",True
580317568,"עזרה פורתא לנזקק ת""א (ע""ר)",True
580339281,"לקידום הטכנולוגים הרפואיים, שליד ארגון הטכנולוגים בהסתדרות העובדים הכללית החדשה (ע""ר)",False
580063832,"בית הכנסת הגדול, שונה הלכות נתניה (ע""ר)",True
580101160,"בית מדרש להוראה כולל חלקת יעקב  (ע""ר)",True
580033199,"אגודת תפארת שלום (ע""ר)",True
580325066,"מוסדות משכנות התורה (ע""ר)",True
580031151,"מנין צעירים אור יעקב גבעת שמואל  (ע""ר)",True
580144830,"יחידת חילוץ גולן (ע""ר)",True
580068997,"אפשר- עמותה לפיתוח שירותי רווחה וחינוך (ע""ר)",True
580004331,"העמותה למוסדות תורה ותרבות של הספרדים על הר הכרמל (ע""ר)",False
580277911,"הקרן לפיתוח מרכז רפואי העמק (ע""ר)",True
580335511,"נר דוד רמלה (ע""ר)",False
580267359,"בית הגת (ע""ר)",False
580000271,"האגודה למען העוור הרצליה והשרון ע""ש מרים מוזס (ע""ר)",True
580049534,"האגודה לקידום הספורט באזור שער הנגב (ע""ר)",True
580166478,"גמעיית אלסלאם אלח'יריה - אעבלין (ע""ר)",False
580017812,"תלמוד תורה ""תורת אמת"" בני ברק (ע""ר)",True
580298412,"התאחדות תחנות הרדיו האזורי בישראל (ע""ר)",False
580214666,"אי.סי.אר.אף. - הקרן לחקר הסרטן בישראל (ע""ר) (.I.C.R.F. - ISRAEL CANCER RESEARCH FUND (R.A",True
580077527,"""עלה"" עמותה לחולי המופיליה",True
580195741,"קרית בנות (ע""ר)",True
580367415,"יחדיו - עמותת ותיקי שער הנגב (ע""ר)",True
580208486,"מקשב (ע""ר)",True
580199115,"משנה לחם - לחלוקת מזון לנצרכי רעננה (ע""ר)",True
580125854,"מאורות ירושלים (ע""ר)",True
580138832,"החובש הר נוף (ע""ר)",True
580078764,"חבורת ""אור זרוע"" (ע""ר)",True
580332427,"עמותת אחד לאחד (ע""ר)",True
580078129,"כולל נחלת יצחק - מרחבים (ע""ר)",True
580050276,"בית הכנסת חזון עובדיה נצח ישראל יהוד (ע""ר)",False
580176832,"תנו לחיות לחיות (ע""ר)",True
580335560,"יד יששכר ויצחק (ע""ר)",True
580221216,"מוסדות נתיב יצחק (ע""ר)",True
580102432,"ארגון גולשי גלים בישראל (ע""ר)",True
580090520,"אגודת ""ברכת חיים"" על שם מו""ר יוסף חיים זצ""ל (ע""ר)",True
580000768,"אור תורה סטון (ע""ר)",True
580044345,"בצלאל- אקדמיה לאומנות ועצוב ירושלים  (ע""ר)",True
580278596,"ניצוצי ישראל (ע""ר)",True
580176519,בית כנסת משכן אברהם כפר סבא (ע''ר),True
580017473,"המסורה מכון ובתי תלמוד תורה (ע""ר)",True
580317766,"תיאטרון מחול קליפה (ע""ר)",True
580211324,"בנין עולם ליהודי אמריקה הלטינית (ע""ר)",False
580065662,"ההתאחדות הלאומית לספורט הרכיבה THE ISRAEL EQUESTRIAN FEDERATION (ע""ר)",True
580347573,"הכנסת אורחים חברון (ע""ר)",True
580092690,"אגודת דור ישרים (ע""ר)",True
580022960,"המכון לקידום נוער ליצירתיות ולמצויינות מיסודה של דר' אריקה לנדאו (ע""ר)",True
580104867,"בעד חיים - אגודה למען הגנת האישה והעובר (ע""ר)",True
580143402,"התאחדות הכדורת בישראל (ע""ר)",True
580376663,"שובה ישראל עם כל הנשמה (ע""ר)",False
580197937,"גאון צבי - טשערנאביל (ע""ר)",True
580365013,"חשיפה של האמת (ע""ר)",True
580208916,"מוסדות שאו מרום עיניכם (ע""ר)",True
580145381,"קרן המרכז העולמי לקהילות יהודי צפון אפריקה מיסודו של ועד העדה המערבית בירושלים (ע""ר)",True
580179844,"מעלות חיים (ע""ר)",True
580251007,"יפה בנעימים (ע""ר)",True
580202034,"ידידי הקרן למורשת הכתל המערבי (ע""ר)",True
580383560,"ימין סעד (ע""ר)",True
580140606,"עצם - מכינה תורנית לצה""ל (ע""ר)",True
580303360,"בית מדרש גבוה לתורה סולם יעקב (ע""ר)",False
580170330,"דרכי נוער, באר שבע (ע""ר)",True
580044394,"ארגון מקבלי גימלא מקרן הגימלאות המרכזית  (ע""ר)",True
580063667,"בית כנסת ""בראשי"" (ע""ר)",False
580044360,"על""ה - העמותה למען המבוגר ברחובות (ע""ר)",True
580031540,"ההסתדרות הכללית של העובדים בארץ-ישראל - התאגדות לתרבות גופנית ""הפועל"" (ע""ר)",True
580009066,"""עד מאה ועשרים"" אגודה לעזרת הורים, חדרה (ע""ר)",True
580105666,"אגמון - עמותת גמלאי המוסד למודיעין ולתפקידים מיוחדים ופורשיו (ע""ר)",True
580294635,"חסד מנחם מענדל - ע""ש אדמו""ר רבי מנחם מענדל שניאורסון מליובאוויטש זיע""א  (ע""ר)",True
580470953,"מקדש מעט, בני ראם (ע""ר)",True
580185122,"בית הכנסת חניכי הישיבות נוסח מרוקו רמות  (ע""ר)",True
580238863,"כפר חב""ד, מפעלי חינוך תרבות רווחה ופיתוח (ע""ר)",True
580111847,"בית חב""ד עומר שע""י צעירי אגודת חב""ד (ע""ר)",True
580095099,"מפעלי חינוך ותלמוד תורה ""יוסף לקח"" ע""ש הרב יוסף בוכריס זצ""ל  (ע""ר)",True
580031987,"נועם שבת (ע""ר)",True
580142628,"עמותת ידידי גהה (ע""ר)",True
580150100,"התאחדות הסטודנטים והסטודנטיות בישראל - ארגון ארצי יציג (ע""ר)",True
580237097,"מרכז השל לקיימות (ע""ר)",True
580308849,"עמותת הספרדים - קיפודן (ע""ר)",False
580024115,"אגודת ישיבת החיים והשלום ירושלים ישראל (ע""ר)",True
580060739,"מרכז תורני גבוה לתורה ולחסידות ""אוהב ישראל"" (ע""ר)",False
580052348,"שערי חסד גמילות חסדים הכללי (ע""ר)",False
580022077,"חצר היישוב הישן ע""ש יצחק קפלן (ע""ר)",True
580141646,"עמותה לקידום הסיעוד האונקולוגי בישראל  (ע""ר)",True
580151884,"דש""ן - קופת הזכויות בארץ ישראל (ע""ר)",True
580142164,"בית הכנסת מגן דוד לעולי הודו אשדוד  (ע""ר)",True
580335057,"מתן- משקיעים בקהילה (ע""ר)",True
580290096,"התאחדות האדריכלים ובוני הערים בישראל (ע""ר)",True
580382166,"ספרית קודש - נוה דקלים (ע""ר)",True
580273225,"מתנ""ס - מרכז קהילתי להבים (ע""ר)",True
580041085,"מרכז תרבות והנצחה (ע""ר)",True
580026755,"ישיבת בריסק (ע""ר)",False
580060184,"בית הכנסת במלון הילטון תל-אביב (ע""ר)",True
580007615,"מועדון השייט טבריה (ע""ר)",True
580236867,"מבשר טוב (ע""ר)",True
580165132,"ארגון  רוקחים בשרות המדינה (ע""ר)",True
580050698,"""מפעל השס"" הכללי בהיכל התורה  (ע""ר)",True
580116465,"התאחדות המלאכה והתעשייה נתניה (ע""ר)",False
580010841,"מכבים יישוב קהילתי במודיעין (ע""ר)",True
580016889,"מוסדות תורה חינוך וחסד ""בית ברכה"" שע""י חסידי קרלין סטולין (ע""ר)",True
580060952,"אלווין ישראל (ע""ר)",True
580044261,"נעמת תנועת הנשים של ישראל (ע""ר)",True
580268506,"חסדי עובדיה (ע""ר)",True
580364206,"עמותה לחינוך מוסיקלי בקרית אונו (ע""ר)",True
580137644,"יד ליהודה הלוי  (ע""ר)",True
580240943,"קהילת ""אחוות-ישראל"" ראשון-לציון  (ע""ר)",True
580086023,"ועד העדה השומרונית בישראל (ע""ר)",True
580016509,"ישיבת התפוצות תורת ישראל (ע""ר)",True
580104040,"עמותת שכונת מרכז בעלי מלאכה - קהלת משכנות יעקב - בני ברק (ע""ר)",True
580361715,"בית יעקב כה תאמר (ע""ר)",True
580364156,"מועדון סקי מים בכבלים תל-אביב (ע""ר)",True
580365047,"יד משהם (ע""ר)",True
580014660,"העמותה למען העיוור על שם בטי וינוגרד - גוש דן (ע""ר)",False
580353126,"חב""ד סנטר -מרכז אור הגאולה (ע""ר)",False
580301356,"ישיבת בית יצחק ""ביתר"" (ע""ר)",True
580069789,"בית כנסת קדם - הקהילה ליהדות מתקדמת בתל אביב-יפו (ע""ר)",True
580018844,"בית כנסת ""יד דוד""  (ע""ר)",True
580073146,"חסדי נעמי (ע""ר)",True
580306207,"אור נהריה (ע""ר)",True
580303212,יחד בשמחה (ע''ר),True
580040368,"ביה""ח לעיניים סט גוהן בירושלים (ע""ר)",True
580302081,"אחי יהודה (ע""ר)",True
580322097,"בית כנסת ""כרמי ישראל"" נוסח אחיד (ע""ר)",True
580342103,"התאחדות מוסיקאים ואמנים ערביים בישראל (ע""ר)",True
580283463,"קרן מלא היד (ע""ר)",True
580293371,"אחיות הקהילה בישראל  (ע""ר)",True
580255321,"עטרת  גבריאל (ע""ר)",True
580294304,"נחלת חן ברסלב (ע""ר)",True
580022853,"אגודת קרית חב""ד בעיה""ק צפת ת""ו (ע""ר)",True
580027688,"פסגות כרמל - דיור מוגן  (ע""ר)",True
580178697,"התנועה למען איכות השלטון בישראל (ע""ר)",True
580022036,"כולל ואהלין (ע""ר)",False
580094779,"אגוד מכוני הרישוי בישראל (ע""ר)",True
580137438,"זכרון נחום - בני ברק (ע""ר)",True
580058113,"אגודת ""עבודת הקדש"" ע""ש ר' מאיר בן גבאי (ע""ר)",True
580160117,"אור שלום וחסד ירושלים (ע""ר)",True
580163574,"אקדמיית אלקאסמי (ע""ר)",True
580009728,"ש.ק.ל. - העמותה לתכנון ופתוח שרותים קהילתיים בבת-ים (ע""ר)",True
580340719,"עמותה ישראלית להנחיה ולטיפול קבוצתי (ע""ר)",True
580049989,"ישיבת חוג חתם סופר ""מחנה אברהם""",True
580173201,"מרכז שמעון ויזנטל- ישראל (ע""ר)",True
580063980,"ישיבת ""ראדין"" (ע""ר)",True
580373843,"הדור הרביעי (ע""ר)",True
580309672,"שבת אחים גם יחד (ע""ר)",True
580280352,"בית מדרש גבוה לתורה והלכה, תל-חנן (ע""ר)",True
580035251,"חדר הרב (ע""ר)",True
580305126,"תלמוד תורה בני מנחם בני ברק (ע""ר)",True
580311579,"""עמותת מיטב"" - מרכז לייעוץ , טיפול וחינוך בקהילה (ע""ר)",True
580372407,"קהילת אהבה ושמחה (ע""ר)",True
580228856,"מכון לרבני ישובים (ע""ר)",True
580360527,"היכל יצחק ספינקא (ע""ר)",False
580343986,"הוועד הארצי לראשי הרשויות המקומיות הערביות בישראל (ע""ר)",False
580144913,"מוסדות אמרי יהודה - סקעלהיד ירושלים (ע""ר)",True
580014223,"המכללה האקדמית לחינוך על שם דוד ילין (ע""ר)",True
580067049,"מכון אלטה שעל יד בית חנה (ע""ר)",True
580333896,"שלום 2000 אשדוד (ע""ר)",False
580326437,"דרך צרופה (ע""ר)",True
580313039,"המרכז להנצחת זכרו של אייל שמעוני ז""ל (ע""ר)",True
580124295,"פעמי בתיה (ע""ר)",True
580117331,"נחלת אמת (ע""ר)",True
580019305,"מנהלת עיר עולם ותיירות (ע""ר)",True
580234011,"עלומים - אגודה ישראלית של  ילדים שהוסתרו בצרפת בימי השואה (ע""ר)",True
580083897,"יד ימין אורד (ע""ר)",True
580228054,"קבוצת רעות (ע""ר)",True
580055275,"אגודת ג'ורג'יוס הקדוש האורתודוכסית ברמלה (ע""ר)",True
580138543,"פעולת צדיק (ע""ר)",True
580291235,"קרן מחקרים בעניני ביטוח ליד אגוד חברות הביטוח בישראל (ע""ר)",False
580380954,"מלאכת חושב פתח תקוה - מכון להפצת סת""מ לעם ישראל (ע""ר)",False
580363356,"כולל אברכים ויואל משה (ע""ר)",True
580021285,"ישיבת אחי תמימים ליובאויטש (ע""ר)",True
580358265,"המעלה השתים עשרה (ע""ר)",True
580089290,"בית חטיבת גבעתי (ע""ר)",True
580341204,"נגישות ישראל (ע""ר)",True
580305787,"ארודית (ע""ר)",True
580354850,"אלמיאדין תיאטרון א. א. פחם (ע""ר)",True
580003069,"אגודת הסטודנטים למקצועות הרפואה בעברית (ע""ר)",True
580148278,"הלכה למשה (ע""ר)",True
580362580,"המכללה האקדמית גליל מערבי (ע""ר)",True
580384162,"אשל אשדוד - מפעלי רווחה לקשישים ומוגבלים ע""ש שושנה שביט ז""ל (ע""ר)",True
580364537,"תלמוד תורה הרא""ם (ע""ר)",True
580282390,"בית כנסת ומרכז קהילתי חן הצפון  (ע""ר)",True
580002541,"קרית הישיבה בית אל (ע""ר)",True
580111045,"ישיבת תפארת צבי ותלמוד תורה ירושלים (ע""ר)",True
580141885,"בית כנסת ניצנים בקעה (ע""ר)",True
580038875,"ישיבת ברכי יוסף (ע""ר)",True
580049146,"מוסדות חינוך- כפר פינס (ע""ר)",True
580312361,"קהילת מוסדות מהרי""ץ דושינסקיא בית שמש (ע""ר)",False
580094977,"תאטרון מחול ענבל - מרכז אתני רב תחומי מיסודה של שרה לוי תנאי (ע""ר)",True
580031813,"מכון סאמיט  (ע""ר)",True
580024537,"המכון לחקר החקלאות עפ""י התורה (ע""ר)",False
580288777,"מרכז תורה חסידי רמת שלמה (ע""ר)",True
580274835,"אור ישראל - באר יצחק (ע""ר)",True
580022200,"לא לחימה באלימות נגד נשים (ע""ר)",True
580380012,"תמורה (ע""ר)",True
580086866,"תלמוד תורה יעבץ (ע""ר)",True
580376093,"קופת הקהל - חיפה (ע""ר)",True
580013860,"אגודת הסופרות והסופרים העברים בישראל (ע""ר)",True
580209864,"בית כנסת ""כינור יוסף""  (ע""ר)",False
580064590,"מעונות יום וגני ילדים למען הילד העולה של נשי אגודת ישראל (ע""ר)",True
580258119,"ביתר אשדוד - טניס שולחן (ע""ר)",True
580060317,"התאחדות עתונאי חוץ בישראל (ע""ר)",True
580304152,"תורת יוחאי ומשה ע""ש יוחאי ישראלוף ומשה רביוב ז""ל (ע""ר)",False
580045268,"בית המדרש לתורה ""יד אברהם"" (ע""ר)",True
580276186,"אהל אברהם ע""ש ר' אברהם אבוחצירא זצ""ל ור' אברהם יפרח זצ""ל מושב מצליח (ע""ר)",True
580136547,"בית הכנסת חניכי הישיבות בית וגן ירושלים (ע""ר)",True
580031680,"מוסדות חסידי בעלזא בני-ברק (ע""ר)",True
580069375,"ישיבת ""נוה דוד"" ע""ש הרב דוד שרגא זצ""ל (ע""ר)",True
580306603,"בקול, ארגון כבדי שמיעה ומתחרשים (ע""ר)",True
580353183,"רמת שלום (ע""ר)",True
580341527,"קהילת בני ירושלים פרושים ביתר (ע""ר)",False
580349298,"שמחת רחל (ע""ר)",True
580263762,"רשת המתנ""סים - קרית מוצקין (ע""ר)",True
580086171,"עמותה - אבן סינא (ע""ר)",False
580300382,"מעלות דוד (ע""ר)",True
580242451,"המכללה האקדמית נתניה (ע""ר)",True
580049096,"אליק""ם-העמותה למען אזרחים וותיקים קרית מוצקין (ע""ר)",True
580299485,"מיטב לקידום תרבות הספורט - מודיעין (ע""ר)",True
580330975,"כתף לזולת ותומכי שבת (ע""ר)",True
580002707,"שרות מתנדבים ""דלת פתוחה"" (ע""ר)",False
580265718,"מוסדות חסידי בעלזא חיפה (ע""ר)",True
515940096,"מסאחה - מרחב  בע""מ (חל""צ)",False
580007870,"קהילת יער רמות (ע""ר)",True
580027407,"בני ברית - לשכת ירושלים (ע""ר)",True
580282697,"עמותת ההורים לקידום החינוך בתיכון א' ת""א (ע""ר)",True
580332823,"תפארת בנים-קרית הרצוג (תימנים) (ע""ר)",True
580266104,"מרכז לאמנות חזותית בתל אביב (ע""ר)",False
580035533,"גשרים למען השלום (ע""ר)",True
580257194,"פותח שערים (ע""ר)",True
580318012,"כולל יהודה אריה, עמותה רשומה",True
580327310,"ישיבת ארחות תורה (ע""ר)",True
580293249,"מעלות שמואל (ע""ר)",False
580318251,"מוסד עם הזיכרון למדע, תרבות ומורשת העם היהודי (ע""ר)",True
580069086,"אגודת בית כנסת אהבת אחים גבעת שמואל (ע""ר)",True
580042125,"מכבי רעננה (ע""ר)",True
580004851,"ניצן סניף תל אביב - אגודה לקידום ילדים לקויי למידה הסתגלות ותיפקוד (ע""ר)",True
580256493,"משכן מיכאל (ע""ר)",False
580360808,"ת""ת שפתי רננות (ע""ר)",True
580353324,"קרן קאהן (ע""ר)",True
580181337,"עמותת הותיק - גליל מערבי (ע""ר)",True
580375269,"מ.ח. מחזיק ברכה (ע""ר)",True
580350379,"עמותת קשת - קהילה, תרבות, סביבה (ע""ר)",True
580194306,"בית חב""ד גבעת שמואל שע""י צעירי אגודת חב""ד  (ע""ר)",True
580244168,"איגוד הג'ודו בישראל (ע""ר)",True
580241529,"הדדית - קרן ישראלית לעזרה (ע""ר)",True
580278315,"מועדון הסייף הפועל כפר סבא (ע""ר)",True
580236602,"הפועל - ספורט למקומות עבודה מחוז באר שבע (ע""ר)",True
580235687,"איגוד ספורטיבי דתי - אליצור רעננה (ע""ר)",True
580047702,"ישיבת אור יצחק יהוד (ע""ר)",True
580183580,"סיכוי אופוק - לשוויון ושותפות- سيكوي أفق - للمساواة والشراكة (ע""ר)",True
580113595,"ישיבת יטב לב דסאטמאר (ע""ר)",True
580267714,"כולל צאנז ללימוד יורה דעה (ע""ר)",True
580377885,"מנוחה נכונה לכולם (ע""ר)",True
580178754,"חומש - החטיבה השיקומית של העובדים הסוציאלים בישראל (ע""ר)",False
580137180,"עמותת אלכסנדרוני (ע""ר)",True
580249969,"העמותה לקידום מקצועי וחברתי של עובדי עירית תל אביב - יפו (ע""ר)",True
580029569,"אגודת בית כנסת שערי רצון יוצאי אפגניסטן, חולון (ע""ר)",False
580320968,"אגודת הסטודנטים של המכללה האקדמית להנדסה בת""א (ע""ר)",False
580112688,"ביתנו - המרכז לגימלאי רמת-השרון (ע""ר)",True
580135051,"מועדון חברים - להבים (ע""ר)",True
580290856,"קופת הצדקה שערי רחמים נחלת סירוקה - בני ברק (ע""ר)",True
580384568,"בית הכנסת הספרדי מעלה מכמש (ע""ר)",True
580216372,"""רגעים""- עמותה לחינוך בלתי פורמלי בנתניה (ע""ר)",True
580025617,"אגוד הגולף בישראל  (ע""ר)",True
580111060,"הליגה נגד השמצה - ישראל (ע""ר) (.ANTI-DEFAMATION LEAGUE - ISRAEL (R.A",True
580182939,"אל-ארצי אילת (ע""ר)",True
580041713,"העמותה להנצחת חללי חיל הקשר והתקשוב (ע""ר)",True
580034668,"אגודת חב' קדישא גמילת חסד של אמת (גחש""א) נתניה והסביבה  (ע""ר)",True
580020477,"קרית חנוך מבשרת ציון בהרי ירושלים (ע""ר)",True
580023265,"ישיבת חברת אהבת שלום רחוב לוי יצחק מברדיצ'וב 12 ירושלים (ע""ר)",True
580210870,"מכון תל אביב לחזנות (ע""ר)",True
580045318,"בית הכנסת  בני יששכר ודברי חיים  (ע""ר)",True
580300739,"קרן מחקרים רפואיים, פיתוח תשתית ושרותי בריאות - ליד המרכז הרפואי בני ציון (ע""ר)",True
580355352,"שערי יהודה (ע""ר)",True
580095669,"אולפנת ""רעות"" המרכז לחינוך בנות בית בלומה (ע""ר)",True
580031581,"אגודת פקחי הטיסה בישראל (ע""ר)",True
580013167,"תיאטרון אורנה פורת לילדים ולנוער (ע""ר)",True
580389534,"רמות אשר ירושלים (ע""ר)",True
580082725,"ישיבת הגר""ח  (ע""ר)",True
580161628,"""נשמת"" מדרשה גבוהה ללימודי תורה לנשים (ע""ר)",True
580130862,"משכן ברנע (ע""ר)",True
580057867,"על""א ההתאגדות לעידוד למידה לאורך החיים (ע""ר)",True
580233047,"המרכז לקידום התרבות, החינוך וההכשרה - באקה אלגרבייה  (ע""ר)",True
580078194,"מוסדות התורה והחסד ""מאור ישראל"" שע""י חסידי גור בני ברק (ע""ר)",True
580288900,"באר התלמוד  (ע""ר)",True
580223758,"תלמוד תורה תפארת בוסטון בני ברק (ע""ר)",True
580025302,"קרן להחזקת מוסדות ישיבת פוניבז (ע""ר)",True
580217172,"קרן אסתר ויונה קירשנבאום עבור קשישים (ע""ר)",True
580224855,"עולל  - עזרה ואהבה לילד ולתלמיד (ע""ר)",False
580326510,"עטרת בנות ירושלים (ע""ר)",True
580139053,"נוצרים ידידי ישראל (ע""ר) (CHRISTIAN FRIENDS OF ISRAEL (REGISTERED AMUTA",True
580344943,"בית כנסת רבי מאיר בעל הנס (שערי חסד) ירושלים (ע""ר)",True
580270270,"חכמת רבי שלמה זלמן זצ""ל (ע""ר)",True
580343374,"עמותת פרחי כרמיאל (ע""ר)",True
580027050,"נתיבי עם (ע""ר)",True
580374445,"עמותת שחייני אשדוד (ע""ר)",True
580183846,"בית אור אביבה (ע""ר)",True
580070662,"בית הכנסת ""צעירי פרס"" ירושלים  (ע""ר)",True
580338614,"בית מדרש גבוה שערי ברכפלד (ע""ר)",True
580130821,"סדנת אנוש (ע""ר)",True
580116259,"ישיבת אוצר החיים לבעלי תשובה פרדס כץ (ע""ר)",True
580389492,"ים אהבתו (ע""ר)",True
580036887,"היכל שלמה המרכז למורשת היהדות בירושלים (ע""ר)",True
580321024,"מדה אלכרמל - המרכז הערבי למחקר חברתי ויישומי (ע""ר)",True
580279321,"מרכז חרדי להכשרה מקצועית (ע""ר)",True
580223378,"תלפיות - משכנות תורה והוראה (ע""ר)",True
580111656,"עמותת הקצינים הדרוזיים המשוחררים בישראל - 1986 (ע""ר)",True
580198554,"פרויקטים במחול - שליד תיאטרון מחול רנה שינפלד  (ע""ר)",True
580117638,"עמותת בית הכנסת שלמי חיים ע""ש חיים מופדלי  (ע""ר)",True
580203651,"אירגון ארצי של עובדי החברה למתנ""סים מרכזים קהילתיים בישראל    NATIONAL ORGANIZATION OF THE ISRAEL ASSOCIATION OF COMMUNITY CENTERS WORKERS (ע""ר)",True
580165306,"בית הכנסת ישמח משה ע""ש שר הפנים מ.ח. שפירא ז""ל (ע""ר)",True
580277952,"מפעלי תורה וחסד לזכרון שרה זיסל (ע""ר)",True
580364511,"עמותה למען חתולי רחוב בירושלים (ע""ר)",True
580017275,"מרחביה - אגודה לקידום החינוך התורני (ע""ר)",True
580102804,"העמותה לפיתוח וחינוך - הר חברון (ע""ר)",True
580185502,"ארגון פעילים לב לאחים - מרכז לפעילות התנדבותית בארץ ישראל (ע""ר)",True
580293835,"עמותת ח.ס.ד. - שירותי חינוך, סיוע ודת (ע""ר)",True
580151728,"כולל דעת תורה - ומכון להוצאת ספרים, בעיה""ק ירושלים ת""ו (ע""ר)",True
580173219,"ישיבת המקובלים נחלת יצחק ע""ש זקן המקובלים הרב יצחק כדורי (ע""ר)",False
580223550,"העמותה לקידום מקצועי-חברתי של האחים והאחיות בבתי החולים (ע""ר)",True
580310415,"מוסדות בית מרדכי (ע""ר)",True
580146231,"אגודת נוער שוחר משפט עברי (ע""ר)",False
580315984,"מיטב קידום תרבות הספורט נתניה (ע""ר)",True
580255578,"כפר ילדים דוד (ע""ר)",True
580240364,"בית הכנסת אברהם אבינו , אשדוד (ע""ר)",True
580349223,"תנועת אורות (ע""ר)",True
580034494,"קרנות לעזרה הדדית של עובדי הסוכנות היהודית לארץ-ישראל (ע""ר)",True
580065423,"המרכז העולמי של חסידי גור (ע""ר)",True
580017614,"קרן תלפד (ע""ר)",False
580224038,"אמרי דעת (ע""ר)",True
580027167,"עמותת הסוס הערבי בישראל  (ע""ר)",True
580207348,"מפעלי גבורה שבחסד מיסודו ולזכרו של הגאון החסיד והמחנך רבי גודל אייזנר זצ""ל (ע""ר)",True
580308187,"בית כנסת היכל שלמה ע''ש שלמה כהן ז""ל, שדה יעקב (ע""ר)",True
580107886,"אגודת הורים ושוחרים של בית הספר הפתוח - חיפה  (ע""ר)",True
580238178,"הפועל יקנעם (ע""ר)",True
580070167,"ארגון גני הילדים הפרטיים בישראל (ע""ר)",False
580018141,"חברה קדישא (גחש""א) רעננה (ע""ר)",True
580234581,"עמותת כדור-יד נשים הפועל פתח תקוה (ע""ר)",False
580262749,"""נוטרדאם"" אגודה לחינוך ותרבות - הגליל NOTRE DAME"" CULTURAL AND EDUCATIONAL ASSOCIATION - GALILEE"" (ע""ר)",True
580192425,"""אהל דב"" - אשדוד ע""ש הרה""ח ר' דב סוכצ'בסקי ז""ל (ע""ר)",True
580035624,"יחד, רמת השרון (ע""ר)",True
580071934,"מרכז לתורה ולחסידות נועם אלימלך ליז'ענסק (ע""ר)",True
580038867,"""קשת"" - קדום שרותי תקון (ע""ר)",True
580305076,"ביהכ""נ הספרדי ""מצפה אפק"" (ע""ר)",True
580007466,"ישיבת ""בית מתתיהו"" ע""ש הגה""צ ר' מתתיהו זאב שציגל זצ""ל בני-ברק (ע""ר)",True
580343234,"איגוד מנהלי משאבי אנוש ברשויות המקומיות (ע""ר)",True
580357911,"בשביל החיים  (ע""ר)",True
580112886,"קרן ע""ש אנה רוזה ודוד רנרט מיסודה ובפקוחה של ""אמונה""  (ע""ר)",True
580288082,"מחקר ופיתוח החקלאות בערבה (ע""ר)",True
580339745,"עוצמה - עמותת משפחות לקידום בריאות הנפש (ע""ר)",True
580369486,"בית המדרש לנשים באפרת וגוש עציון (ע""ר)",True
580075497,"קהילה משיחית בית-אסף נתניה  (ע""ר)",True
580097749,"למען ילדים חולי סרטן המטופלים בבית חולים המרכזי בעמק  (ע""ר)",False
580165025,"ישיבת ""ברכת אהרן הכהן"" (ע""ר)",True
580176683,"העמותה למען הילד 1990 לוד (ע""ר)",True
580352169,"איגוד ישראלי לפסיכולוגית העצמי ולחקר הסובייקטיביות (ע""ר)",True
580310977,"לכו נרננה - גבעת שמואל (ע""ר)",True
580215259,"האגודה למען טוהר המחנה (ע""ר)",True
580092716,"בית הכנסת המרכזי - אשכנזי גבעת מרדכי  (ע""ר)",True
580152429,"עמותת עין יעל (ע""ר)",True
580353357,"רעננה סופטבול - קבוצת סופטבול (ע""ר)",True
580258275,"העמותה לקידום החינוך והתרבות היהודיים לאומיים בראשון לציון (ע""ר)",False
580471704,"אליצור הוד השרון (ע""ר)",False
580382885,"מכון מעיין (ע""ר)",False
580322295,"דיירי רח' פאטל ברמת שלמה  (ע""ר)",True
580349041,"מרכז רוחני - צור הדסה (ע""ר)",True
580310563,"עמותת ידידי ביה""ס הצרפתי בירושלים (ע""ר)",False
580324135,"בית מדרש לממונות ""זכרון משה"", עמותה רשומה",True
580279412,"שירת התורה (ע""ר)",True
580020758,"רשת המרכזים הקהילתיים יקנעם (ע""ר)",True
580308856,"""ברון יחד"", עמותה",True
580253656,"עמותת הנערות המוסלמיות להכשרה מקצועית  (ע""ר)",False
580086775,"המוזיאון הפתוח, גן התעשייה תפן (ע""ר)",False
580172963,"דקל - דרך ארץ קדמה לתורה (ע""ר)",True
580070704,"בית לכל ילד בישראל (ע""ר)",True
580314409,"קרן הנצחה ע""ש יוחנן הילברג ז""ל (ע""ר)",True
580012318,"אגודת עזרה למרפא שע""י אברכי חסידי בעלזא (ע""ר)",True
580059699,"הארגון למען המשפחה בישראל (ע""ר)",True
580001345,"מרכז קהילתי הרצליה ב (מיסודו של מכון המים חוף-ים) (ע""ר)",True
580022820,"המכללה למינהל מיסודה של הסתדרות הפקידים (ע""ר)",True
580246395,"תפארת שלמה ע""ה למלכי בית דוד ע""ה (ע""ר)",True
580231454,"מרכז קהילתי צ'רקסי - כפר קמא (ע""ר)",True
580022101,"חברה קדישא גחש""א המאוחדת דכוללת החסידים (ע""ר)",True
580103596,"בית עולות מוסד ופנימיה לבנות עולות חדשות ויתומות (ע""ר)",True
580304905,"עמותת שבזי באר שבע (ע""ר)",True
580118297,"יקר, תורה, יצירה והתחדשות (ע""ר) (YAKAR, TRADITION CREATIVITY (REGISTERED AMUTA",True
580231769,"ברכת שלם (ע""ר)",True
580078582,"אנשי מעשה (ע""ר)",True
580110518,"ישיבת בית ישראל - כולל זכרון שלמה בית יהודה ליב (ע""ר)",True
580278216,"הנקודה היהודית בתל - אביב (ע""ר)",True
580232593,"עטרת מלכות (ע""ר)",True
580134500,רגש - לרווחת הגיל השלישי (ע''ר),True
580039253,"יד למורשת חיים הזז (ע""ר)",True
580279099,"גמ""ח ""דרכי ציון"" לזכר רס""ן ציון עזרא ז""ל (ע""ר)",True
580145696,"מכוני השכלה, תרבות ואומנויות - תל חי בגליל הגליון (ע""ר)",True
580294031,"עמותת בית מדרש לתורה גור בית יהודה ומחלה קוט כולל אברכים דחסידי גור חיפה (ע""ר)",True
580223204,"פני מאיר (ע""ר)",True
580024800,"נשי אמי""ת (ע""ר)",True
580005536,"ישיבת דבר ירושלים האקדמיה הירושלמית ללמודי יהדות (ע""ר)",True
580224988,"בית כנסת עטרת חיים ע""ש חיים מלכה ניסים וחסיבה עטר בית שמש (ע""ר)",True
580073831,"ארגון הסגל האקדמי הבכיר של אוניברסיטת חיפה (ע""ר)",False
580357614,"תורת בנימין - מוסדות חינוכיים מזרח בנימין (ע""ר)",True
580312270,"עמי""ט - עמותת יוצאי היחידה הטכנולוגית (ע""ר)",True
580027159,"יד התותחנים - העמותה להנצחה ומורשת תותחנים בישראל (ע""ר)",True
580115418,"האגודה הישראלית לטיפול מיני - איט""מ (ע""ר)",True
580376556,"מרכז לספר ולקורא (ע""ר)",False
580341808,"עמותת הבשורה המארונית - נצרת  (ע""ר)",True
580221208,"כולל אור תורה אלגריבה אופקים (ע""ר)",True
580141562,"מרכז התורה חזון ברוך ירושלים (ע""ר)",False
580261550,"בית החסידים דגור חיפה, הדר הכרמל (ע""ר)",True
516085669,"אוריאל מלב אל לב  בע""מ (חל""צ)",True
580254282,"קהילת הגבעה  (ע""ר)",True
580386886,"משפט לציון (ע""ר)",True
580320588,"עמותת המדרשה למנהיגות - מכינה קדם צבאית בגליל העליון (ע""ר)",True
580132025,"גג לחיות (ע""ר)",True
580123149,"קהל קודש נוה ציון תכב""ץ בארה""ק (ע""ר)",True
580047751,"חברה קדישא הראשית והכללית דכוללות אשכנזים בעיה""ק ירושלים ת""ו (ע""ר)",True
580072221,"מתנ""ס יסוד-המעלה  (ע""ר)",True
580352771,"מכבי הלוחם הצעיר (ע""ר)",True
580338010,"משכן עלי - העמותה לקידום בתי הכנסת בעלי (ע""ר)",True
580154151,"נר יהודה - ע""ש הרב יהודה לייב חסמן זצ""ל (ע""ר)",False
580307379,"זק""א - איתור חילוץ והצלה (ע""ר)",True
580359982,"לב בנים על אבותם (ע""ר)",True
580127488,"מוסדות זבחי צדק - אשדוד (ע""ר)",True
580257343,"עמותת בית הכנסת המרכזי - צור יגאל (ע""ר)",True
580279636,"בני רמת-גן, מחלקת הכדורסל מייסודם של בית""ר ומכבי רמת-גן (ע""ר)",False
580269561,"עמותה לקידום וטיפוח המוסיקה הערבית בארץ (ע""ר)",True
580195790,"ארגון סגל המחקר במשרד הבטחון, ברפא""ל ובמשרד ראש הממשלה (ע""ר)",False
580103026,"תיאטרון תנועה ""תמו-נע"" (ע""ר)",True
580215150,"מועדון קלעי חיפה (ע""ר)",True
580016707,"בית כנסת נצח ישראל גדרה (ע""ר)",True
580192862,"דברי יציב (ע""ר)",True
580208536,"מכבי השרון נתניה (ע""ר)",True
580386407,"איגוד מנהלי הישיבות והמוסדות התורניים (ע""ר)",True
580305910,"תאגיד הבריאות ליד המרכז הרפואי צפון (ע""ר)",True
580266302,"המרכז האקדמי למשפט ולעסקים (ע""ר)",True
580240489,"המחנות העולים (ע""ר)",True
580326460,"מוסדות שערי קדושה - בני ברק (ע""ר)",True
580053114,"יד לבנים קבוץ רוחמה (ע""ר)",False
580240703,מוסד אלאמירה בסמה בירושלים (ע''ר),True
580187078,"הקרן לשיתוף פעולה כלכלי  (ע""ר)  THE ECONOMIC COOPERATION FOUNDATION (R.A.)",True
580214146,"ישמע חכם אוהל שלמה  (ע""ר)",False
580039816,"מוסדות כולל הורדנא (ע""ר)",True
580140259,"בית הכנסת יחזקאל בכור (ע""ר)",False
580038677,"אמילי (ע""ר)",True
580291011,"חסדי אבות - למען נזקקים, תשושים וסיעודיים עולי משהד (ע""ר)",True
580299543,"איגוד האינטרנט הישראלי (ע""ר)",True
580002723,"מכללה ירושלים (ע""ר)",True
580298842,"מרכז למידה דתי (ע""ר)",True
580005767,"מרכז סיוע לנפגעות אונס ותקיפה מינית- חיפה והצפון (ע""ר)",True
580268563,"מכון ""יחוה דעת"" לפרסומים תורניים הלכתיים (ע""ר)",True
580291359,"עדן - העמותה לקידום פרוייקטים חינוכיים, חברתיים ותרבותיים בנגב הצפוני (ע""ר)",True
580152023,"בית הכנסת המרכזי שכון הפועל המזרחי ראשון לציון (ע""ר)",True
580312825,"תלמוד תורה כלל חסידי לאנשי ירושלים (ע""ר)",True
580384246,"למען אחי שע""י אברכים יוצאי גרוזיה בא""י (ע""ר)",True
580017341,"הסתדרות הרוקחים בישראל  (ע""ר)",False
580192508,"עמותת רחף (ע""ר)",True
580044774,"אגודת בית הכנסת ""היכל יהודה"" ע""ש הרה""ג י.ל. צירלסון זצ""ל. (ע""ר)",True
580217628,"קרן אלי ויזל - ישראל (ע""ר)",True
580333862,"אלרפאה - עמותה לענייני רווחה בכפר ברא (ע""ר)",True
580156776,"קהילת מעיין (ע""ר)",True
580102416,"רבדים בגליל (ע""ר)",True
580390565,"קו-תרבות (ע""ר)",True
580278620,"אמונה - מכינה לאקדמיה (ע""ר)",True
580264208,"שובו - RETURN (ע""ר)",True
580111185,"להקת מחול בת-שבע (ע""ר)",True
580094654,"עידן - העמותה לשירותים קהילתיים ומוסדיים לזקנים ובעלי מוגבלויות (ע""ר)",True
580348084,"אלצלאח ואלאצלאח (ע""ר)",False
580064996,"עמותת עלה לרווחת הילד, הנוער והקהילה ברמת גן (ע""ר)",True
580372423,"לינת החסד- צדקת ירושלים (ע""ר)",True
580351856,"האגודה הסטודנטיאלית מכללת קיי ב""ש  (ע""ר)",True
580377539,"בית כנסת ""מערב הרצליה"" (ע""ר)",True
580074870,"כולל אברכים פקודת אלעזר (ע""ר)",True
580023968,"רננות - המכון למוסיקה יהודית (ע""ר)",True
580055911,"לדעת - לבחור נכון (ע""ר)",True
580358323,"עמותת רופאי השיניים הערבים בישראל (ע""ר)",True
580072270,"חוג הנוער הדתי (ע""ר)",True
580028454,"תנועת הצופים העבריים בישראל (ע""ר)",True
580258739,"שמע ד' קול יהודא (ע""ר)",True
580266146,"בית אבות אבן העזר, חיפה EBENEZER SENIOR CITIZENS HOME, HAIFA (ע""ר)",True
580382836,"יוניסטרים (ע""ר) (.UNISTREAM (R.A",True
580087914,"לב חיים (ע""ר)",True
580253367,"מרכז קהילתי ג'וליס  (ע""ר)",True
580068526,"בית כנסת בית מרדכי - רמות, ירושלים  (ע""ר)",True
580031607,"קרן בית ישראל ירושלים (ע""ר)",True
580095347,"איגוד יוצאי קהילת פאקש-סנדרא (ע""ר)",True
580050953,"דרכי חיים  אגודה לקידום רוחני (ע""ר)",True
580024925,"קרן ילדנו - מרכזי תקותנו (ע""ר)",True
580247633,"עמותת  באר העולם (ע""ר)",True
580171841,"דרך בינה (ע""ר)",True
580341899,"בית כנסת יריעות שלמה מצפה אפק (ע""ר)",True
580031896,"האגודה לעידוד התיירות לנתניה (ע""ר)",True
580230134,"בית הספר התיכון החרדי לבנות ""בית יעקב"" חיפה (ע""ר)",True
580200509,"בית חב""ד ליובאוויטש מעלות שע""י צעירי אגודת חב""ד (ע""ר)",True
580076842,"אמנים יוצרים בישראל (ע""ר)",True
580334605,"מדרשת חמד""ת - רעות רמת גן (ע""ר)",False
580026060,"הדסה נעורים - בי""ס תיכון ומכללה של הסוכנות היהודית והדסה (ע""ר)",True
580046134,"בית לוחמי הגיטאות ע""ש יצחק קצנלסון למורשת השואה והמרד (ע""ר)",True
580121473,"אל-עמי אילת (ע""ר)",True
580012664,"ישיבת תומכי תמימים ליובאוויטש חבד (ע""ר)",True
580087971,"האגודה הישראלית של קלינאי התקשורת (ע""ר)",True
580126100,"מעלה - המרכז לציונות דתית (ע""ר)",True
580021764,"התאגדות הישראלית לברידג' (ע""ר)",True
580087716,"פסגה - אגודה להחדרת תורה ויהדות לעם (ע""ר)",True
580235059,"עמותת מגן לחולה                                    AMUTAT MAGEN LAHOLE (ע""ר)",True
580302479,"אור וישועה (ע""ר)",True
580385193,"לב שמח - מוסדות רווחה וחסד (ע""ר)",True
580030567,"בית הכנסת הגדול מזכרת בתיה  (ע""ר)",True
580387900,"תיקון הסולם (ע""ר)",False
580206167,"מבקשי תורה וחסד (ע""ר)",False
580201994,"מוסדות חוט של חסד (ע""ר)",True
580363968,"אמרי דבש (ע""ר)",True
580228153,"עמותת בריכת כנרות (ע""ר)",False
580368231,"היכל הנגינה (ע""ר)",True
580281632,"מת""ן - מועדון הטוניסאים נתניה  (ע""ר)",False
580129807,"מרכזי בריאות קהילתיים ירושלים (ע""ר)",True
580109775,"לשכת המסחר והתעשיה ישראל - צרפת (ע""ר)",True
580001477,"איכות בשיקום (ע""ר)",True
580180537,"הפועל _ המחלקה לספורט במקומות העבודה - ירושלים (ע""ר)",True
580061554,"אגודת ידידי הגנים הבוטניים בירושלים (ע""ר)",True
580208478,"חיי קודש (ע""ר)",True
580098291,"קהילת עטרת נוף (ע""ר)",True
580164440,"עוז ותעצומות (ע""ר)",False
580079754,"קרן אשדוד (ע""ר)",True
580058998,"דור לדור עפולה - העמותה לפיתוח שירותים לאוכלוסיה המבוגרת (ע""ר)",True
580371003,"תפארת מהרא""ל צינץ (ע""ר)",True
580354538,"למרחב לשינוי חברתי (ע""ר)",True
580186492,"יש""ע - העמותה לפיתוח הישוב היהודי ביהודה שומרון וחבל עזה (ע""ר)",True
580109254,"ילדים בסיכוי (ע""ר)",True
580352540,"עמותת הפועל לקידום הספורט הייצוגי בפרט והחינ""ג והספורט בעראבה בכלל (ע""ר)",True
580387637,"רעותא (ע""ר)",True
580284719,"העמותה לקידום הספורט בנוף הגליל (ע""ר)",True
580037430,"ש.ע.ל - שלום עכשיו לישראל מפעלים חינוכיים (ע""ר)",True
580202083,"""בני שלמה"" (ע""ר)",True
580161297,"מרכז הדר התורה (ע""ר)",True
580120442,"עמותת חוויה במרחבים- העמותה למען החבר הוותיק הנכה והנזקק במרחבים (ע""ר)",True
580377521,"טוב וחסד אזור הקריות (ע""ר)",True
580342863,"מכינת ארזי הלבנון (ע""ר)",True
580092237,"מכון נחלת צבי בירושלים MACHON NACHLAT ZVI IN JERUSALEM (ע""ר)",True
580033272,"היכל אברהם אלימלך המתיבתא לצעירים מצטיינים (ע""ר)",True
580093680,"מכבי זכרון יעקב (ע""ר)",True
580215853,"אורות ישראל- מכללה אקדמית לחינוך מיסודן של מורשת יעקב ואורות ישראל (ע""ר)",True
580119154,"קרן המוסיקאים, עמותה לעזרה הדדית של המוסיקאים בישראל (ע""ר)",False
580086320,"תורת הנחל (ע""ר)",True
580026649,"כולל וילנא ליטא זאמוט קורלאנד וליפלאנד בעיה""ק ירושלים (ע""ר)",True
580380129,"עמותת דניאל לקידום חינוך ולדורף (ע""ר)",True
580093961,"ישיבת מקור חיים (ע""ר)",True
580017226,"עמותת בית כנסת ""שובו בנים"" קרית אתא (ע""ר)",True
580044493,"ארגון יוצאי ישיבות בני ברק  (ע""ר)",True
580261121,"תיכון הראל (ע""ר)",True
580372316,"התאחדות תלמודי תורה - רשת מוסדות חינוך ותלמודי תורה בישראל (ע""ר)",True
580149839,"המרכז הרוחני ברית שלום כולל תהילה לדוד (ע""ר)",True
580186617,"איגוד בני תורה רחובות (ע""ר)",True
580055564,בית הכנסת הגדול בירושלים (ע''ר),True
580302560,"עמותת הורים לילדים עם גידולי מוח (ע""ר)",True
580166619,"בית-כנסת ומקוה טלמון (ע""ר)",True
580007409,"אשה לאשה (ע""ר)",True
580015188,"קונסרבטוריון דוניה ויצמן (ע""ר)",True
580073104,"חמדת אהרן (ע""ר)",True
580116192,"בית הכנסת האשכנזי רמת ממרא (ע""ר)",True
580015089,"אגודת הסטודנטים בטכניון - מכון טכנולוגי לישראל (אס""ט) (ע""ר)",False
580349355,"מועדון הכדוריד - מכבי ראשון לציון (ע""ר)",True
580011930,"כולל אברכים בביה""כ הגדול הרצליה (ע""ר)",True
580242212,"אשל אברהם בית שמש  (ע""ר)",True
580330124,"בית הכנסת ""היכל לוי יצחק"" צפת (ע""ר)",True
580024818,"ישיבת רמיילס מוילנא נצח ישראל בירושלים (ע""ר)",True
580316925,"חוכמה ומוסר (ע""ר)",True
580367290,"אוניברסיטת אריאל בשומרון (ע""ר)",True
580152163,"העמותה לקידום החינוך בהשראת ולדורף (ע""ר)",True
580031862,שבט מרדכי (ע''ר),True
580190338,"הקן המשפחתי אשקלון (ע""ר)",True
580029056,"מרכז קהילתי ע""ש יעקב ברמן לתורה ולתפלה (ע""ר)",True
580233815,"עמותת אלזיתון (ע""ר)",True
580162915,"מרכז חינוכי תורני בני ובנות ציון - רמות ירושלים (ע""ר)",True
580225753,"העמותה להנחלת מורשת הצנחנים (ע""ר)",True
580179794,"עמותת אלאקסא לפיתוח נכסי ההקדש האיסלאמי (ע""ר)",False
580206837,"יוזמות קליידוסקופ (ע""ר)",False
580274447,"חסדי שיר (ע""ר)",True
580237667,"לב-זהב - שירותי סיעוד ורווחה (ע""ר)",True
580041580,"אגודת קהלת (קרן להפצת לימוד תורה) מוסדות ראשית חכמה (ע""ר)",True
580099349,"חן וחסד בציון (ע""ר)",True
580375665,"גיבורים קטנים (ע""ר)",True
580062032,"ביה""כ ""אהל יעקב"" גבעת מרדכי (ע""ר)",True
580321016,"עמותת ורטיגו למחול - ירושלים (ע""ר)",True
580145514,"עמותת נעשה ונשמע המרכז ללימודי יהדות (ע""ר)",True
580292167,"מכון שתילי זתים - לחקר מורשת תימן ע""ש רבינו הגדול הגאון כמוהר""ר דוד משרקי זצוק""ל (ע""ר)",True
580177822,"בית המדרש ללימוד תלמוד הירושלמי (ע""ר)",False
580366771,"עמותת אלביאן ג'ת המשולש (ע""ר)",True
580029379,"מכון למוסיקה ישראלית (ע""ר)",True
580033116,"מועדון השייטים בתל-אביב (ע""ר)",True
580158830,"פסיפס - עיתון למידע על שירה - ספרי שירה ואמנות (ע""ר)",True
580021848,"אגודת נאמני בית חיים אברהם (ע""ר)",True
580040020,"בית הכנסת הספרדי מצפה אריה (ע""ר)",True
580288405,"העמותה לקידום הטקוונדו - האריות (ע""ר)",True
580013753,"המטווח האולימפי הלאומי הרצליה - ישראל ע""ש יגאל אלון ז""ל",True
580376531,"בית וקאנטרי - גבעת שמואל (ע""ר)",False
580126704,"מרכז לתורה - ישראל (ע""ר)",True
580139350,"עמותה ישראלית להתפתחות הילד ושיקומו (ע""ר)",True
580328136,"קולך - פורום נשים דתיות (ע""ר)",False
580298594,"מרכז תורני בית יוסף בנגב (ע""ר)",True
580044808,"התאגדות מרכזים קהילתיים בישראל (ע""ר)",True
580383073,"תנובות שדי (ע""ר)",True
580181659,"מרכז לחינוך וספורט רמת השרון (ע""ר)",True
580254803,"בית הכנסת כל ישראל פ""ת (ע""ר)",True
580376895,"""עורו משנתכם"" 2000 חסדי אסתר (ע""ר)",True
580259075,"ביתר אחוזה - בחסות טרקלין חשמל  (ע""ר)",True
580246130,"חן החיים (ע""ר)",True
580135903,"הארגון העולמי של יהודים יוצאי לוב (ע""ר)",True
580357689,"כולל ענב (ע""ר)",True
580301182,"תאגיד הבריאות ליד המרכז הרפואי לגליל (ע""ר)",True
580058808,"ניצן - המרכז הארצי, אגודה לקידום ילדים ובוגרים לקויי למידה, הסתגלות ותיפקוד. (ע""ר)",True
580326254,"יוגה של אהבה (ע""ר)",True
580093060,"קרית נחליאל - מגדל העמק (ע""ר)",True
580375236,"תלמוד תורה מוריה רמת בית שמש (ע""ר)",True
580123628,"אגודת ארזי הלבנון (ע""ר)",True
580063063,"מועדון הספורט הירושלמי  (ע""ר)",True
580137156,"בית מדרש לתורה מלאכת שמים בני ברק (ע""ר)",True
580005320,"שתילי-זיתים (ע""ר)",True
580248144,"עמותת בית הכנסת תפארת אבות, אפרת (ע""ר)",True
580009082,אגודת הסטודנטים שנקר (ע''ר),True
580194207,"עמוד דוד (ע""ר)",True
580001790,"חברה קדישא ""ארץ חיים"" (ע""ר)",True
580358315,"העמותה לקידום מקצועי חברתי של הפקידים עובדי המינהל והשירותים (ע""ר)",True
580156552,"מועדון הברידג' כפר סבא (ע""ר)",True
580357150,"נר יעקב - עזרה לשורדים (ע""ר)",True
580013308,"החברה הפסיכואנליטית בישראל (ע""ר)",True
580371656,"קרנות גמילות חסדים שעל יד כולל חב""ד צפת (ע""ר)",False
580370146,"מאורי צ'רנוביל (ע""ר)",True
580007888,"תלמוד תורה ""הדר ציון"" (ע""ר)",True
580170801,"הליקון (ע""ר)",True
580131084,"בית כנסת אשכנזי חסד ואמת פתח תקוה (ע""ר)",True
580297430,"אש דת למו (ע""ר)",True
580073815,"היכל בנימין רעננה מרכז קהילתי דתי ע""ש רס""ן בנימין קצין ז""ל (ע""ר)",True
580212967,"בית הכנסת  עץ יוסף  בגבעת מרדכי (ע""ר)",False
580383867,"בית הכנסת רובע הסיטי - אשדוד (ע""ר)",True
580102952,"טל חיים (ע""ר)",True
580361129,"כה לחי (ע""ר)",True
580003531,"""שקמה"" אגודה לקידום מפעלי תרבות וחנוך בקבוץ חצור (ע""ר)",True
580068484,"קרן להנצחת החייל אלפסי שלמה  (ע""ר)",True
580041721,"קהילה משיחית חסד ואמת CHRISTIAN ASSEMBLY GRACE AND TRUTH (ע""ר)",True
580115319,"צעד קדימה - עמותה לחינוך ושיקום באמצעות גישת החינוך המדריך - פטו (ע""ר)",True
580087625,"פארק המים - יבנה (ע""ר)",True
580359883,"נתיבי אחיעזר אור לילד (ע""ר)",True
580152494,"אשל אברהם רמלה (ע""ר)",True
580244945,"איגוד השייט בישראל (ע""ר)",True
580087021,"מוזיאון ארצות המקרא ירושלים (ע""ר)",True
515882009,"א.ב. לקהילה בני ברק בע""מ (חל""צ)",True
580049062,"ישיבת ""נוה ארץ"" באר יעקב (ע""ר)",True
580102549,"קרן אילת לפיתוח, חינוך ותרבות  (ע""ר)",True
580334720,"דביר מודיעין (ע""ר)",True
580053320,"ישיבת ""ברכת משה"" מעלה אדומים (ע""ר)",True
580137834,"עמותת בית הכנסת הגר""א, בית וגן (ע""ר)",True
580160000,"חי-לאדם - מיסודן של נשות הר נוף (ע""ר)",True
580376192,"זוהר האידרא (ע""ר)",False
580111474,"יגדיל תורה - בנגב (ע""ר)",True
580071876,"בית הכנסת - אוהל מועד - גונן ירושלים  (ע""ר)",True
580347458,"אנחנו על המפה (ע""ר)",True
580165587,"ישיבת בבא סאלי בנתיבות (ע""ר)",True
580316479,"בית כנסת רמת הדר הוד השרון (ע""ר)",True
580321883,"קהילת סולם יעקב (ע""ר)",True
580046969,"יד רחל מרכזים חינוכיים טיפוליים (ע""ר)",True
580033900,"העמותה לפיתוח שירת המקהלה האומנותית מקהלה ""גתית"" (ע""ר)",True
580111854,"בית חב""ד - בית-דגן שע""י צעירי אגודת חב""ד (ע""ר)",True
580019214,"עמותה למען העיוור ומניעת עיוורון ירושלים (ע""ר)",True
580018182,"עמותת שלה""בת - שרותים לאוכלוסיה המבוגרת (ע""ר)",True
580366524,"עמותת סלואן הח'יריה - ירושלים (ע""ר)",True
580114932,"עמותת ידידי בית הספר לטבע, סביבה וחברה  (ע""ר)",False
580375384,"נחלת אבות ע""י ביהכנ""ס בורוכוף - ברוך ג'יהאן (ע""ר)",True
580020386,"ישיבת תפארת הכרמל חיפה (ע""ר)",True
580194173,"בית הכנסת מגדל דוד בן ישי , ירושלים (ע""ר)",False
580352797,"איגוד רוכבי האופניים בתל אביב (ע""ר)",True
516032604,"בשבילכם גם אתם  בע""מ (חל""צ)",False
580224871,"העמותה לקידום ופיתוח התעשיה בחבל בנימין (ע""ר)",True
580153294,"עמותת חיל האויר (ע""ר)",True
580168987,"נאמני מרכז שניידר (ע""ר)",True
580250322,"פרחי ילדי כהונה צפת (ע""ר)",True
580104826,"מוסדות הרב אדלשטיין (ע""ר)",True
580148245,"קרן התורה אופקים (ע""ר)",True
580027043,"מעון ילדים קרית צאנז (ע""ר)",True
580272714,"העמותה לשירותי חינוך, תרבות וספורט בניר צבי (ע""ר)",True
580382844,"אלמנאר - עמותה לטיפוח וקידום ערכים חברתיים וחינוכיים בחברה (ע""ר)",True
580047595,"ועד בית הכנסת ""הישן"" חדרה  (ע""ר)",True
580280204,"מתנ""ס תל כביר - מכבי (ע""ר)",False
580088060,"שלהבת הדרום (ע""ר)",True
580038305,"ברכת יצחק (ע""ר)",True
580080117,"מגן אבות - צפת (ע""ר)",True
580327070,"אורות הקריה, קרית גת (ע""ר)",True
580352367,"העמותה לרפואת שיניים ניידת ע""ש פרופ' אדי.א. גרפונקל (ע""ר)",True
580113991,"ישיבת נחלת ברוך - שארית יוסף (ע""ר)",True
580173672,אהבת שלום - רכסים,True
580114650,"""אהל בת-שבע"" - מרכז לתורה וחסד על-שם האשה בת-שבע ב""ר אליעזר הכהן זצ""ל",False
580007862,"המרכז למורשת ים ע""ש זאב  ז'בוטינסקי (ע""ר)",True
580378545,"מדבר שור (ע""ר)",True
580338812,"אהבת ישראל שהם (ע""ר)",True
580336741,"ישיבת תקוע (ע""ר)",True
580113678,"עמותת יחידות האיתור והחילוץ הישראליות (ע""ר)",True
580227346,"אח-שב-ציונות 2000 (ע""ר)",True
580025435,"ארגון יוצאי מרכז אירופה (ע""ר)",True
580055192,"אגודת בתי ספר למלאכה חב""ד בנחלת הר חב""ד (ע""ר)",True
580389179,"תורת ראשונים (ע""ר)",True
580347284,"העמותה ""תקווה לעתיד"" ליוצאי אזרבידז'ן וקווקז (ע""ר)",False
580115608,"בית חב""ד טבריה שע""י צעירי אגודת חב""ד (ע""ר)",True
580037182,"בית הכנסת אחוזת אברהם אבינו קרית ארבע (ע""ר)",False
580175966,"תזמורת הבארוק ירושלים THE JERUSALEM BAROQUE ORCHESTRA (ע""ר)",True
580046399,"כולל אברכים דברי קהלת ע""ש הרה""ג הרב סעדיה קהלת זצ""ל (ע""ר)",True
580384097,"מוסדות חלקת יהושע דחסידי ביאלא בית שמש (ע""ר)",True
580069649,"""רב פעלים"" ע""ש הצדיק רבינו יוסף חיים זיע""א",True
580029775,"יד לבנים נאות מרדכי והסביבה (ע""ר)",True
580016715,"(המועדון לספורט באוניברסיטת תל-אביב - אס""א תל-אביב (ע""ר",True
580198802,"איגוד התסריטאים- איגוד תסריטאי הקולנוע והטלוויזיה בישראל (ע""ר)",True
580157022,"מפעל הלבשה וגמ""ח תפארת חוה (ע""ר)",True
580312130,"עמותת תומכי בית ספר תל""י באזור רעננה (ע""ר)",False
580339968,"גני חברון - פתח תקוה (ע""ר)",False
580078954,"אגודת בית הכנסת המרכזי הר הכרמל (ע""ר)",False
580114916,"העמותה למען הקשיש במגדל העמק (ע""ר)",True
580347128,"ביכנ""ס חניכי ישיבות (נוסח ספרדי) רמת שלמה (ע""ר)",True
580168920,"יד אהרון - שע""י הסתדרות צעירי אגודת ישראל בני ברק  ע""ש מרן הגר""א קוטלר זצ""ל (ע""ר)",True
580044873,"התזמורת הקאמרית הישראלית (ע""ר)",True
580304848,"אגודת המהנדסים השכירים בישראל (ע""ר)",True
580347862,"מרכז הסיוע לנפגעות ולנפגעי תקיפה מינית ק''ש-גליל-גולן  (ע""ר)",True
580262012,"ארגון מנהלי שרותי רווחה ברשויות המקומיות (ע""ר)",True
580357226,"לב אוהב, למען ילדים ונוער בישראל (ע''ר)",True
580306108,"קהילת בני הישיבות, בית שמש (ע""ר)",True
580152627,"אגודת חסידי קוסון בני שלשים (ע""ר)",True
580010775,"מרכז הנוער של בית""ר ע""ש תומס הכט בנורדיה (ע""ר)",True
580023851,"העמותה להנצחת מורשת לוחמי חרות ישראל (לח""י) (ע""ר)",True
580014876,"ישיבת שערי תורה בית מדרש לתורה ע""ש הנציב ז""ל (ע""ר)",True
580040897,"חברה קדישא (גחש""א) פתח תקוה (ע""ר)",True
580290831,"סמינר בית יעקב החדש - באר שבע (ע""ר)",True
580062222,"ארגון מורשת ההגנה (ע""ר)",True
580033181,"נחל נבע מקור חכמה - אגודה להחיאת הישוב הדתי בגליל העליון ע""ש רבינו נחמן אור האורות זיע""א מברסלב. (ע""ר)",True
580111805,"בית חב""ד המרכזי באר שבע, שע""י צעירי אגודת חב""ד. (ע""ר)",True
580382208,"היכל רצון (ע""ר)",True
580110567,קהילה לתיקון חברתי ותרבותי בישראל (עמותה רשומה),True
580264372,"מוסדות גרוסורדין בארה""ק ע""ש אהבת ישראל מגרוסורדין זיע""א (ע""ר)",True
580284164,"האגודה לזכויות החולה בישראל (ע""ר)",True
580018174,"האגודה לאזרח הותיק בני ברק  (ע""ר)",True
580039329,"בית עגנון בירושלים (ע""ר)",True
580320356,"""תורת משה"" - חולון (ע""ר)",True
580155612,"כולל חיים טוב דחסידי ויזניץ מאנסי בארה""ק (ע""ר)",True
580000099,"האגודה הסטודנטיאלית באוניברסיטת בן גוריון בנגב (ע""ר)",True
580292050,"יהדות עכשיו (ע""ר)",True
580053999,"גני ילדים ומעונות יום ""בית יעקב"" ירושלים (ע""ר)",True
580012805,"הקרן לירושלים (ע""ר)",True
580078277,"פנימה תנועה להתחדשות ערכית בחברה הישראלית (ע""ר)",True
580101855,"תנופה לצמיחה  (ע""ר)",True
580017606,"הישיבה הרמה וכולל אברכים בקריות (ע""ר)",True
580214971,"מדרש שמואל ע""ש הרב שמואל רוזובסקי זצ""ל (ע""ר)",True
580092724,"איגוד קציני בטיחות מקצועיים בתעבורה (ע""ר)",True
580367787,"משולי ערמת (ע""ר)",True
580054344,"מרכז מוסדות חסידי לעלוב בני ברק  (ע""ר)",True
580144996,"סדנאות האמנים בתל אביב (ע""ר)",True
580091239,"בית הכנסת ""חסד ורחמים"", ירושלים (ע""ר)",False
580143220,"האיגוד הישראלי לאיכות .ISRAEL SOCIETY FOR QUALITY - I.S.Q (ע""ר)",True
580331833,"מכון שואה ואמונה - שם עולם, לעיון, תעוד ומחקר (ע""ר)",True
580060556,"זמרי המדריגל (ע""ר)",True
580363927,"מדרשת מעמקים (ע""ר)",True
580041234,"בית כנסת ""שערי שלום"", נוה זית לוד (ע""ר)",True
580389153,"נתיבי ההנדסאים והטכנאים בחברת החשמל מרחב הצפון (ע""ר)",True
580301141,"קרן כרמיאל על שם עזרא ינאי (ע""ר)",True
580231918,"מוסדות שיטת בית יוסף (ע""ר)",False
580326650,"תו""מ (תורה ומדע) תורת אליהו (ע""ר)",False
580172666,"ישיבת תומכי תמימים חב""ד ליובאוויטש מגדל העמק (ע""ר)",True
580148831,"בית מדרש תורה לשמה גאולה, ירושלים (ע""ר)",True
580063808,"ישיבת כולל אברכים רבינו נחמן מברסלב זיע""א רח' אלשיך 5 בני-ברק (ע""ר)",True
580014231,"חיבה - התנועה למורשת ישראל (ע""ר)",True
580108645,"עמותת יד לשריון (ע""ר)",True
580098424,"עמותת גימלאי חברת ""בזק"" (ע""ר)",True
580185841,"פסגת המזרח (ע""ר)",True
580386225,"קהילת אחווה רעננה (ע""ר)",True
580189132,"עמותת הסתדרות הנדסאים וטכנאים בישראל (ע""ר)",True
580308963,"תיאטרון ""אלסראיא"" הערבי - יפו (ע""ר)",True
580326973,"שויתי ה' (ע""ר)",True
580000339,"מילבת מעניקים איכות לחיים (ע""ר)",False
580343648,"חסד נעוריך (ע""ר)",True
580011591,"ישיבת מאיר בת עין (ע""ר)",True
580011062,"תלמוד תורה מחזיקי הדת דחסידי בעלזא - תל אביב (ע""ר)",False
580388486,"בוגרי הישיבות - בית שמעיה (ע""ר)",False
580005429,"גג לחייל משוחרר (ע""ר)",True
580214419,"עמותה ישראלית למדעי המוח (ע""ר)",True
580336444,"סל""ע - סיוע למען הקהילה (ע""ר)",False
580197812,"אגודת תפארת דב ע""ש דב אינדיג הי""ד (ע""ר)",True
580262616,"""אור המאיר"" ע""ש ר' מאיר בעל הנס זיע""א מושב מצליח (ע""ר)",True
580379121,"עמותת יוצאי שלדג (ע""ר)",True
580237931,"מכון מעיינות ללמודי יהדות (ע""ר)",True
580017309,"מופת - מוקד לפעילות תרבותית (ע""ר)",True
580293405,"קהילת נתיבות - רעננה (ע""ר)",True
580024917,"מרכז מורשת הרב ניסים הראשון לציון הרב הראשי לישראל ירושלים (ע""ר)",True
580108777,"ביהכנ""ס גבעת הורדים - רסקו - לעדות הספרדיות  (ע""ר)",True
580028983,"אור הנר (ע""ר)",True
580024909,"אור לנוער (ע""ר)",False
580323889,"עמותת יחדיו באר-שבע והדרום (ע""ר)",True
580365344,"קוזניץ - ירושלים ע""ש המגיד הקדוש מקוזניץ זכותו תגן עלינו אמן (ע""ר)",True
580124790,"אהבת ישראל - בית שאן (ע""ר)",True
580311454,"רוח החיים - האגודה לרווחת העולה (ע""ר)",False
580212314,"בית כנסת ישורון נוה חיים, שכונת שלום, חדרה  (ע""ר)",True
580198349,"בית חב""ד רמות שע""י צעירי אגודת חב""ד (ע""ר)",True
580103943,"בית הילדים נוה הרוא""ה - אשקלון (ע""ר)",True
580373975,"מרכז רוחני רובע טו' אשדוד (ע""ר)",False
580073385,"עמותה לדת וחסידות קלנסווה  (ע""ר)",True
580182517,"עמותת חטיבה 8 בפיקודו של יצחק שדה במלחמת העצמאות  (ע""ר)",True
580103661,"שאנן- המכללה האקדמית הדתית לחינוך ע""ש ד""ר י. בן-נון ז""ל (ע""ר)",True
580028173,"האגודה למען העוור ולמניעת העוורון חיפה (ע""ר)",True
580317089,"ישיבת בני עקיבא לחינוך סביבתי - סוסיא (ע""ר)",True
580309110,"ישיבת לנתיבות ישראל ירושלים (ע""ר)",True
580288678,"אגודת הסטודנטים של מכללת אשקלון (ע""ר)",True
580325645,"בית כנסת משה חי רחמים בגדאדי (ע""ר)",True
580036960,"ישיבת קדומים (ע""ר)",True
580137701,"העמותה לפיתוח שירותים חברתיים בשער הנגב (ע""ר)",True
580320562,"ארגון תמיכה וסעד לכבוד שבת (ע""ר)",True
580329209,"מרכז קהילתי - כסייפה (ע""ר)",True
580036143,"ישיבת ""נזר התורה"" (אהל מאיר) (ע""ר)",True
580218832,"מדרשת שדמות-מחולה (ע""ר)",True
580114908,"פאסיה (ע""ר)",False
580154888,"מרכז משאבים - מיסודו של פרופ' מולי להד (ע""ר)",True
580016350,"אחוד שיבת ציון אגודה לאומית דתית (ע""ר)",True
580220390,"אגודת הסטודנטים.יות המרכז האקדמי לוינסקי וינגייט (ע""ר)",True
580385805,"העמותה לשמירת זכויות הגימלאים פורשי בזק ולרווחתם (ע""ר)",True
580125482,"עמותת ותיקי גדרות (ע""ר)",True
580100717,"בית הכנסת עזרא הסופר, רחובות  (ע""ר)",True
580121754,"בית כנסת ""עין גנים"" פתח תקוה  (ע""ר)",True
580347011,"נתיב שלום עומר (ע""ר)",True
580105625,"בית הכנסת אוהל יעקב - באר שבע  (ע""ר)",True
580066520,"אגודת ""אהבה ואחוה"" ירושלים תובב""א שכונת הר נוף (ע""ר)",True
580016319,"""קונסרבטוריון למוסיקה קרית מוצקין""",True
580089761,"עמותת ותיקי מטה יהודה (ע""ר)",True
580044097,"האגודה המשיחית והשליחית  (ע""ר)",True
580045300,"בית הכנסת חג'י אדוניהו הכהן  (ע""ר)",True
580006682,"""קרן הילד"" בני ברק",True
580247443,"מרכז טיפוח עסקים קרית גת (ע""ר)",False
580058493,"המכון הבינלאומי למנהיגות מיסודה של ההסתדרות (ע""ר)",True
580029627,"קהילת אנוסי משהד בישראל  (ע""ר)",True
580240216,"מרכז קהילתי - מתנ""ס מג'ד אלכרום (ע""ר)",True
580190452,"ארגון עזרת אחים ברית יוסף יצחק (ע""ר)",True
580131431,"בית חב""ד עתלית שע""י צעירי אגודת חב""ד  (ע""ר)",True
580219368,"שוחרי בית הספר ע""ש פרנקל (ע""ר)",False
580109445,"מוסדות אוהל מלכה ע""ש הרבנית מלכה יענטא ויספיש ע""ה (ע""ר)",True
580343523,"ברכת ישראל מאיר (ע""ר)",True
580328623,"נופי תורה ותפילה - עמותה (ע""ר)",True
580316503,"שורוק (ע""ר)",True
580264513,"בית העדה הדרוזית בעין אלאסד (ע""ר)",True
580231751,"ישיבת ר' עמרם חסידא (ע""ר)",True
580226504,"עמותת הפועל נוה שאנן כדור עף (ע""ר)",True
580203107,"מועדון הכדורגל מכבי תל אביב (ע""ר)",True
580025948,"קרן אחוה משיחית (ע""ר)",False
580366946,"העמותה לקידום הספורט בחבל בני שמעון (ע""ר)",True
580296762,"בית הכנסת מאורות ביתר (ע""ר)",True
580355816,"אור אהרן (ע""ר)",True
580094951,"ישראל הצעיר רמות ג'  (ע""ר)",True
580050359,"""אחוה ואחדות""  (ע""ר)",True
580166676,"חנוך לנער בית שאן  (ע""ר)",True
580153807,"עמותת מסורת אמהות באשדוד (ע""ר)",True
580144384,"בית הכנסת המרכזי כוכב יאיר  (ע""ר)",True
580193563,"מועדון הכדורגל הפועל מרמורק רחובות (ע""ר)",True
580068146,"האגודה למען הקשיש כפר יונה  (ע""ר)",True
580163533,"מרכז תורני מוהרי""ל אשל""ג שד""ל 3 בני ברק (ע""ר)",True
580129682,"אגודת אמני אשדוד לאמנות הפלסטית (ע""ר)",False
580231496,"מרכז תורני ""קול - יעקב"", קרית-ספר (ע""ר)",True
580326866,"העמותה לקידום מקצועי חברתי של עובדי המוסדות הציבוריים החברות הממשלתיות, מד""א אורט וויצ""ו (ע""ר)",True
580026615,"שבילים- עמותת גורדייף בישראל (ע""ר)",True
580344109,"מכון טכנולוגי חולון - מ.ט.ח (ע""ר)",True
580131134,"אגודת אחוות ישראל - רובע י""א אשדוד  (ע""ר)",True
580287258,"המרכז הירושלמי לרכיבה טיפולית לזיכרה של ון דר הובן וידאד (ע""ר)",True
580306520,"עוסקי תורה (ע""ר)",True
580344927,"שיח הנקטפים (ע""ר)",True
580376549,"עמותת שכונת הקאנטרי - מודיעין (ע""ר)",False
580030799,"הספריה המרכזית לעיוורים ולבעלי לקויות קריאה (ע""ר)",True
580056448,"יחל ישראל (ע""ר)",True
580045771,"מוסדות באבוב קדושת ציון  (ע""ר)",True
580072858,"תורה ותפילה - אשקלון  (ע""ר)",True
580172716,"בית כנסת - שבטי ישראל - רעננה (ע""ר)",True
580003739,"מסגרת שמעיה (ע""ר)",True
580001139,"עמותת ווקף הכנסיה היוונית האורתודוכסית כפר כנא (ע""ר)",True
580015709,"קרן פרץ נפתלי (ע""ר)",True
580101277,"ישיבת בית אברהם סלונים ירושלים (ע""ר)",True
580226082,"מועדון ראגבי השרון (ע""ר)",True
580141281,"האגודה לקידום החינוך, הרווחה והבטחון בקרית ארבע - חברון (ע""ר)",True
580258663,"ישיבת דובר שלום (ע""ר)",True
580344976,"אולפנא לבנות - קרית חינוך שעלבים - נוף איילון (ע""ר)",True
580122117,"בתי כנסת ""מוסיוף"" מרכז לתורה ולתפלה (ע""ר)",True
580367332,"ביה""ס וגנ""י שירת דבורה (ע""ר)",True
580065241,"יואב - לקידום חינוך, תרבות, ספורט ותיירות  (ע""ר)  YOAV FOR ADVANCEMENT OF EDUCATION. CULTURE. SPORTS AND TOURISM (R.A.)",True
580368942,"בית החולים הוטרינרי האוניברסיטאי מיסודה של האוניברסיטה העברית בירושלים (ע""ר)",True
580136752,"אגודת אהל נפתלי - בני-ברק (ע""ר)",True
580092526,"""חזון למועד"" (ע""ר)",True
580094720,"בית-כנסת ""אהבת ישראל"" - רמות-אשכול, ירושלים  (ע""ר)",False
580306215,"בית כנסת פייגנסון בנופי אביב (ע""ר)",True
580001782,"מרכז תורני ישיבת וולאזין ירושלים (ע""ר)",True
580247286,"הישיבה לצעירים באר שבע  (ע""ר)",True
580018984,"ידיד ביס תיכון עירוני די ת""א (ע""ר)",True
580143667,"כולל תהילות ישראל בני-ברק (ע""ר)",True
580201242,"בית כנסת חב""ד פיסגת זאב ירושלים (ע""ר)",True
580022051,"בית מדרש גבוה לתורה ""עטרת ישראל"" (ע""ר)",True
580210318,"ניצולי מחנות הריכוז והגטאות בישראל (ע""ר)",True
580361954,"עמותת סנד (ע""ר)",True
580186864,"מרכז ההחלמה הערבי (ע""ר)",True
580377034,"העמותה למען בית ספר דמוקרטי בזכרון יעקב (ע""ר)",True
580253730,"רעות אפוטרופסות (לשעבר ש.פ.ר העמותה לשירותי אפוטרופסות ) (ע""ר)",True
580288447,"דורשי מנחם  (ע""ר)",True
580270056,"דגנים - אגודה לטיפוח החינוך וההתישבות הציונית הדתית (ע""ר)",False
580316271,"עמותת היכל התרבות ע""ש משה אהרון (ע""ר)",False
580169423,"נועם - תורה נהרדעה אשדוד (ע""ר)",True
580161511,"אבני צדק (ע""ר)",True
580261311,"חמדה הפיסגה  (ע""ר)",True
580367274,"מסילה ברמה (ע""ר)",True
580186856,"תלמוד תורה דרך תבונה (ע""ר)",True
580341170,"חדר החסידים (ע""ר)",True
580224947,"האגודה למען הקשיש פרדסיה (ע""ר)",True
580261238,"משכנות שלום (ע""ר)",True
580097236,"עטרת התורה (ע""ר)",True
580075174,"אגודת בית ההנדסאי והטכנאי (ע""ר)",True
580253821,"קרן גבעתיים לעידוד ההשכלה הגבוהה (ע""ר)",True
580362663,"העמותה לקידום החינוך במשגב (ע""ר)",True
580002962,"ישיבת ""פאר שמואל"" (ע""ר)",False
580347771,"תפארת לעושיה (ע""ר)",True
580357853,"נוה אשר וחנה (ע""ר)",True
580041051,"מטב עמותה לשרותי טיפול ורווחה (ע""ר)",True
580360253,"אמרי ברוך - גרוסורדיין (ע""ר)",True
580022218,"הארגון הבין לאומי של עורכי דין ומשפטנים יהודים (ע""ר)",True
580378784,"תלמוד תורה הר-נוף חינוך עצמאי (ע""ר)",True
580364230,"""יסודות"" - המרכז לליבון ענייני תורה ומדינה (ע""ר)",True
580323434,"מוסדות קאמרנא בארץ הקודש (ע""ר)",True
580328854,"נוף ירושלים (ע""ר)",True
580365393,"אור האמת אלעד (ע""ר)",True
580257020,"רינת אהרון (ע""ר)",True
580346708,"""קתרין"" לקידום המוסיקה, מחול ואומנויות (ע""ר)",True
580386647,"נר אברהם - אלעד (ע""ר)",True
580360626,"נתינה- מפעל החסד של נתניה (ע""ר)",True
580284677,"שיח יצחק אפרת (ע""ר)",True
580065407,"חברה קדישא אחידה לעדת הספרדים ובני עדות המזרח בירושלים (ע""ר)",True
580032159,"מרכז השחר ע""ש רוז הלפרין (ע""ר)",True
580240679,"מוסדות הבן איש חי בקרית ספר (ע""ר)",True
580395523,"העמותה לקידום הספורט ותרבות הפנאי בשומרון (ע""ר)",True
580282853,"התנועה הרפורמית - יהדות מתקדמת בישראל (ע""ר)",True
580359768,"חסידי פיאסצנה (ע""ר)",True
580137719,"בית כנסת מרכזי אחדות ישראל - מושב עזריאל  (ע""ר)",False
580083517,"קהילת רמות ציון  (ע""ר)",True
580380475,"עמותה להפצת ערכי היהדות על יד בית הכנסת רמת אפעל (ע""ר)",True
580267946,"מ.ט.ל. - מרכז טיפולי ללמידה (ע""ר)",True
580055655,"אגודת הסטודנטים והסטודנטיות של אוניברסיטת תל אביב (ע""ר)",True
580227726,"תנועת המזרחי העולמית (ע""ר)",True
580064103,"נוער מוסיקלי בישראל (ע""ר)",True
580072882,"ישיבת כנסת יהודה בירושלים, ע""ש הגאון מרן רבי איסר יהודה מאלין הי""ד זצוק""ל מבריסק (ע""ר)",True
580170868,"מוסדות זכרון צבי ע""ש הרב צבי הרמן ז""ל (ע""ר)",True
580255545,"אלסביל דבוריה (ע""ר)",True
580142479,"מדרש אליהו - ע""ש הרב אליהו סבג זצ""ל (ע""ר)",True
580272144,"מפעל החסד שפע חיי""ם ורחמי""ם (ע""ר)",True
580254142,"כתר שם טוב - ישיבה, כולל  אברכים והוצאה לאור של פרסומים תורניים (ע""ר)",True
580180610,"האגודה לקידום המקצועות הטכניים בישראל (ע""ר)",True
580277150,"יסוד מלכות סטריקוב (ע""ר)",False
580335461,"מרכז בחינות ""בית יעקב"" (מרב""ד) (ע""ר)",True
580124469,"פורום למדיניות כלכלית ע""ש פנחס ספיר מיסודו של סם רוטברג (ע""ר)",True
580303592,"דעת יעקב אריה, ע""ש ר' יעקב אריה איזנברג ז""ל (ע""ר)",True
580351930,"המרכז האקדמי לעיצוב ולחינוך ויצו - חיפה ע""ש נרי בלומפילד (ע""ר)",False
580271021,"עמותת מדבא לתרבות (ע""ר) (.MADABA CULTURAL ASSOCIATION (R.A",True
580325777,"חשקת התורה (ע""ר)",True
580184810,"עמותת בית כנסת נצח ישראל לעדת הספרדים בראשל""צ  (ע""ר)",True
580139046,"מתפללי ביהכ""נ העתיק מוצא (ע""ר)",True
580146249,"אורות יהודה ויוסף (ע""ר)",True
580163590,"בית הכנסת ע""ש ר' מאיר בעל הנס זיע""א - קרית מוצקין",True
580239655,"דאר אלטפל אלערבי - אלמותלת אלשמאלי (ע""ר)",True
580295384,"מכון מניטו להוצאה לאור של כתבי הרב יהודא ליאון אשכנזי זצ""ל (ע""ר)",True
580023232,"מוסד חינוכי לבנות ""אוהל חוה"" ע""ש חוה לנדסברג  (ע""ר)",False
580345114,"עמותת נצרת לתרבות ותיירות (ע""ר)",False
580135184,"קהלות יעקב ע""ש רבי יעקב ישראל קניבסקי זצ""ל, בני ברק (ע""ר)",True
580170397,"האיגוד הישראלי לפסיכותרפיה (ע""ר)",True
580048205,"להב- לשכת ארגוני העצמאים והעסקים בישראל (ע""ר)",True
580310704,"תפארת המזרח - ע""ש מרן הבן איש חי (ע""ר)",True
580121895,".S.O.S חיות - האגודה למען בעלי חיים (ע""ר)",True
580023422,"אגודת קרן מאיר כוכב זסלבסקי (ע""ר)",True
580374544,"טוב וחסד ירדפוני (ע""ר)",True
580067114,"שוחרי ""מורשת יעקב"" - עמותה (ע""ר)",True
580209971,"אגודת האקטוארים בישראל (ע""ר)",True
580104057,"צמח ישראל (ע""ר)",True
580020162,"אגודת ידידי המכללה אזורית בתל חי (ע""ר)",True
580037067,"אגודה למען ""בית זינגר"" הבית לילד בכפר יחזקאל (ע""ר)",True
580046043,"קרן משאת משה ע""ש מרן ראש ישיבת חברון הגאון משה חברוני זצוק""ל (ע""ר)",True
580257830,"גמזו לטובה (ע""ר)",True
580067270,"קרן עמק יזרעאל (ע""ר)",True
580232312,"איגוד מנהלי המחלקות לחינוך ברשויות מקומיות (ע""ר)",True
580199008,"עמותת בית מרגלית (ע""ר)",True
580285716,"תפילה למשה לחינוך דתי-תורני (ע""ר)",False
580088706,"מכון הרב פראנק (ע""ר)",True
580133189,"בני ציון - בת-ים (ע""ר)",True
580302289,"עמותת בית כנסת ""שארית הפליטה"" - נהריה (ע""ר)",True
580163996,"בית חב""ד מצפה רמון שע""י צעירי אגודת חב""ד (ע""ר)",True
580138808,"ת""ת באר אברהם דימונה (ע""ר)",False
580316917,"קהילת משך חכמה בקרית ספר (ע""ר)",False
580342186,"בראט (ע""ר)",True
580373264,"כא""ב כרחם אב על בנים (ע""ר)",True
580053700,"""אשל אברהם"" ע""ש הרב הגאון ר' אברהם אבוחצירא זצוק""ל בית כנסת מרכז רוחני ותרבותי ליוצאי מרוקו ברחובות (ע""ר)",True
580164721,"בית כנסת ע""ש ""גיבורי ישראל"" - אשקלון (ע""ר)",False
580279933,"מוסדות מגן אבות בית שמש (ע""ר)",True
580187987,"מקבץ (ע""ר)",True
580214203,"ארגון עובדי יד יצחק בן צבי (ע""ר)",False
580049955,"הבלט הישראלי (ע""ר)",True
580275535,"""הזן את הכל"" גמ""ח ע""ש יעקב פינקרט ז""ל (ע""ר)",True
580237238,"נצר שלמה (ע""ר)",True
580255735,"עמותת תובנה (ע""ר)",True
580277044,"ישיבת יוסף חיים בית שמש (ע""ר)",True
580013621,"קרן מילגות ופרסים ליד לשכת רואי החשבון בישראל (ע""ר)",True
580190692,"זידיטשוב עטרת צבי (ע""ר)",True
580289973,"אורות המערב (ע""ר)",True
580371987,"בית התבשיל ""טוב וחסד"" (ע""ר)",True
580102754,"מרכז רוחני ""בית יוסף"" ""עטרת יצחק"" ""היכל דוד"" (ע""ר)",True
580212538,"מרכז תורני לישרים תהילה (ע""ר)",True
580144020,"עמותת בית הכנסת הספרדי גבעת המבתר ירושלים  (ע""ר)",True
580263911,"ישיבת בני עקיבא ""נר תמיד"", חשמונאים (ע""ר)",False
580105963,"ארגון נשי עכו - מרכז פדגוגי  (ע""ר)",False
580271013,"עמותת כפר קאסם לחרשים ולקויי שמיעה (ע""ר)",True
580028645,"תומכי תשובה (ע""ר)",True
580066389,"בית הכנסת המרכזי מקור חיים ירושלים (ע""ר)",True
580355709,"צדקה וברכה - רמות ד' (ע""ר)",True
580318368,"אלמעמל - לאומנות מודרנית (ע""ר)",False
580328409,"למען כנסיית מר ג'רייס - כפר יסיף (ע""ר)",True
580107969,"ישיבה וכולל סוליצא - קהלת יעקב  (ע""ר)",True
580289411,"לשרת בקודש (ע""ר)",True
580013605,"אגודת אחרית הימים (ע""ר)",True
580258820,"משאלת לב (ע""ר)",True
580168896,"עמותה לשימור קבר רשב""י ואחזקת תלמידי ישיבת רשב""י במירון (ע""ר)",True
580272870,"אור המלך (ע""ר)",True
580021673,"צעירי אגודת חב""ד - המרכז (ע""ר)",True
580386894,"אחוזת רעים (ע""ר)",True
580049047,"חן הנגב (ע""ר)",True
580131100,"לב שלמה (ע""ר)",True
580036945,"עלם - עמותה לנוער במצבי סיכון (ע""ר)",True
580030104,"יד שרה (ע""ר)",True
580038388,ידידי בית הספר התיכון הימלפרב,False
580072916,"נר משה (ע""ר)",True
580376036,"מרכז אלאת'ראא אלתרבוי (ע""ר)",True
580000073,"משעולים (ע""ר)",True
580074706,"""יצירה"" - לקידום ופיתוח מצפה הושעיה",True
580152254,"מרכז את""ה - איגוד תלמידי הישיבות באה""ק (ע""ר)",True
580079176,"עמותת ידידי בית רוקח (ע""ר)",True
580128213,"ישיבה וכולל - מקדש מלך - ירושלים (ע""ר)",True
580103927,"איתא- אגודת ידידי תחנת אילן לטיפול בילד ובמשפחה (ע""ר)",True
580163400,"ברכת התורה ברובע היהודי (ע""ר)",True
580272466,"בית מדרש אהל מרגלית ע""ש הרבנית הצדקת מרגלית יוסף ע""ה (ע""ר)",True
580150761,"מוסררה בית הספר לאמנות וחברה - ירושלים (ע""ר)",True
580376028,"המכון הישראלי לפסיכולוגיה יונגיאנית ע""ש אריך נוימן (ע""ר)",True
580088201,"מוסדות בית אשר ובית המדרש בית יעקב דחסידי סטולין-קרלין (ע""ר)",True
580064830,"בית הכנסת ""מצדה"" בבני-ברק  (ע""ר)",True
580320604,"מרכז עולמי - התנועה הציונית המסורתית (ע""ר)",True
580218410,"מוסדות זר זהב  (ע""ר)",True
580379212,"אור לגולה (ע""ר)",False
580294106,"ישיבת כנסת הגדולה (ע""ר)",True
580346476,"אונו כדוריד - ספורט (ע""ר)",True
580058014,"ישיבת אור אלחנן (ע""ר)",True
580248102,"בית הכנסת ""בית מאיר"" בנתניה (ע""ר)",True
580222982,"קרן גוש עציון לפיתוח (ע""ר)",True
580126332,"רשת מוסדות חינוך ותרבות לנוער לעזרה וקידום הנוער הלומד  (ע""ר)",True
580075604,"קהילת תפארת ישראל, סנהדריה מורחבת, ירושלים (ע""ר)",True
580320711,"יד רחל-לאה וצבי גבירץ (ע""ר)",True
580046928,"האגודה לקידוד המוצר בישראל (ממ""י) ג'י אס 1 ישראל (ע""ר)",False
580308278,"משכן אריאל (ע""ר)",True
580339877,"העמותה למאבק במחלת ה-איי-טי (ע""ר) (.ASSOCIATION FOR FIGHTING A-T ATAXIA - TELANGIECTASIA (R.A",True
580297075,"הסתדרות הנוער עובד והלומד ליד הסתדרות העובדים הכללית החדשה (ע""ר)",True
580261469,"הקרן הלאומית למדע (ע""ר)",True
580298404,"אולפנית בני עקיבא ישורון (ע""ר)",False
580308062,"כוכב דוד (ע""ר)",True
580015337,"א.ש.ק  עמותה לפיתוח שירותים קהילתיים בקרית ביאליק (ע""ר)",True
580114510,"מרכז קהילתי אזורי כפרי גדרות (ע""ר)",True
580356004,"תפארת חן מפעלי צדקה וחסד (ע""ר)",True
580335578,"תורה ושלום (ע""ר)",True
580310035,"בית כנסת אודי-ה מודיעין (ע""ר)",True
580321768,"תורת דבש (ע""ר)",True
580040913,"גמ""ח ""חונן חסד"" ע""ש כ""ק מרן אדמו""ר רבי יוחנן טברסקי זצוק""ל מראחמי סטריווקע",False
580330959,"עמותת שאדי לגיל הרך (ע""ר)",True
580311900,"תורת חיים, מכון להרבצת תורה (ע""ר)",True
580123735,"מדרשת חנתון  (ע""ר)",True
580388106,"בית כנסת מרכזי נוף סביון (ע""ר)",True
580056018,"אגודת חב""ד - כרמיאל (ע""ר)",True
580296093,"מורשת אליהו (ע""ר)",True
580270551,"דרכי בינה מכון תורני לבנות (ע""ר)",True
580126696,"בית המדרש ישועות משה לחסידי ויזניץ בשכונת רמות ירושלים  (ע""ר)",True
580237485,"עטרת הפסגה (ע""ר)",False
580379758,"אלחנין נצרת (ע""ר)",True
580320695,"אגודת עזרה לאחינו בני ישראל (ע""ר)",True
580380814,"המח""ר - מרכז חרום רפואי אפרת וגוש עציון (ע""ר)",True
580033470,"המקהלה הפילהרמונית תל אביב (ע""ר)",True
580220341,"ישיבת כולל ""נתיבות התלמוד"" פתח תקוה (ע""ר)",True
580068757,"""כולל מיארן"" בית מדרש לתורה והוראה (ע""ר)",True
580087773,"קרן עמק הירדן (ע""ר)",True
580254944,"גבע - מרכז לשרותים קהילתיים בגבעת זאב (ע""ר)",True
580224657,"מסורת רבותינו - אשדוד (ע""ר)",True
580239804,"""מוסדות נוה צביה""",True
580262251,"מכבי עצמאות פתח תקוה (מחלקת כדורסל) 1995 (ע""ר)",True
580060614,"ישיבת ארחות משה (ע""ר)",True
580046332,"בית הכנסת ליוצאי צפון אפריקה ע""ש יעקב חמויי (ע""ר)",True
515917417,"סקייל - אפ ולוסיטי בע""מ (חל""צ)",True
580330223,"בית הכנסת נווה אורות ע""ש י. טרגר (ע""ר)",True
580263945,"אור בית שמש (ע""ר)",True
580195568,"ישיבת כתר זר דוד בטלז-סטון (ע""ר)",True
580009314,"ישיבת כרם ביבנה (ע""ר)",True
580037604,"מרכז סיוע לנפגעות ולנפגעי תקיפה מינית תל- אביב (ע""ר)",True
580165876,"המרכז התורני - קרית ישיבת חברון, גבעת מרדכי  (ע""ר)",True
580163442,"אגודת האמת והעשייה - ג'מעיית אלצידק ואלעמל (ע""ר)",True
580222545,"תל-חי - כיתות אמן בינ""ל לפסנתר (ע""ר)",True
580363109,"ישיבה לצעירים תורה אור (ע""ר)",True
580318830,"מועדון ספורט הפועל אורנית (ע""ר)",True
580287183,"עתיד - שותפות בינלאומית של תנועות נוער ציוניות פלורליסטיות  (ע""ר)  ATID -INTERNATIONAL PARTNERSHIP OF PLURALISTIC ZIONIST YOUTH MOVEMENTS (R.A.)",True
580331940,"שירת דוד (ע""ר)",True
580234508,"כבוד שמחה - אשדוד (ע""ר)",True
580051373,"""המעין"" קרן מילגות למחוננים (ע""ר)",True
580153419,"כנסת אברהם - בני ברק (ע""ר)",True
580382620,"משפחה אחת (ע""ר)",True
580342582,"גרעין תורני - אור למרחב (ע""ר)",True
580368736,"יד על הלב בישראל (ע""ר)",True
580079721,"חברה קדישא - רחובות (ע""ר)",True
580289809,"עמותת ספרית בנימין לילדים (ע""ר)",True
580280139,"מוסדות משכן משה ברמה""ש (ע""ר)",True
580164713,"קהילה תורנית לחניכי הישיבות ""זיו המרכז""  (ע""ר)",False
580087831,"הועד למען יהודים יוצאי אתיופיה בצפת (ע""ר)",True
580126381,"חסד ואמונה- מפעל תורני חסד ושיקום (ע""ר)",True
580344562,"בית הכנסת נוה שמואל (ע""ר)",True
580022507,"עמותת ידידי המרכז הרפואי ע""ש אדית וולפסון (ע""ר) (.SOCIETY OF FRIENDS OF THE EDITH WOLFSON MEDICAL CENTER (R.A",True
580024297,"חברת קדישא גחש""א קהלת ירושלים (ע""ר)",True
580293157,"עמותת בית עציון חוות ""שדה- בר"" (ע""ר)",True
580002897,"בית אל זכרון יעקב (ע""ר)",True
580081636,"""אשרן"" אגודה לקדום רווחת תושבי מטה אשר (ע""ר)",True
580008100,"אקים - אגודה לקימום אנשים עם מוגבלות שכלית סניף איזור חדרה והשומרון (ע""ר)",True
580212637,"תלמוד תורה ובית מדרש ימין ה' רוממה (ע""ר)",True
580330603,"מועדון השחמט חיפה - נשר (ע""ר)",True
580111987,"הארגון הארצי של גימלאי התעשיה האוירית (ע""ר)",True
580285013,"העמותה לספורט עממי - מחוז השרון (ע""ר)",True
580350866,"צדק לדוד (ע""ר)",True
580006476,"האגודה הישראלית לטיפול זוגי ומשפחתי (ע""ר)",True
580195758,"ישיבת רבינו חיים עוזר בני ברק (ע""ר)",True
580115152,"אור ישרים  (ע""ר)",False
580265882,"ברוך ומרפא (ע""ר)",True
580384816,"מכבי אל גג דרום השרון  (ע""ר)",True
580381861,"אלרואד - למדע טכנולוגיה ותרבות (ע""ר)",True
580065183,"בית מדרש ""בית יצחק"", רכסים (ע""ר)",True
580085454,"אגודת יוצאי בוכרא בני ברק (ע""ר)",True
580348704,"אלפה - אשדוד פרוספריטי (ע""ר)",True
580001733,"מרכז חב""ד - ליובאוויטש -תל אביב (ע""ר)",True
580116127,"מרכז היעוץ הערבי לחינוך (ע""ר)",True
580024503,"בית המדרש להלכה בהתישבות - אמונת אי''ש (ע""ש הגרי""ש אלישיב זצ''ל) (ע""ר)",True
580204436,"בית הכנסת עזרא הסופר, יבנה (ע""ר)",True
580243392,"מתנ""ס - מרכז קהילתי קלנסווה (ע""ר)",True
580287969,"מלוא הטנא      FULL BASKET (ע""ר)",True
580260693,"ישיבת נהורא - תלמי אברהם (ע""ר)",True
580201846,"בית שמואל - מרכז לתורה ולתפילה אשדוד (ע""ר)",True
580388452,"חסדי בת שבע (ע""ר)",True
580216596,"יהושע בין נון (ע""ר)",True
580375368,"ידידי מעון נוה כנרת-רם (ע""ר)",False
580046092,"מפעל חסד ארגון מתנדבים לתמיכה ועזרה לנזקקים וחולים  (ע""ר)",True
580227973,"נוה הבדואים (ע""ר)",True
580130474,"בית חב""ד רמת אביב שע""י צעירי אגודת חב""ד  (ע""ר)",True
580247765,"עצת זקנים (ע""ר)",True
580281947,"חברה קדישא עץ החיים - קהילת קודש לבני עדות המזרח (ע""ר)",True
580194017,"מכון אופק לכתבי- יד עבריים (ע""ר)",True
580350148,"שלהבתיה (ע""ר)",True
580273746,"בית נתן (ע""ר)",True
580097095,"מוסד ילדים וישיבת תפארת שלמה ע""ש הר' שלמה משיח זצ""ל (ע""ר)",True
580229854,"בית כנסת גבעת הדקל אפרת  (ע""ר)",False
580311405,"אפיקי גולן, עמותה (ע""ר)",True
580107993,"מרכז סיוע לנפגעות ונפגעי תקיפה מינית - השרון (ע""ר)",True
580172211,"עמותת חיל ההנדסה (ע""ר)",True
580255222,"מרכז תורה וחינוך ""עץ חיים רמות"" ירושלים תובב""א (ע""ר)",False
580264448,"בית הבעל שם טוב (ע""ר)",True
580147635,"אגודה בית-יוסף באשדוד (ע""ר)",True
580369205,"מועדון נט-בול מכבי רעננה (ע""ר)",True
580319515,"""זית שמן"" עמותה",True
580008126,"עטרת כהנים  (ע""ר)",True
580052553,"אגודת מלי""צ - מכונים לחינוך יהודי-ציוני (ע""ר)",False
580024255,"כולל אמריקה תפארת ירושלים לצדקת רבי מאיר בעל הנס זיע""א (ע""ר)",True
580231231,"בית הכנסת רש""י הר-נוף, ירושלים (ע""ר)",True
580033348,"מוסדות נחלי אמונה באה""ק - קרעטשניף-סיגעט (ע""ר)",True
580332625,"מנהיגות - פיתוח מנהיגות צעירה בישראל (ע""ר) (LEAD - ISRAEL YOUTH LEADERSHIP DEVELOPMENT (R.A",True
580281988,"עמותת רבבות אפרים - מעלה יוסף ורבקה (ע""ר)",True
580245421,"מרכז קהילתי קדומים (ע""ר)",True
580320539,"בי""ס בית יוסף - מפעל חינוך בחיפה (ע""ש מרן ר' יוסף קארו זי""ע) (ע""ר)",True
580317949,"האגודה הישראלית לריפוי סיני מסורתי (ע""ר)",True
580024933,"חברת קדישא לעדת הבבלים בירושלים (ע""ר)",True
580077543,"בית הכנסת אגודת ""נצח ישראל"" שעריים, רחובות (ע""ר)",True
580316859,"סמינר בית יעקב עלי באר (ע""ר)",True
580303048,"מואססת אלזוהור אלתרבוויה לג'יל אלטפולה אלמובקרה (ע""ר)",True
580126456,"חברה קדישא - מרמורק רחובות - (ע""ר)",True
580121762,"עמותת בית הכנסת על-שם כדורי מועלם ז""ל (ע""ר)",False
580066686,"""מדרשת קדמת ירושלים שעל-יד עטרת כהנים""",True
580030872,"בית מיחא הראשון מיסודו של ד""ר עזרא קורין (1954) (ע""ר)",True
580052629,"קהילת הר- אל חברה בתנועה ליהדות מתקדמת (ע""ר)",True
580277739,"בית הכנסת המרכזי - ורדיה (ע""ר)",True
580044329,"אוהל לאה ע""ש לאה ריכמן פישר ירושלים-ת""ו (ע""ר)",False
580350841,"מרכז ישראלי למקהלות ולחבורות זמר (ע""ר)",True
580179646,"הנדסאים תל אביב (ע""ר)",True
580280857,"מוסדות תפארת דוד ושארית בנימין (ע""ר)",True
580073039,"קרן יסלזון לתמיכה במכון הגבוה לתורה (ע""ר)",False
580010908,"האגודה לתכנון שרותי מגורים בקהילה למפגר בשכלו (ע""ר)",True
580330645,"ברכת אבות - בני ברק (ע""ר)",True
580010510,"הקהילה המסורתית רעננה (ע""ר)",True
511798704,"מרכז החקלאות על פי התורה בע""מ (חל""צ)",False
580345122,"ועד הרבנים לעניני צדקה (ע""ר)",True
580214534,"בית מדרש לתורה ותפילה דחסידי גור - רחוב דסלר 8 בני ברק  (ע""ר)",True
580276764,"תיאטרון השעה הישראלי (ע""ר)",True
580162311,"אוהל שילה (ע""ר)",True
580233104,"נתיבות שמחה (ע""ר)",True
580268662,"בית כנסת ומרכז רוחני הטייסים אשקלון (ע""ר)",True
580195808,"הורי מחליקי חולון בגלגליות (ע""ר)",True
580361301,"העמותה ליסוד וניהול בית הספר הדמוקרטי בלב השרון (ע""ר)",True
580276228,"קרן משפחת שטיינהרט בישראל  (ע""ר)",True
580180941,"עמותת קרן רש""י (ע""ר)",True
580242279,"ברכת הורי (ע""ר)",True
580333524,"אור ירוק - העמותה למאבק בתאונות דרכים בישראל (ע""ר)",True
580111839,"בית חב""ד אופקים שע""י צעירי אגודת חב""ד (ע""ר)",False
580303998,"חברותא - לאורייתא (ע""ר)",True
580033751,"האגודה לקידום ריווחת תושבי חוף הכרמל  (ע""ר)",False
580109064,"מסד אליצור רחובות (פתח תקווה) (ע""ר)",True
580218642,"מגיני הינשוף (ע""ר)",True
580034957,"""אגודת מרפאת לין""  (ע""ר)",False
580286615,"מתנ""ס אזורי לכיש (ע""ר)",True
510233505,"צדקה בעמ (חל""צ)",True
580105922,"""הכומתות הירוקות""",True
580088912,"אגודת שומרי הגחלת  (ע""ר)",False
580248466,"משכן שאלתיאל (ע""ר)",True
580086742,"מועדון ""ליונס"" כפר-סבא  (ע""ר)",True
580221448,"הפועל - חובטי אריה באר שבע (ע""ר)",True
580059426,"קרית נוער ירושלים (ע""ר)",True
580009751,"אגודת השומרים לשמירת הלשון (ע""ר)",True
580067023,"התאחדות יוצאי תורכיה בישראל (ע""ר)",True
580072767,"אגוד האמרגנים ומפיקי אמנויות הבמה בישראל (ע""ר)",True
580098374,"עמותת בית מדרש, בית התבשיל וחלוקת מזון ומוצרים לנזקקים בשכונת תל עמל בחיפה (ע""ר)",True
580308781,"בית חם תורה עם דרך ארץ (ע""ר)",True
580082329,"בית הכנסת המרכזי בשכון הפועמ""ז בפתח תקוה  קרית סלומון  (ע""ר)",True
580097939,"ישיבה לצעירים מאור אליהו בקרית טלז-סטון (ע""ר)",True
580049708,"הקאמרטה הישראלית - ירושלים (ע""ר)",True
580345940,"הפועל רעננה - מח' כדורגל (ע""ר)",True
580027316,"לשכת טכנולוגיית המידע בישראל ע""ש שלמה טירן - מיסודה של לשכת מנתחי מערכות מידע (ע""ר)",True
580072114,"מוסדות טשכנוב (ע""ר)",True
580318962,"אמת ואמונה סלונים קרית גת חזון יחזקאל (ע""ר)",True
580233062,"בית עזרא - בית כנסת ומרכז קהילתי בכפר סבא  (ע""ר)",True
580043255,"בית הכנסת ""תפארת ישראל"" - כרכור (ע""ר)",False
580330801,"עמותת אורית צ'ין של יהודי אתיופיה (ע""ר)",True
580243723,"ארגון נוער פרחי הדגל (ע""ר)",True
580249001,"מרכז להפצת אורייתא קדישתא ישיבה גבוהה קול יהודה- ישיבה לצעירים בית שמעיה בראשות הרב עובדיה פטל שליט""א (ע""ר)",False
580379857,"מוסדות ""היכל דוד"" אשקלון (ע""ר)",False
580076818,"מרכז הספורט הארצי לבית""ר (ע""ר)",True
580089100,"""בית אל שביבה"" מרכז קהילתי באקה אל גרבייה (ע""ר)",True
580244192,"עלי עין (ע""ר)",True
580116366,"בית הכנסת המרכזי אורנית (ע""ר)",True
580206605,"אדר היקר (ע""ר)",True
580004562,"אריאל - תנועת נוער ישראלית (ע""ר)",True
580384394,"ביד פתוחה (ע""ר)",True
580044469,"עמותת ידידי המרכז הרפואי כרמל (ע""ר)",True
580378610,"עמותה לקידום הספורט בחבל יבנה (ע""ר)",True
580202133,"עמותה לעבודה התנדבותית וחינוכית באום אלפחם (ע""ר)",True
580215978,"עמותת הספורט, החינוך, והתרבות בכפר תרשיחא (ע""ר)",True
580010734,"לשכת שמאי מקרקעין בישראל (ע""ר)",True
580387678,"פורום נשים כרמיאל - משגב (ע""ר)",True
580247872,"בית כנסת ""נר מאיר"" (ע""ר)",True
580162139,"נשמת אהרן ויעקב (ע""ר)",True
580226710,"משכנות שמואל ע""ש האדמו""ר הרה""ג רבי שמואל אבי חצירא זצוק""ל (ע""ר)",True
580211902,"בית כנסת קדושי ששת הימים, חדרה  (ע""ר)",True
580213023,"מוזיאון המדע ע""ש בלומפילד ירושלים (ע""ר)",True
580144228,"קרן נתניה (ע""ר)",True
580333367,"שלמי יוסף (ע""ר)",True
580371193,"נדיב לב (ע""ר)",True
580005973,"האגודה למען הקשיש באזור חוף אשקלון (ע""ר)",True
580189579,"מכון אור ישראל - ישראלייט (ע""ר)",True
580007326,"מועדון שח-מט באר שבע (ע""ר)",True
580236271,"עמותה למושתלי כבד (ע""ר)",True
580212561,"ארגון מורי היוגה בישראל (ע""ר)",True
580241321,"מדרשת בית שאן - ללכת בדרכיו (ע""ר)",True
580236289,"מרכז קהילתי תורת - חיים, ראשון לציון (ע""ר)",True
580304392,"עמותה לפיתוח שירותים חברתיים - ראש העין (ע""ר)",True
580315927,"מיטב לקידום תרבות הספורט - רחובות (ע""ר)",True
580357556,"טופז בינלאומי ליזמות וחדשנות חברתית (ע""ר)",True
580228625,"כת""ר - מכון לכלכלה ע""פ התורה (ע""ר)",True
580380244,"מסטרס חיפה, מועדון אופניים (ע""ר)",True
580078293,"עמותת הציירים והפסלים (ת""א) (ע""ר)",True
580126464,"מרכז מפנה התערבות טיפולית מוקדמת באוטיזם (ע""ר)",True
580103497,"לשכת המסחר ישראל-אוסטרליה, ניו זילנד ואוקיאניה (ע""ר)",False
580039055,"מוסדות חסידי בעלזא אשדוד (ע""ר)",True
580296283,"אלסיואר - תנועה פמיניסטית ערבית (ע""ר)",True
580029999,"ישיבת אשקלון (ע""ר)",True
580235810,"קול יצחק (ע""ר)",True
580179281,"ישראל הצעיר קרית גת (ע""ר)",False
580263069,"בני ברית המייסדים ובנות הוד השרון  (ע""ר)",True
580061570,"בית זקנים וזקנות הכללי לכל עדת ישראל בירושלים ת""ו (ע""ר)",True
580244895,"איגוד השחייה בישראל (ע""ר)",True
580061430,"מרכז הנוער לחינוך ותרבות ידידי בית""ר פתח תקוה  (ע""ר)",True
580146389,"בית הכנסת פעמי משה בראש העין (ע""ר)",True
580012672,"בת""ס למלאכה ע""י ישיבות חב""ד ליובאוויטש בא""י (ע""ר)",False
580025229,"שארית ישראל של הרב שלום טברסקי ז""ל (ע""ר)",True
580087179,"בית כנסת היכל חיים, נווה אביבים, תל-אביב (ע""ר)",True
580069920,"תורה וחסד, אגוד חניכי ישיבות מעדות המזרח (ע""ר)",True
580327690,"כולל חצות ""שומרי העיר"" ביתר עילית (ע""ר)",True
580041622,"בית זבול מדרש גבוה לתלמוד בעיה""ק  ירושלים (ע""ר)",True
580013522,"האגודה לטיפוח חברה ותרבות, תיעוד ומחקר (ע""ר) THE ASSOCIATION (FOR SOCIETY AND CULTURE DOCUMENTATION AND RESEARCH (REGISTERED AMUTA",True
580383297,"עמותת תפילת רבים (ע""ר)",True
580278844,"מרכז רוחני מגן יוסף אשדוד (ע""ר)",True
580037836,"אגודה עזרה ומוסדות-""תורת משה"" (ע""ר)",True
580182012,"בית הכנסת הגדול מניין הנץ החמה בפסגת זאב היכל ""רחל וסלים בנין"" (ע""ר)",True
580094647,"המרכז הישראלי להתגוננות ותרבות הגוף  (ע""ר)",False
580250546,"אהל אברהם חיים ע""ש הרב אברהם חיים דז'ורייב ז""ל (ע""ר)",True
580149904,"מרכז קהילתי לתורה וחסד אפריון שלמה (ע""ר)",True
580314177,"מוסדות שטפנשט (ע""ר)",True
580154797,"בית הכנסת לעולי - לוב, רעננה  (ע""ר)",True
580242808,"אנימלס (ע""ר)",True
580212215,"בית הכנסת ארץ הצבי ברעות (ע""ר)",True
580302016,"אני לדודי (ע""ר)",True
580353993,"עמותת החסד ""לב רמות"" - ירושלים ת""ו (ע""ר)",True
580133981,"עמותה לחינוך לבריאות בישראל  (ע""ר)",True
580074029,"בית הכנסת הספרדי ע""ש משכן גבריאל ובניו (ע""ר)",True
580226629,"עמותת אל-סנדיאנה (ע""ר)",False
580052769,"ישיבת ספינקא בארץ ישראל (ע""ר)",True
580315109,"רמות- רשת מרכזי תרבות, חינוך, קהילה ופנאי (ע""ר)",True
580252740,"הפועל איחוד בני סחנין - עמותה לקידום הספורט בסחנין (ע""ר)",True
580068195,"אולפנת בני עקיבא מירון (ע""ר)",False
580329167,"מכבי צעירי מטולה (ע""ר)",True
580112977,"מועדון ימי חדרה (ע""ר)",True
580253102,"עמותת מנחם, נחלת מנחם מנדל - חב""ד (ע""ר)",True
580324630,"אור הללויה (ע""ר)",True
580379428,"האיגוד המקצועי של האמנים הפלסטיים בישראל (ע""ר)",True
580100832,"ישיבת מורשה - חיפה (ע""ר)",True
580317279,"מכון תורני איילת השחר (ע""ר)",True
580356210,"שח""ם, ארגון השחקנים והשחקניות בישראל (ע""ר)",True
580103117,"מרכז רוחני ""אהלי אברהם"" בבני ברק (ע""ר)",True
580127082,"ארגון הסטודנטים המשיחיים בישראל (ע""ר)",True
580311801,"מהות - הרשות העירונית לחוסן ולביטחון קהילתי אשדוד (ע""ר)",True
580355477,"המדרשה ליהדות ""קדימה אור"" שע""י כולל ""יפאר ענוים"" (ע""ר)",True
580018752,"אגודה לקידום ופיתוח התעשיה בירושלים (ע""ר)",False
580304673,"מהימן הדבר (ע""ר)",True
580206647,"קרית חינוך גולן (ע""ר)",False
580270411,"אחוזת - קבר  (ע""ר)",True
580092187,"מרכז להפצת תורה ויראה בנגב (ע""ר)",True
580382141,"מתנ""ס מרכז קהילתי שגב שלום (ע""ר)",True
580083384,"בית כנסת ע""ש יצחקי רבי ראובן ז""ל (ע""ר)",True
580069136,"מינהל קהילתי נווה יעקב (ע""ר)",True
580300812,"מדרשת מעלה חבר (ע""ר)",True
580068070,"ישיבת ניר - קרית ארבע (ע""ר)",True
580085884,"בית כנסת ע""ש רבי שלמה בלחנס (ע""ר)",False
580252120,"סיעת ש""ס בהסתדרות (ע""ר)",True
580065050,"ג'יי די סי מרפאת שיניים (ע""ר)",True
580016533,"משלש מתנדבים שירות לבריאות שיניים (ע""ר)",True
580198356,"בית חב""ד באר יעקב שע""י צעירי אגודת חב""ד (ע""ר)",True
580285419,"בית כנסת תפילת אחים ע""ש ר' דניאל לוי (ע""ר)",False
580023117,"בית ראשונים נס ציונה (ע""ר)",True
580050292,"ישיבת חכמי לובלין זכרון מאיר (ע""ר)",True
580153393,"ברית ותיקי מלחמת העולם השניה שלחמו בנאצים (ע""ר)",True
580271369,"אילני חסד (ע""ר)",True
580041945,"תורה ויהדות לעם (ע""ר)",True
580319705,"ניצוצות הגליל (ע""ר)",True
580097558,"הקרן לפיתוח דימונה (ע""ר)",True
580187359,"העמותה לאמנות ותרבות - כפר-קאסם (ע""ר)",False
580229508,"מרכז רוחני שיבת ציון לעולי אתיופיה בלוד (ע""ר)",True
580349652,"חסדי אור זרוע (ע""ר)",True
580291979,"בית כנסת קהילתי מזרח נתניה 1996 (ע""ר)",True
580016087,"האגודה לתרבות הדיור (ע""ר)",False
580010023,"מגן לילד המתיבתא למצטיינים בני ברק (ע""ר)",True
580203164,"יד ישראל לסיוע בחינוך תרבות ורווחה לקהילות ישראל בחבר העמים (ע""ר)",True
580223873,"המדרשה לידע המקדש (ע""ר)",True
580086197,"האגודה הישראלית לחקר הפוריות - איל""ה (ע""ר)",False
580088995,"כפר ילדים ונוער ""אהבה"" - עמותה לקידום ילדים, נוער וצעירים בסיכון (ע""ר)",True
580371763,"ישיבה לצעירים חיצים איתמר - שכם (ע""ר)",True
580239895,"מוסדות צאנז ביתר- גני הילדים מרים (ע""ר)",True
580119949,"אור ההר (ע""ר)",True
580065563,"אור זורח עמנואל (ע""ר)",True
580353647,"ארוחה חמה, קרית אתא (ע""ר)",True
580248433,"משכן דעיאל (ע""ר)",True
580089993,"ישיבת ""בני ציון"" מיסודה של המקובל האלוקי הרב הגאון סלמאן מוספי זצ""ל (ע""ר)",True
580316461,"האגודה לתרבות ערבית (ע""ר)",True
580360436,"וביום השישי (ע""ר)",True
580337038,"ברכת יוסף רחובות (ע""ר)",True
580049187,"אולפנא קרית ארבע חברון (ע""ר)",True
580080943,"כנסיית האלוהים בישראל  (ע""ר)",True
580022887,"אמ""ת (אמונה, מוסר, תרבות) (ע""ר)",True
580246387,"כולל יד יצחק חולון  (ע""ר)",True
580101046,"""מכורים אנונימיים אנ. איי. ישראל"" (ע""ר)",True
580062685,"""אופק"" עמותה לקידום אנשים עם צרכים מיוחדים (ע""ר)",True
580341931,"עמותת צידקת מנחם (ע""ר)",True
580101152,"סטודיו למשחק - עמותה לטפוח אמנות הבמה (ע""ר)",True
580130482,"מוסדות התורה והחינוך גור ערד (ע""ר)",True
580370203,"העמותה להפועל ברנר (ע""ר)",True
580305753,"רשת ""צאן קדושים"" (ע""ר)",True
580209989,"אולפנת רעיה (ע""ר)",True
580007714,"מכון למחקר כלכלי על שם ד""ר ישעיהו פורדר על יד אוניברסיטת תל אביב, בית הספר לכלכלה על שם איתן ברגלס. (ע""ר)",True
580145860,"נהר גולה - וועד הצלה לפליטים מארצות מצוקה (ע""ר)",False
515920163,"בית דניאלה בע""מ (חל""צ)",True
580146256,"בצלם - מרכז המידע הישראלי לזכויות האדם בשטחים (ע""ר)",True
580194538,"התאחדות אברכים ""פרדס כץ"" (ע""ר)",True
580023745,"ארגון עזרת אחים לעדה הבבלית בפתח תקוה והסביבה  (ע""ר)",True
580247781,"עושה חיל - אחיעזר (ע""ר)",True
580318186,"מדרשת צפנת - ארץ שכם (ע""ר)",True
580085306,"מקהל""ת - מרכז קהילתי לב תל-אביב (ע""ר)",True
580284404,"גנזי שמעון (ע""ר)",True
580240737,"חפץ ה' ע""ש רבי חיים בן עטר זצ""ל (ע""ר)",True
580385375,"אופק - מרכז למידה (ע""ר)",True
580164077,"אהל אפרים אריאל (ע""ר)",True
580140184,"מרכז תורני לנשים ותכנית המתמידות בירושלים (ע""ר)",True
580161156,"האיגוד הישראלי לפסיכיאטריה ביולוגית (ע""ר)",True
580365088,"זיו נעורים (ע""ר)",True
580210409,"חכמת שלמה רחובות ע""ש הרה""ג ר' שלמה הכהן קוק זצ""ל (ע""ר)",True
580337566,"בית כנסת כתר תורה לברית אברהם (אשדוד) (ע""ר)",True
580320927,"מפעל החסד - מרכזי חסדי פסיה (ע""ר)",True
580008183,"אמונה עולמית (ע""ר)",True
580234979,"קול שמעון (ע""ר)",True
580189033,"ר.ו.ת.ם - העמותה לרווחת תושבי מנשה (ע""ר)",True
580360147,"תומכי תמימים ליובאוויטש רמת אביב (ע""ר)",True
580159424,"בית הכנסת המרכזי - יקיר (ע""ר)",True
580324408,"סדנת שילוב - גבעות (ע""ר)",True
580231868,"""אמנה""  שריגים, מרכז לטיפול באוטיסטים ולקויי התפתחות",True
580223899,"מדרשת שכטר (ע""ר)",True
580062644,"חזון עובדיה תורה וחינוך (ע""ר)",True
580067460,"תלמוד ישראלי - מיסודו של מכון ש""י (ע""ר)",True
580052298,"ישיבת תורת חיים ירושלים  (ע""ר)",True
580312015,"משכן שמעון ואוהל חווה (ע""ר)",False
580354462,"מוסדות הגר""א רמת בית שמש (ע""ר)",True
580085512,"""אהלי יעקב בני ברק"" (ע""ש הגאון מהריק""ש מורינו רבי יעקב קשטרו זצ""ל וע""ש הפסוק ""כה אמר ה' הנני שב את שבות אהלי יעקב"") (ע""ר)",True
580370047,"עמותת אלבית אלדאפי (ע""ר)",True
580328532,"כולל מעוז חיי כפר שלם תל אביב (ע""ר&gt;",True
580229078,"בית הכנסת מורשה, הדר גנים (ע""ר)",True
580031326,"מינהל קהילתי רמות אלון (ע""ר)",True
580219111,"בית כנסת ובית מדרש ראש פסגת זאב מזרח (ע""ר)",True
580292159,"תורה ומדע ליד המרכז האקדמי לב (ע""ר)",True
580206688,"עמותת בית הכנסת בית מאיר יהוד (ע""ר)",True
580141455,"מסל""ן - מרכז הסיוע לנפגעות ולנפגעי תקיפה מינית ואלימות, נגב (ע""ר)",True
580379485,"אלפא דאנס - ספורט אקדמי (ע""ר)",True
580002608,"ליגה למניעת מחלות ריאה ושחפת בישראל, סניף רחובות (ע""ר)",True
580370906,"כולל מאור חיים, קרית גת (ע""ר)",True
580080794,"ישיבת בני עקיבא נחל יצחק - נחלים (ע""ר)",True
580316602,"ישיבות לצעירים עטרת שלמה בארה""ק (ע""ר)",True
580286847,"זמארין - העמותה לתרבות פנאי וקהילה זכרון יעקב (ע""ר)",True
580330710,"ביל""ו (בית יעקב לכו ונלכה) פתח תקוה (ע""ר)",True
580181741,"המרכז לתרבות האנדלוסית ולפיוט בישראל (ע""ר)",True
580165629,"רשב""י לוד (ע""ר)",False
580362143,"ראשית דעת- רמח""ל רזלי (ע""ר)",True
580305266,"העמותה לקידום הספורט ותרבות הפנאי בגליל העליון (ע""ר)",True
580368140,"בית הכנסת התימני - אבני חפץ (ע""ר)",True
580319945,"נאמני בית""ר קרית גת (ע""ר)",True
580118172,"מדרשת ביחד - ירוחם (ע""ר)",True
580319044,"קרן נפש כל חי (ע""ר)",True
580351021,"כדורעף ק.ק. תל אביב (ע""ר)",True
580342285,"תלמוד תורה יחי ראובן (ע""ר)",True
580019990,"האגודה לצער בעלי חיים ירושלים (ע""ר)",True
580060069,"יד אליעזר (ע""ר)",True
580340057,"בית המדרש אהליך יעקב (ע""ר)",True
580040905,"עמותת גמילות חסדים זכרון מרדכי פתח תקוה (ע""ר)",True
580038693,"רופאי שיניים מתנדבים לישראל (די.וי.אי) (ע""ר)",True
580245157,"קרן לזכרון יוסף בן עזרא (ע""ר)",True
580061588,"תו""מ - מוסד בני עקיבא לתורה ומקצוע (ע""ר)",True
580357457,"ישיבת נחלת שמואל (ע""ר)",True
580201143,"מרכז קהילתי ספרדי בית אל, רעננה (ע""ר)",True
580198372,"עמותה למען רווחת החיילים בטרמפידה כפר-סבא-רעננה צפון  (ע""ר)",True
580322451,"המכללה האקדמית ספיר (ע""ר)",True
580101301,"ישיבת אור יהודה (ע""ר)",True
580143386,"מרכז חינוכי דרכי שלום (ע""ר)",True
580139947,"בית המלמדים - המכון לפיתוח מערכות דידקטיות יהודיות מתקדמות (ע""ר)",True
516100716,"מיזם שלום ירושלים בע""מ (חל""צ)",True
580107357,"מכון ""אות"" עמותה למחקר והוראה  (ע""ר)",True
580037224,"תיאטרון באר שבע (ע""ר)",True
580110872,"מכון שפתי צדיקים  (ע""ר)",True
580100212,"המכון הישראלי לספרות עברית (ע""ר)",True
580120756,"מרכז תורני לחינוך ותרבות שדרות (ע""ר)",True
580345726,"אוהל אשר (ע""ר)",True
580193936,"אור פנימי ברסלב (ע""ר)",False
580114536,"המרכז הישראלי למצוינות בחינוך (ע""ר)",True
580144327,"מכון מעליות (ע""ר)",True
580186278,"מוסיקה מזרח-מערב {ע""ר}",True
580286607,"מתנ""ס מרכז קהילתי תל-שבע (ע""ר)",True
580164655,"מועדון רוטרי קישון (ע""ר)",False
580207199,"סיוע לנשים ונערות נגד אלימות (ע""ר)",True
580118768,"אגודת דברי חיים צאנז קלויזנבורג - בני ברק (ע""ר)",True
580371029,"דגל מחנה אפרים (ע""ר)",True
580380558,"ברהמא קומאריס ארגון רוחני עולמי (ע""ר)",False
580015550,"חברת משניות שע""י בית הכנסת המרכזי ""היכל מאיר"" ת""א (ע""ר)",True
580002038,"המרכז התורני ""תורת חסד"" הישיבה הגדולה ""נחלת יעקב"" (ע""ר)",True
580256279,"קרן יד יעקב לחינוך יהודי (ע""ר)",False
580165801,"אגודת הספורט לעיוורים בישראל - א.ס.ע.י. (ע""ר)",True
580112852,"אגודת בית כנסת מורשת יהודית (ע""ר)",True
580350791,"קופת גמ""ח הכללית - נוע""מ (ע""ר)",True
580020980,"המדרשה בארץ בנימין (ע""ר)",True
580339018,"אור יחזקאל מודיעין עילית (ע""ר)",True
580332302,"משפחה חדשה (ע""ר)",True
580353316,"מוסד וג'די נהאד אבו גרביה לפיתוח מדעי (ע""ר)",False
580019099,"ישיבת שער השמיים ללימודי תורת הנגלה והנסתר (ע""ר)",True
580083756,"מעיין חיים ושלום - אשקלון (ע""ר)",True
580134658,"העמותה לחינוך וגנים- חיים בחינוך (ע""ר)",True
516280344,"אור לעד בע""מ (חל""צ)",False
580225274,"פסגת מוריה (ע""ר)",True
580264331,"הוספיס גליל עליון (ע""ר)",True
580119972,"מרכז המקויה בירושלים  (ע""ר)",True
580346229,"עמותת ותיקי בני שמעון (ע""ר)",True
580247724,ארגון מועדוני האבקות ע.מ.י. (ע''ר),True
580325314,"זכרון צבי - לקידום החינוך החרדי לבנות (ע""ר)",True
580068211,ישיבת הגולן - ע''י מרכז ישיבות בני עקיבא (ע''ר),True
580135655,"ישיבת שערי ישועה ירושלים (ע""ר)",True
580343671,"עמותת יושבת ציון (ע""ר)",True
580233211,"קרנות קורת ישראל - עמותה לפיתוח כלכלי (ע""ר)",True
580105690,"משכנות אביר יעקב - נהריה, ע""ש הקדוש האלוקי רבינו יעקב אבוחצירא זצוק""ל (ע""ר)",True
580016251,"מרכז חינוכי משכן שלמה מהרש""ם (ע""ר)",False
580214914,"בית הכנסת הגדול שערי עזרא תלפיות מזרח י-ם (ע""ר)",False
580021913,"בית כנסת שמעון הצדיק (ע""ר)",True
580310878,"בית מורשת אורי צבי גרינברג (ע""ר)",True
580041655,"בית כנסת ""ישמח ישראל"" בית שאן (ע""ר)",True
580212843,"נחלת יעקב עמנואל (ע""ר)",True
580285096,"בית חב""ד גבעת עדה שע""י צעירי אגודת חב""ד - המרכז (ע""ר)",True
580353670,"מועדון הכדורסל הפועל טבריה 2000 (ע""ר)",True
580268704,"עמותה למען ספורט, חינוך ותרבות קיבוץ גזר (ע""ר)",True
580310639,"הפועל ""נועם"" פרדסיה (ע""ר)",True
580313997,"עמותת היכל דוד נווה זאב (ע""ר)",False
580311785,"משכנות ישראל, נווה שיקמה, ראשל""צ (ע""ר)",True
580120418,"מכבי מעלה אדומים (ע""ר)",True
580054112,"איגוד של משווקי פירות וירקות בישראל  (ע""ר)",False
580051415,"מרכז קהילתי ראש פנה (ע""ר)",True
580334142,"בית כנסת ""עץ התורה - שבת אחים"" (ע""ר)",True
580092245,"הקהילה ליהדות מתקדמת ברמת השרון (ע""ר)",True
580061851,"קרית חינוך ישיבת הנגב - חנוך לנער נתיבות (ע""ר)",True
580249191,"חבורת תל-אביב של התנועה המסורתית (ע""ר)",True
580005601,"מרכז קהילתי ע""ש מירלמן אור עקיבא (ע""ר)",True
580027258,"ארגון נשי חרות בישראל (ע""ר)",True
580261170,"העמותה לקידום בית הספר הדמוקרטי בכנף (ע""ר)",True
580271831,"בית הכנסת ""רמב""ם"" נוף איילון (ע""ר)",True
580328169,"ישיבת ""תורת חכם"" ללימוד הנגלה והפנימיות (ע""ר)",True
580342228,"אלמנאהל - עמותה למען קידום הנשים הדרוזיות (ע""ר)",True
580356020,"תניא - מודעות עצמית ביהדות (ע""ר)",True
580369627,"קהילת רמת התנאים (ע""ר)",True
580291730,"כפפות הזהב נהריה (ע""ר)",True
580236784,"ישיבת אור שרגא ירושלים על שם המקובל האלקי הרב אור שרגא זצ""ל (ע""ר)",True
580128478,"בית הכנסת אסירי ציון עולי בוכרה אזורים נתניה (ע""ר)",True
580113009,"אגודת בית הכנסת הגדול אהל ישראל (ע""ר)",True
580142511,"קול יהודה - מיסודו של הרב יהודה דרעי זצוק""ל  (ע""ר)",True
580296077,"הקרן לקידום המיעוטים בישראל (ע""ר)",True
580288439,"צעד ראשון (ע""ר)",True
580139525,"אגודת המורים לאנגלית בישראל - יתאי ETAI - ENGLISH TEACHERS ASSOCIATION OF ISRAEL (ע""ר)",True
580282549,"בית המדרש ומכון מעשי השלום (ע""ר)",True
580115491,"בית כנסת מגן אבות רמות א' ירושלים תובב""א  (ע""ר)",True
580066033,"קונסרבטוריון הסדנה ירושלים (ע""ר)",True
580117687,"עמותת אוהל אברהם ברובע היהודי בירושלים  (ע""ר)",True
580021806,"ישיבת קול יעקב ע""ש מרן הגר""י עדס זצוק""ל ירושלים (ע""ר)",True
580224046,"הפועל אשדוד ענפים (ע""ר)",True
580301745,"מכבי נ.ש.ר. עזריה (ע""ר)",True
580020774,"כולל אברכים ""בית המדרש"" ליד ביהכנ""ס המרכזי בת ים (ע""ר)",True
580264851,"מועדון שחמט אשדוד (ע""ר)",True
580289429,"זית-זך (ע""ר)",True
580348142,"פאר מעלות (ע""ר)",True
580348589,"סקציית שחיה באר שבע (ע""ר)",True
580237758,"מנוחה נכונה - באר שבע והסביבה (ע""ר)",True
580055945,"""עמותת בית הכנסת עקידת יצחק"" (ע""ר)",True
580025773,"לשכת המסחר והתעשיה- מחוז דרום (ע""ר)",True
580215317,"תורת  חכם (ע""ר)",True
580354918,"אלויסאם (ע""ר)",True
580255883,"מנחת מנחם (ע""ר)",True
580003713,"קהילה קדושה קרית צאנז נתניה (ע""ר)",True
580037638,"ישיבת ""מיר"" ירושלים (ע""ר)",True
580019073,"אגוד הבנקים בישראל (ע""ר)",True
580314888,"העמותה לקידום הספורט ולטיפוח ערכי הספורט בבית הספר הריאלי העברי בחיפה (ע""ר)",True
580177277,"בית כנסת - בית אל ראשון לציון (ע""ר)",True
580311082,"עמותת היכל עובדיה (ע""ר)",True
580308922,"הורים למען ניר, עמותה (ע""ר)",False
580335248,"קרן ע""ש הרב משה שרר ז""ל (ע""ר)",True
580076438,"יד ריבה - סיוע משפטי לקשיש (ע""ר)",True
580324036,"כרמל - עמותה למען ותיקי חוף הכרמל (ע""ר)",False
580275204,"בית הכנסת משכן יעקב ע""ש ר' יעקב אבוחצירה זצ""ל בראשון לציון (ע""ר)",True
580105427,"בית כנסת סוכת דוד - ישראל הצעיר תקוע (ע""ר)",True
580373918,"פרויקט תבונות לתמיכה חברתית וחינוכית (ע""ר)",True
580300523,"לשכת המתווכים למקרקעין, ירושלים (ע""ר)",True
580347565,"דרך ארץ קדימה (ע""ר)",False
516021359,"אחדות הברכה  בע""מ (חל""צ)",True
580004059,"הישיבה הגבוהה אור-עציון (ע""ר)",True
580104156,"מגשימי תקוותינו  (ע""ר)",True
580126555,"אגודת המוסמכים בשיטת פלדנקרייז (ע""ר)",True
580386266,"קהילות יעקב בית שמש (ע""ר)",True
580108843,"בית כנסת אוהל מועד לעולי צפון אפריקה, קרית אונו  (ע""ר)",False
580274546,"מגן שאול - קרית חינוך נוקדים (ע""ר)",True
580278760,"עמותת מרכז יום - גדרות (ע""ר)",True
580342673,"קרן גלילאו (ע""ר)",True
580194702,"קרן ברוריה לצדקה  (ע""ר)",True
580268720,"לכיש - האגודה למען הקשיש (ע""ר)",True
580011468,"עמותת ""המייסדים""- העמותה למען הקשיש, העולה והגימלאי במועצה האזורית באר טוביה והסביבה (ע""ר)",True
580289601,"שידורי יהדות איראן בישראל הטלויזיה הקהילתית (ע""ר)",True
580162873,"מוסדות ישיבה תיכונית "" אור מנחם"" קרית ארבע חברון (ע""ר)",True
580331114,"מוסדות ""ברכת הנחל"" - ברסלב - מודיעין עילית (ע""ר)",True
580251163,"צור ישועתי (ע""ר)",True
580365302,"מטה מאבק הנכים בישראל (ע""ר)",True
580052793,"תנועת מכבי ישראל (ע""ר)",True
580014546,"כולל תורה וחיים בני ברק (ע""ר)",True
580319481,"ישיבת דעת חיים (ע""ר)",True
580125557,"מכון רות - להוראה והדרכה טיפולית (ע""ר)",True
580299733,"עם ישראל אחד (ע""ר)",True
580288710,"ישיבה יוניברסיטי בישראל (ע""ר)",True
580275055,"נר רחמים (ע""ר)",True
580562536,"שובבים ירושלים (ע""ר)",True
580038313,"חברה קדישא הרצליה  גומלי חסד של אמת (ע""ר)",False
580053130,"בני ברית מועצה אזורית חיפה (ע""ר)",False
580030245,"בית תלמוד להוראה דחסידי גור בני ברק (ע""ר)",True
580062560,"אגודת שוחרי מוסיקה ואמנות בלוד ליד ועד הורי תזמורת הנוער לוד (ע""ר)",False
580363273,"ישראל אשר בך אתפאר (ע""ר)",True
580023489,"היכל אליהו אגודה לבנין בי""כ על הכרמל ע""ש אליהו הנביא (ע""ר)",True
580192888,"ארגון בוגרי הטכניון  (ע""ר)",True
580315760,"עמותת בית הכנסת ""בן פורת יוסף"" חולון (ע""ר)",False
580262855,"קרן עדי אגמון   (ע""ר)",True
580324978,"עמותה לחינוך והפצת תורה - כפר אליהו באר יעקב (ע""ר)",True
580166700,"קהילת מאיר הר נוף ירושלים (ע""ר)",True
580061448,"בית כנסת בית יעקב נתיבות  (ע""ר)",True
580335834,"תורת זאב (ע""ר)",True
580024842,"מכון מדעי טכנולוגי להלכה (ע""ר)",True
580295533,"יסודות לצמיחה דרור (ע""ר)",True
580222487,"ע.ס.ו עמותת הסטודנטים של המכללה לחנה""ג ע""ש זינמן במכון וינגייט (ע""ר)",True
580273670,"העמותה להקמת בית כנסת בשכונת מישור הנוף ראשל""צ  (ע""ר)",True
580143907,"תורה וחסד גן יבנה (ע""ר)",True
580071611,"""שיוך וטמוח"" - ""קשישים ואמבציה""",True
580213932,"אופק לתעסוקה מעברים בעמק (ע""ר)",True
580243319,"ישיבת מעלה-חבר (ע""ר)",True
580010007,"הליגה למניעת מחלות ריאה תל אביב (ע""ר)",True
580307130,"תאגיד הבריאות ליד המרכז הרפואי זיו (ע""ר)",True
580201325,"קרן עזרה לעולים נזקקים  (ע""ר)",False
580136612,"קרן רוקייה ביאדסה לתמיכה בסטודנטים הערבים (ע""ר)",True
580191401,"תלמוד תורה דרך ישרים - פתח תקוה, בנשיאות הגאון הגדול רבי אהרון יהודה לייב שטיינמאן שליטא (ע""ר)",True
580293884,"בית ספר שדה כפר עציון (ע""ר)",True
580147296,"עמותת ""סלמה"" לאמנויות הריקוד  (ע""ר)",True
580356947,"נטעי ראובן (ע""ר)",True
580313047,"מרכז חינוכי תורני דרכי התורה (ע""ר)",True
580339562,"חסד ואמת ""לב אהרון"" (ע""ר)",True
580096238,"אגודת אחים אנשי אמריקה ירושלים (ע""ר)",False
580313500,"עמק התורה (ע""ר)",True
580035491,"אגודה למען מקוה בנוה שאנן חיפה (ע""ר)",True
580138139,"נאמנות ספרי בהקתיודאנתה (בי.בי.טי) (ע""ר)",True
580233179,"א.כ. - נס ציונה (ע""ר)",True
580294908,"קרית ליובאויטש רמת שלמה ירושלים  (ע""ר)",True
580065316,"ישיבת תפארת התלמוד ירושלים (ע""ר)",True
580120814,"דרכי מרדכי (ע""ר)",True
580213163,"בית הכנסת מושב נוב (ע""ר)",True
580362523,"אחלה - איכות חיים לאדם השונה (ע""ר)",True
580102093,"יהדות גליציה ובוקובינה (ע""ר)",True
580145563,"העמותה לקידום טניס שולחן (ע""ר)",True
580079978,"עזר מציון (ע""ר)",True
580062750,"אפיקים בנגב (ע""ר)",True
580218733,"בני ארזים - מרכז טיפולי לילד ע""ש ד""ר יצחק בלנק (ע""ר)",True
580053536,"מוסדות התורה דחסידי ""בית אל"" יכבץ (ע""ר)",True
580157402,"מרכז אדוה (ע""ר)",True
580061752,"בית הכנסת ""היכל יונה"" (ע""ש יונה גרין ז""ל) (ע""ר)",True
580201218,"תורת ישראל (ע""ר)",True
580222859,"מוסדות: זהר-בנימין ירושלים (ע""ר)",False
580238160,"הפועל פתח תקוה - כדורמים (ע""ר)",False
580091726,"בית כנסת שומר אמונים רחובות  (ע""ר)",True
513813584,"קרן אלסיראג' בע""מ (חל""צ)",True
580035335,"בית הכנסת הליכות עולם ירושלים (ע""ר)",True
580133130,"מדרשה לחקר ולימודי היהדות - חיפה (ע""ר)",True
580029643,"אגודת נחליאל (ע""ר)",False
580253789,ישיבת מנחת יצחק בני ברק,True
580348019,"העמותה למחקר גנאלוגי בישראל (ע""ר)",True
580277481,"רוח טובה (ע""ר)",True
580052728,"ארגון נכי צה""ל (ע""ר)",True
580161784,"עמותת אחיות ואחים חדר ניתוח בישראל PERIOPERATIVE NURSES ASSOCIATION IN ISRAEL (ע""ר)",True
580156669,"רחשי לב (ע""ר)",True
580104552,"כולל בית יחיאל אספורמוס (ע""ר)",True
580361236,"מסילה לכלכלה נבונה (ע""ר)",True
580020949,"לשכת המסחר ישראל - שוויץ  (ע""ר)",False
580243590,"חוג העמקים (ע""ר)",True
580096469,"קרן בן איש חי (ע""ר)",True
580144681,"עץ חיים-עולם חסד ואמת רחובות (ע""ר)",True
580292753,"בני ברוך - קבלה לעם (ע""ר)",True
580119105,"ג'מעיית אלתועיה אלאסלאמיה - סח'נין  (ע""ר)",True
580172674,"עץ הדעת - לפעילות חברתית תורנית וחינוכית (ע""ר)",True
580061075,"עמותה לקדום חנוך תרבות ורווחה בעמק הירדן ובקעת כנרות ודרום רמה""ג (ע""ר)",True
580286508,"יד לידיד - פסגת זאב (ע""ר)",True
580016806,"המועצה העליונה של הנוסח הסקוטי הקדמון  והמקובל במדינת ישראל (ע""ר)",False
580156057,"בית הכנסת ומרכז קהילתי - זכור לאברהם - בראשון לציון (ע""ר)",False
580056794,"ג'ארת ועד בית כנסת תוניסאים אור תורה גריבת ג'רבה אופקים (ע""ר)",True
580361087,"בית הכנסת הספרדי כתר תורה ברנדס ניסן חדרה (ע""ר)",False
580255370,"חברותא - בית מדרש לתלמידי האוניברסיטה  (ע""ר)",True
580054062,"גשר מפעלים חינוכיים (ע""ר)",True
580255453,"תיאטרון ""סנאבל"" הירושלמי (ע""ר)",True
580060788,"כולל זוהר השלום (ע""ר)",True
580011179,"נוה שרה הרצוג (ע""ר)",True
580315497,"תנועת המרכז הליברלית - הנוער הציוני, עמותה (ע""ר)",True
580192805,"אירגון חסד עליון (ע""ר)",True
580141836,"עמי - תשמ""ח (ע""ר)",True
580321099,"עמותת ידידי בית הספר הדמוקרטי - כפר סבא (ע""ר)",True
580112647,"בית חב""ד - מעלה אדומים (ע""ר)",True
580381762,"קד""ם - תהליכי צדק מאחה וקבוצת דיון משפחתית בישראל (ע""ר)",True
580026425,"אלתקוא עמותה לענייני דת בכפר מנדא (ע""ר)",True
580380434,"אור שבעת הימים (ע""ר)",True
580235836,"""נח"" - התאחדות ישראלית של ארגונים להגנת בעלי חיים (ע""ר)",True
580305100,"מנין צעירים בית לחם יהודה (ע""ר)",True
580314482,"סטארלט (ע""ר)",False
580351492,"התאחדות ישראלית לרופאי סוסים (ע""ר) (.ISRAELI EQUINE VETERINARY ASSOCIATION (R.A",True
580106763,"ישיבות פאר משה (ע""ר)",True
580031102,"נתיבות עולם (ע""ר)",True
580069821,"מוסדות ניצוצי אורות (ע""ר)",True
580232767,"עמותת בית הראשונים באבן יהודה  (ע""ר)",True
580040327,"הקרן לטיפול במשפחות חללי הצנחנים (ע""ר)",True
580318293,"מרכז חניכי הישיבות אשדוד (ע""ר)",True
580230118,"ביה""ס לבנות דחסידי באיאן-רוזין ירושלים (ע""ר)",True
580053379,"ועד הישיבות בארץ ישראל (ע""ר)",True
580004489,"בית הכנסת ""שלטי הגיבורים"" קרית מוצקין (ע""ר)",True
580244887,"איגוד הקיאקים בישראל (ע""ר)",True
580132629,"האגוד הישראלי לעתונות תקופתית (ע""ר)",True
580030153,"מיח""א מחנכי ילדים חרשים באר שבע (ע""ר)",True
580062008,"מכון ירושלים לפיסיקה הלכתית בבעיות הזמן (ע""ר)",True
580151033,"קרן הקולנוע הישראלי (ע""ר) (.ISRAEL FILM FUND (R.A",True
580297034,"אור ניצה - רשת תמיכה לאם ולמשפחה (ע""ר)",True
580181444,"עמותת הקהילה החרדית חיפה (ע""ר)",True
580305647,תפארת אלישע ברמות - ירושלים (ע''ר),True
580315653,"מוסדות הריף ירושלים (ע""ר)",True
580010270,"משכנותיך ישראל ירושלים (ע""ר)",True
580365724,"חסדי דוד ע""ש דוד הכהן ז""ל תשנ""ט (ע""ר)",True
580165702,"בית לזוגות צעירי ויז'ניץ (ע""ר)",False
580107787,"צהר לטהר (ע""ר)",True
580021236,"לשכת המהנדסים האדריכלים והאקדמאים במקצועות הטכנולוגיים בישראל (ע""ר)",True
580389013,"שערי מרדכי (ע""ר)",False
580160364,"בית כנסת היכל רפאל - גינות שומרון (ע""ר)",True
580009157,"נחלת צבי ע""ש צ.י. פוקס זצ""ל יד ושם למשפחות קליין ופו (ע""ר)",True
580197317,"מועדון כדורסל בני-יהודה ת""א (ע""ר)",True
580018653,"המכון ע""ש מרן הרב צבי יהודה קוק זצ""ל (ע""ר)",True
580021087,"אגודת ידידי מרכז רפואי בני ציון FRIENDS OF BNAI-ZION MEDICAL CENTER (ע""ר)",True
580384691,"הנני בני (ע""ר)",True
580019263,"ישיבה דחסידי בעלזא ירושלים (ע""ר)",True
580016897,"כפר הנוער מנוף מיסודו של פרופסור חיים אדלר (ע""ר)",True
580110369,"מרכז תורני חדרה להפצת אור התורה ונועם היהדות (ע""ר)",True
580232189,"תורת העמק (ע""ר)",True
580072049,"מסגד אומר אבן אל חטב  (ע""ר)",False
580221869,"מעייני ההתישבות (ע""ר)",True
580035814,"בית מדרש התאחדות חניכי ישיבת חברון בני ברק (ע""ר)",True
580003978,"""אורנים"" - המכללה האקדמית לחינוך התנועה הקיבוצית (ע""ר)",True
580386100,"סמינר למורות ולגננות הליכות בית יעקב (ע""ר)",True
580236826,"עמותת גימלאי רפא""ל עובדי מדינה (ע""ר)",False
580140713,"מרכז רוחני דתי - גבעת זאב (ע""ר)",True
580012433,"מרכז רוחני דתי שבי ציון ע""ש ר יחיא בשארי זצ""ל (ע""ר)",True
580068773,"ההתאחדות הישראלית לכלבנות-הי""ל- חברה בפדרציה הבינלאומית לכלבנות (ע""ר)",False
580316453,"קהל לתורה והלכה (ע""ר)",True
580320265,"תאיר - מרכז סיוע לנפגעות ולנפגעי תקיפה והטרדה מינית (ע""ר)",True
580326833,"אות חיים (ע""ר)",True
580362747,"אחותי - למען נשים בישראל (ע""ר)",True
580011039,"ישיבת י-ם שע""י ישיבת רבנו מרן א. י. הכהן קוק זיע""א (ע""ר)",True
580037059,"הישיבה הגדולה, התלמוד תורה, בית התבשיל מאה שערים פע""ח ירושלים (ע""ר)",True
580334928,"קרן מנחם - צפת (ע""ר)",False
580316826,"עתיד לעם (ע""ר)",True
580031508,"איגוד השמאים בישראל (ע""ר)",True
580307700,"עמותת מוסא אלעלמי לחינוך, צדקה ורווחה (ע""ר)",True
580171064,"מכבי קרית עקרון (ע""ר)",True
580114866,"אח""י - אחדות חברת ישראל (ע""ר)",True
580003648,"אגודת חובבי החתולים בישראל (ע""ר)",True
580005569,"הארכיון והמוזיאון (פרטי) לתיאטרון ע""ש ישראל י. גור (ע""ר)",True
580363323,"בית הכנסת אור אבנר לקהילה הבוכרית קרית גת (ע""ר)",True
580025591,"ישיבת קול תורה (ע""ר)",True
580344208,"אורורה (ע""ר)",True
580037133,"בית הכנסת  אשרי המאמין  קרית ים ליוצאי טורקיה ובולגריה  (ע""ר)",True
580021327,"יד דוד בן גוריון (ע""ר)",True
580303659,"אי.אם.די.אר - ישראל (ע""ר)",True
580366920,"שיבת ישראל (ע""ר)",True
580033926,"בית כנסת מסורת שלום, רמות ירושלים (ע""ר)",False
580356939,"הקו המאחד (ע""ר)",False
580200194,"ישיבה וכולל אברכים ""תורת יצחק"" ע""ש הגה""ח הקדוש רבינו יצחק אלחנן משרשב זצוק""ל (ע""ר)",True
580150035,"רינת בית דוד קטמונים ירושלים (ע""ר)",True
580199859,"בית הכנסת המרכזי והמרכז התורני דקהלת משכנות יעקב - בני ברק (ע""ר)",True
580209674,"אגוד יצרני חומרי מחצבה בישראל  (ע""ר)",True
580024057,"אלין- בית נועם (ע""ר)",True
580021202,"אגודת זכרון מאיר ע""ש חיפה ע""ש הגה""צ רבי דב רובמן זצ""ל (ע""ר)",True
580282283,"כולל דרוש וחידוש רע""א (ע""ר)",True
580022424,"רמ""ת רשת מועדונים תורניים לנוער ולמבוגר  (ע""ר)",True
580195675,"אגודת ספורט אוניברסיטת בן גוריון בנגב (ע""ר)",True
580244549,"מכון על שם אברהם וחיה מושא גרינברג (ע""ר)",True
580214757,"עמותת שלום רב (ע""ר)",True
580298222,"נווה רוז (ע""ר)",True
580027753,"בית דוד המרכז התורני בחולון (ע""ר)",True
580201200,"מח""ר שערי תקווה (מתנס חינוך ורווחה) (ע""ר)",True
580003432,"ענבלים לחינוך ותרבות (ע""ר)",False
580181436,"עמותת מרכז טכנולוגיות עתידיות בפארק ת.מ.ד. (ע""ר)",True
580001451,"הארגון הארצי של יהודי כורדיסטאן בישראל (ע""ר)",True
580334209,"המאור נתיבי קודש (ע""ר)",True
580013431,"אגודה לטפוח מוסדות תורניים ותרבותיים של הקבוץ הדתי באזור שפיר (ע""ר)",True
580244846,"איגוד ההיאבקות בישראל (ע""ר)",True
580001170,"כולל ""תורת חיים"" חולון (ע""ר)",True
580087757,"איגוד הדאיה - קלוב התעופה לישראל (ע""ר)",True
580070787,"ישיבת יגדיל תורה חיפה (ע""ר)",True
580342921,"באר יצחק, ירושלים (ע""ר)",True
580388569,"אג""ס - אגודת הסטודנטיות במכון טל (ע""ר)",True
580227395,"בית הכנסת קרית גנים (ע""ר)",True
580371037,"הפועל האבקות שמשון - קרית גת (ע""ר)",True
580354702,"חדר ""רבי עקיבא"" בני ברק (ע""ר)",True
580194397,"כולל חן וחסד באשדוד (ע""ר)",True
580289221,"ארגון מאור שלמה לתורה וחסד (ע""ר)",True
580337343,"סיכוי לצעירים סל""צ חיפה (ע""ר)",True
580240034,"כנסת מאיר (ע""ר)",True
580318731,"מרכז תורני הדר יעקב בית שמש (ע""ר)",False
580150928,"מכון אור שמריהו, לוד - רמלה (ע""ר)",True
580340404,"גלע""ד - גרעין למען ערד (ע""ר)",True
580324127,"עוצמת יפרח (ע""ר)",True
580358851,"נצח אסתר (ע""ר)",True
580367720,"ויחי יצחק (ע""ר)",True
580064715,"אגודת בית מדרש גבוה לתורה תפארת מנחם ואהל מאיר וישווא ויז'ניץ (ע""ר)",True
580096493,"אור עולם (ע""ר)",False
580352144,"אשל בנימין - צפת (ע""ר)",True
580387504,"התאגדות לתרבות גופנית הפועל עפולה (ע""ר)",True
580332948,"ח""י חינוך ישראלי (ע""ר)",True
580314797,"בית הכנסת נוה דקלים ראשל""צ (ע""ר)",True
580118230,"מאור תקוה - תנועה להקניית ערכים (ע""ר)",True
580039097,"""חוף הגליל"" אגודה לטפול בילד ובמשפחה (ע""ר)",True
580001105,"בית כנסת ""ישראל יאיר"" (ע""ר)",True
580018497,"כפר רפאל קהילת מרפא לזכר לואי והרמן פולק (ע""ר)",True
580010676,"אחמדייה - התנועה האסלמית האחמדית (ע""ר)",True
580263424,"קתדרה תרבות ובמה לחקר הלכה (ע""ר)",True
580005106,"אגודת ידידי המרכז הרפואי זיו צפת (ע""ר)",True
580118032,"פ.ש.ר - העמותה לפיתוח שירותי רווחה וחינוך (ע""ר)",True
580228328,"עמותת בית הכנסת פורת יוסף ע""ש לוחמי העיר העתיקה (ע""ר)",True
580067122,"גנזך קידוש השם מכון לתיעוד, מחקר והנצחה (ע""ר)",True
580266245,"עמותת בית כנסת ""למען שמו באהבה"" רמת גן  (ע""ר)",True
580054021,"""אגודת בית כנסת חיי אדם"" (ע""ר)",True
580163715,"תורה ודעת לעם - אשקלון (ע""ר)",True
580205615,"אגודת הסהר האדום הירדני בירושלים (ע""ר)",False
580302008,"קרן מחקרים רפואיים, פיתוח תשתית ושרותי בריאות - ליד המרכז הרפואי ברזילי (ע""ר)",True
580182426,"המרכז החינוכי תורני ""אהבת ציון"" נווה יעקב, ירושלים (ע""ר)",True
580321149,"יד לנזקק - קרן צדקה ע""ש הצדקת ברכה רוזנברג ז""ל (ע""ר)",True
580136356,"העמותה למען החבר הותיק בחבל יבנה (ע""ר)",True
580056067,"מדרשה למורשת ישראל ראש פינה (ע""ר)",False
580361897,"ניקה (ע""ר)",True
580114312,"עמותה להנצחה ולמורשת חיל הלוגיסטיקה (ע""ר)",True
580190916,"בית הכנסת ישורון במבשרת ציון  (ע""ר)",False
580043669,"מפעלי חינוך תורה וחסד - אור לאה (ע""ר)",True
580345999,"דרך ואמת (ע""ר)",False
580033231,"אגודת ""חיי תורה"" רכסים (ע""ר)",True
580014561,"ישיבת רשב""י בני-ברק (ע""ר)",True
580245561,"הפועל כ""ס בית ברל (ע""ר)",True
580243160,"עמותת הדרך - מרכז טיפול רוחני בהתמכרויות (מטר""ה) (ע""ר)",True
580349843,"בית הכנסת ""משכן הלל"" (ע""ר)",False
580308203,"כולל ""שפתי דעת"" (ע""ר)",True
580014892,"ישיבת הרב עמיאל (ישיבת הישוב החדש) (ע""ר)",True
580341592,"החוט המשולש - בית חם לנוער (ע""ר)",True
580303196,"עמותה להקמת בית כנסת ""אביר יעקב"" ברמת ישי (ע""ר)",True
580315737,"מעיין גנים נתניה (ע""ר)",True
580251445,"בית כנסת תפארת ישראל לעולי תורכיה - אור יהודה (ע""ר)",True
580228187,"מרכז מוסדות צדקה וחסד של חסידי גור (ע""ר)",False
580029700,"אגוד ישראל בריטניה וחבר העמים ISRAEL, BRITAIN AND THE COMMONWEALTH ASSOCIATION (ע""ר)",True
580350486,"עזר בנימין ע""ש המחנך הרה""צ בנימין רבי זצ""ל (ע""ר)",True
580043198,"ישיבת שדרות (ע""ר)",True
580347433,"קרן עולמית ללימוד והפצת המשנה סוד שרפי קודש (ע""ר)",True
580313229,"המרכזים הקהילתיים חומות עכו (ע""ר)",True
580264935,"התאחדות הזיו זיטסו הבינלאומי תחרותי ומסורתי בישראל (ע""ר)",True
580326809,"ברכת יוסף קרית הרצוג (ע""ר)",True
580051712,"ידידי מרכז רפואי צפון (ע""ר)",True
580291136,"איחוד פינסק קארלין (ע""ר)",True
580270213,"בית הכנסת המרכזי גבעת אהרן  (ע""ר)",True
580282572,"בנין אב (ע""ר)",True
580024479,"פחד יצחק (ע""ר)",True
580042752,"מתנס בנימין (ע""ר)",True
580234540,"נהורא דאורייתא (ע""ר)",True
580350171,"מצפה חרשה (ע""ר)",False
580097582,"בית כנסת ""תפארת שמואל ורחל בקר"" ע""ש שמואל בן צבי נ""י ורחל בת צדוק ז""ל (ע""ר)",True
580213510,"אהלי דוד ושמחה (ע""ר)",True
580370930,"מכבי קרית אתא (ע""ר)",True
580339794,"מרכז ""מוסאוא"" לזכויות האזרחים הערבים בישראל (ע""ר)",True
580234037,"המרכז הרפואי הישראלי לאלצהיימר ע''ש סופי ואברהם סטוצ'ינסקי ז''ל  - רמת גן (ע""ר)",True
580171007,"כולל לאברכים בעיר ביתר (ע""ר)",True
580255388,"בית הכנסת רשב""י, גן יבנה  (ע""ר)",True
580238699,"עמותת מקהלות מורן והבית לשירה בישראל (ע""ר)",True
580122299,"איגוד ישראלי לפיתוח ארגוני - איפ""א  (ע""ר)",True
580133106,"מצפה רביבים ע""ש יוסף וייץ (ע""ר)",False
580276350,"רשת פנאי וקהילה-מרכזים קהילתיים דרום נתניה (ע""ר)",True
580279909,"המכון הלאומי לחקר שירותי הבריאות ומדיניות הבריאות  (ע""ר)",True
580026524,"אגודת בית התעשיינים חיפה (ע""ר)",True
580140762,"פעמי יעקב (ע""ר)",True
580317782,"קהל דפרושים, ביה""כ גבעת שאול ירושלים (ע""ר)",True
580329464,"מארג- עמותה לקידום החינוך לחיים בחברה רב תרבותית (ע""ר)",False
580104701,"אלי בעזרי - מפי עוללים, חולון  (ע""ר)",True
580166494,"מוסדות חמדת דוד בבני ברק. (ע""ר)",True
580149698,"עמותת אלול - אלו ואלו (ע""ר)",True
580378495,"גבריאל שר ישראל (ע""ר)",True
580000529,חומת ציון (ע''ר),False
580149862,"בית חב""ד ירוחם שע""י צעירי אגודת חב""ד (ע""ר)",True
580088698,"עמותה לדת ומעשי חסד בכפר קאסם (ע""ר)",True
580241644,"העמותה לקידום השחיה והשחיינים, קרית ביאליק (ע""ר)",True
580241131,"בית הכנסת ובית המדרש נחלת המזרח-בית יצחק  (ע""ר)",True
580051209,"מוסדות חינוך וחסד פרי גידולים (ע""ר)",True
580353381,"ותיקי ירושלים - קבוצת סופטבול (ע""ר)",True
580368041,"עמותה ישראלית ליתר לחץ דם ריאתי (ע""ר)",False
580378925,"אמהות למען עתיד פורח (ע""ר)",True
515922300,"הרווארד מרכז תמיכה מחקר גלובלי ישראל בע""מ (חל""צ)",False
580387884,"ת""ת וחסד מאיר עיניים (ע""ר)",True
580165637,"ת""ת ברכת ישראל - עכו (ע""ר)",True
580346518,"קרן מלגות וסיוע ללמודים גבוהים ע""ש המנוח חמיס ויסאם ז""ל (ע""ר)",True
580054039,"או יו ישראל ע""ש ברוך ושרה פאלק (ע""ר)",True
580084887,"קהילת היכל מרן רבינו יוסף קארו (ע""ר)",True
580229086,"מרכז רוחני, לווית חן, רכסים (ע""ר)",True
580359636,"עמותת כולל מהרש""א (ע""ר)",True
580358869,"ישיבת מיר מודיעין עילית (ע""ר)",True
580375103,"מועדון מכבי ראשון לציון לבדמינטון ושחיה (ע""ר)",True
580159044,"מאורות - כולל סוכוטשוב (ע""ר)",True
580021970,"""מקור חיים"" אגודת חרדים מעולי גרמניה, פתח-תקוה",True
580020501,"חברת יהודי איטליה בישראל (ע""ר)",True
580046233,"מוסדות חינוך תיכון וסמינר בית-יעקב נתניה  (ע""ר)",True
580016392,"ישיבת מאיר חזקיהו כולל אברכים (ע""ר)",True
580095933,"""יד לשבים"" - שעריים רחובות (ע""ר)",True
516116910,"קיד עם עתיד טוב  בע""מ (חל""צ)",True
580218238,"מועדון  ליונס  הוד-השרון (ע""ר)",True
580354496,"קרן להפצת תורה על שם אהרן אלינס ז""ל (ע""ר)",False
580108520,"מנהיגות אזרחית (ע""ר)",True
580280550,"מתנ""ס מרכז קהילתי מטה אשר (ע""ר)",True
580190676,יונתן בנגב (ע''ר),True
580254530,"חסדי שלום ע""ש הרה""ח ר' שלום שמש ז""ל  (ע""ר)",True
580263374,"בית מחסה לעולים  (ע""ר)",False
580008894,"בית כנסת מולדת (ע""ר)",True
580299006,"אורחות חיים - אחיעזר (ע""ר)",True
580089357,"מרכז החסד אשדוד (ע""ר)",True
580298883,"עמותת בית הכנסת שכונות ב' ג' שהם (ע""ר)",True
580285286,"שערי אדגר בנימין יהודה (ע""ר)",True
580106888,"העמותה לקידום שכונת א-טור  (ע""ר)",False
580334001,"אבן דנאן (ע""ר)",True
580062347,"אגודת הישיבה המרכזית העולמית - מרכז הרב (ע""ר)",True
580329878,"בית הכנסת ""צעירי מודיעין"" (ע""ר)",True
580184208,"כתר דוד (ע""ר)",True
580067197,"אגודת ישיבת כולל אברכים תורת אברהם (על שם מהר""ן הגה""צ רב' אברהם גרודזינסקי זצוק""ל) (ע""ר)",True
580317469,"בית הכנסת ""אור החיים"" - קרית ראשל""צ (ע""ר)",True
580022978,"ילדי זהבה - רשת גנים ומעונות ילדים (ע""ר)",True
580074102,"עמותת ""לב טוב"" ע""ש אריה והינדא לב ז""ל (ע""ר)",True
580071892,"הקרן לפיתוח מושב כרמל והסביבה (ע""ר)",True
580247302,"קרן ויסברט גרטרוד -טובה- ופרץ ז""ל ליד לשכת ""בת-ים"" ו""רעות"" של מסדר ""בני-ברית"" לחלוקת מילגות לנכי צה""ל (ע""ר)",False
580337608,"מטרוז - המרכז למוסיקה אנדלוסית ולפיוט בישראל  (ע""ר)",True
580054963,"""רעות"" קרן עזרה הדדית במושבים השיתופיים של הפועל המזרחי",True
580358364,"מכון קרולינה ויוסף גרוס של ישיבה אוניברסיטה בישראל (ע""ר)",True
580030880,"מוסדות אור יעקב ""אור זרוע"" בארץ ישראל (ע""ר)",True
580337822,"מפעל חסד - עמותה לעזרה רפואית וסוציאלית (ע""ר)",True
580074698,"אגודת תלמידי ישיבת חברון  (ע""ר)",True
580326239,"מש""י - מרכז שקום ילדים (ע""ר)",True
580383990,"אנסמבל סולני תל אביב (ע""ר)",True
580014363,"ישיבת אש התורה (ע""ר)",True
580291334,"חכמת מנחם (ע""ר)",True
580110740,"עמותת המוזיאון (פרטי) למורשת היהדות הדוברת הונגרית (ע""ר)",True
580176444,"עלה - עמותה לקידום הסטודנטים העוורים והדיסלקטים בישראל (ע""ר)",True
580183986,"אותי (ע""ר)",True
580344638,"עמותת סנונית לקידום החינוך המתוקשב (ע""ר)",True
580343168,"מעיין של חסד ע""ש אלברט ואליס נקש ז""ל ונינם רפאל בנימין קרייף ז""ל (ע""ר)",True
580376812,"תלמוד תורה ""קנין תורה"" (ע""ר)",True
580109213,"עמותת יתדות תשמ""ו להחדרת ערכי היהדות (ע""ר)",True
580094068,"בית כנסת בת קול - בת-ים (ע""ר)",True
580168557,"ארגון תומכי שבת חסדי יחיאל בירושלים (ע""ר)",True
580186005,"קרן הרב מנחם הכהן לתרבות, חינוך ומדע (ע""ר)",False
580169746,"איגוד המזכירים והמנכל""ים ברשויות המקומיות בישראל (ע""ר)",True
580345213,"מעונות יום חב""ד צפת, עמותה (ע""ר)",True
580334738,"מועדון לענפי ספורט מכבי תל אביב (ע""ר)",True
580136828,"אגודת בית הכנסת יוצאי לוב - יד הגבורים (ע""ר)",False
580085009,"ישיבת  תפארת אליהו - בית מדרש גבוה לתורה והוראה בעיה""ק ירושלים ת""ו",True
580000354,"קרן מורפורגו ז""ל (ע""ר)",True
511654428,"להב פיתוח מנהלים ע""ש דניאל רקנאטי בע""מ (חל""צ)",True
580074920,"עמותת כנסת מרדכי סדיגורא (ע""ר)",False
580228542,"קופת גמילות חסדים - אור המאיר (ע""ר)",True
580264901,"ציר חמד (ע""ר)",True
580202802,"ישיבת תפארת ישראל בסביון (ע""ר)",True
580163517,"המוקד להגנת הפרט מיסודה של ד""ר לוטה זלצברגר (ע""ר)",True
580204493,"איגוד מורים עולים - איגום (ע""ר)",True
580234938,"אל אליהו (ע""ר)",True
580216059,"תפארת פז (ע""ר)",False
580000545,"קרן שלמה ולאה ויצמן (ע""ר)",False
580293124,"אורות בניין עולם ברחובות  (ע""ר)",True
580388460,"בית הכנסת הקשיבה שוועתי ירושלים  (ע""ר)",True
580321693,"עמותת בוגרי יחידה 504 - מודיעין עשר (ע""ר)",True
580310597,"שלהבת דוד (ע""ר)",True
580223386,"בית מוריה באר שבע (ע""ר)",True
580301794,"מכבי נוה שאנן חיפה (ע""ר)",True
580027555,"הסתדרות חלוצית עולמית הנוער הציוני (ע""ר)",True
580080752,"""חיל אוריתא"", ע""ש חנניה יום-טוב ליפא קיש ז""ל ומרתו פסיל תחי' בת שמואל בנימין דנציגר ז""ל",True
580332963,"מרכז יש""י: העמותה לקידום ילדים שוחרי ידע כפר סבא (ע""ר)",False
580381549,"צבאות מנחם (ע""ר)",True
580360568,"עמותה לקידום הספורט באשכול (ע""ר)",True
580339471,"שער הניסים (ע""ר)",True
580298552,"בית חב""ד ישובי חבל יריחו שעל-ידי צעירי אגודת חב""ד - המרכז (ע""ר)",True
580245033,"שולחן עגול מס' 3, חיפה (ע""ר)",False
580040541,"האיגוד לספורט הניווט בישראל (ע""ר)",True
580349272,"בית כנסת ומרכז קהילתי ""היכל רחמים"" גבעת שמואל (ע""ר)",True
580234953,"מרכז רוחני לעולי סוריה בגילה (ע""ר)",True
580372233,"הטוב והמטיב (ע""ר)",True
580238657,"עמותת אור נעשכיז  ע""ש הצדיק מוהר""מ מנעשכיז זצ""ל.  (ע""ר)",True
580073401,"בית כנסת ומרכז קהילתי ""מורשת אבות - רעננה"" (ע""ר)",True
580029015,"איגוד יוצאי לטביה ואסטוניה בישראל (ע""ר)",True
580031417,"המרכזים הקהילתיים הגלבוע (ע""ר)",True
580044980,"ישיבת ההסדר קרני שומרון (ע""ר)",True
580005924,"מרכז תרבות נוער וספורט (מתנ""ס) ""מרחב"" (ע""ר)",True
580274173,"מכבי חיפה כרמל (ע""ר)",True
580303436,"מי הדעת (ע""ר)",True
580048726,"יעד-רם העמותה למען הקשיש - הערבי באזור הגליל המזרחי (ע""ר)",True
580375459,"אולפני קליטה חיננית (ע""ר)",True
580003218,"אור התורה והתשובה,הפצת תורה וערכיה (ע""ר)",True
580120012,"עמותת ידידי אגודת הפועל כפר שלם לקידום החנוך, התרבות, הנוער והספורט באזור כפר שלם (ע""ר)",True
580090405,"אל המעיין קרן חנוך למורשת יהדות ספרד (ע""ר)",True
580126605,"קרן כגן (ע""ר)",True
580168698,"האגודה התיאוסופית בישראל  (ע""ר)",True
580384337,"מכון לאמנויות (ע""ר)",True
580325348,"שערי עולם (ע""ר)",True
580271476,"אגודת הפסוריאזיס הישראלית (ע""ר)",True
580351328,"קהילת ברית עולם קרית אונו (ע""ר)",True
580311850,"תומכי עמותות ומוסדות קרלין סטולין בארץ ובחו""ל (ע""ר)",True
580315695,"עמק המאיר (ע""ר)",True
580372100,"עמותת המעין יד לעמי (ע""ר)",True
580276699,"אוהלי רחמים (ע""ר)",True
580071363,"בית הכנסת ""שערי ציון"" בחולון  (ע""ר)",True
580171221,"העמותה להכוון לימודי לתלמידים ערבים (ע""ר)",True
580243079,"בית חב""ד חדרה שע""י צעירי אגודת חב""ד - המרכז (ע""ר)",True
580144947,"בית אליהו - ע""ש הרב אליהו אמיתי זצ""ל טבריה (ע""ר)",True
580110971,"בית הכנסת שארית ישראל - בשיכון הותיקים רמת-גן (ע""ר)",False
580094001,"אמנה - אולפנת בני-עקיבא  (ע""ר)",False
580057131,"אגודה למפעלי צדקה ע""י הלשכה הגדולה של הבונים החופשיים בישראל (ע""ר)",True
580007680,"האגודה הנוצרית הבינלאומית לישראל (ע""ר)",False
580136919,"עמותה ע""ש בי""כ הרמב""ם ספרדי בחדרה  (ע""ר)",True
580196970,"עוז לציון (ע""ר)",True
580294155,"נוהג כצאן יוסף (ע""ר)",True
580064145,"""ניצן"" אגודה לקידום ילדים קשיי למידה והסתגלות בנהריה",True
580299766,"ישיבת ""רב פעילים"" חדרה (ע""ר)",True
580246429,"מוסדות תפארת משה אהרן ירושלים (ע""ר)",False
580032548,"מרכז מוסדות נדבורנה בארה""ק (ע""ר)",True
580134237,"בית חב""ד ברקת שע""י צעירי אגודת חב""ד (ע""ר)",True
580353373,"מועדון סופטבול - הקליע (ע""ר)",True
580059954,"בית הכנסת בהוד הכרמל ב (ע""ר)",True
580490696,"אופק המרחב (ע""ר)",True
580065514,"מוסדות-אור דוד - בני ברק (ע""ר)",True
580000156,"אגודת צער בעלי חיים בישראל (ע""ר)",True
580059566,"מועדון כדורגל נוה יוסף (ע""ר)",True
580316206,"רשת מרגלית והדסה (ע""ר)",True
580312726,"אל - נג'דה מכבי אחמד נוג'ידאת (ע""ר)",True
580020972,"אגודת בית הכנסת ""אהל אברהם"" בני ברק",True
580130003,"עמותת המכללה לחינוך, תרבות חברה וקהילה ע""ש רא""ם ליפשיץ (ע""ר)",True
580217719,"שערי יוסף (ע""ר)",True
580347102,"רעיא מהימנא על יד בית הכנסת הרשב""י נוה נאמן (ע""ר)",True
580130532,"בית הכנסת הספרדי - ישמח משה - מצפה נבו מעלה אדומים (ע""ר)",True
580303501,"מוסדות אוהל יהושע חיפה (ע""ר)",True
580106003,"אגודה האיסלאמית כפר משהד (ע""ר)",True
580297299,"אפיקי החסד (ע""ר)",True
580014447,"""קרן עד"" - קרן נאמנות לטובת מוסדות חינוך בישראל",False
580287944,"בית יוסי ע""ש יוסי וינשטוק הי""ד  (ע""ר)",True
580113686,"נשות אמונה קנדה, בישראל  (ע""ר)",True
580017861,"קופת רמבעהן כולל פולין ירושלים (ע""ר)",True
516057023,"מימון פיננסי חברתי ישראל - אימפקט חברתי  בע""מ (חל""צ)",True
580019784,"בית הכנסת הגדול ברעננה (ע""ר)",True
580240562,"תלמוד תורה באר יעקב (ע""ר)",True
580297976,"ארגון בעלי מגרשים בגוש 6621 (ע""ר)",False
580208452,"בית הכנסת הספרדי הגדול בית יעקב פסגת זאב, ירושלים (ע""ר)",True
580297802,"העמותה לתולדות חיפה (ע""ר)",True
580092054,"מרכז רוחני ע""ש רבינו יוסף חיים זיע""א באשקלון (ע""ר)",True
580030542,"אגוד הטניס בישראל (א.ט.י.) (ע""ר)",True
580289197,"מוסדות הבעש""ט פ""ת (ע""ר)",True
580347789,"מוסדות החינוך והחסד דחסידי גור קרית גת (ע""ר)",True
580007763,"קרן אברהם חיים ידגרוף (ע""ר)",False
580367712,"משפחות סופרים (ע""ר)",True
580383909,"מגמה ירוקה (ע""ר)",True
580244739,"ארגון צפון אמריקה למען יהודי אתיופיה - ישראל           (ע""ר)  NACOEJ - ISRAEL (R.A.)",True
580032993,"אגודת ""נחלת יחיאל"" (ע""ר)",True
580210383,"ג'מעיית אלזהרא אלטבייה - כפר-כנא (ע""ר)",True
580345791,"מוסדות אור מאיר ושער השמים (ע""ר)",True
580234474,"נר עזרא (ע""ר)",True
580262160,"צדקת ישראל  (ע""ר)",True
580275360,"ניצב רפאל - עמותה לתמיכה בנזקקים (ע""ר)",True
580357317,"מכון תל אביב לפסיכואנליזה בת זמננו (ע""ר)",True
580288728,''קשת אמנויות'' (ע''ר),True
580248011,"נועם אלכסנדר (ע""ר)",True
580253623,"הנני (ע""ר)",True
580043784,"מעלות התורה (ע""ר)",True
580331908,"בית משיח חב""ד באר שבע שע""י צעירי אגודת חב""ד (ע""ר)",True
580373132,"ישיבת חוט של חסד נהר המטהר ע""ש רבי נחמן מברסלב זיע""א (ע""ר)",True
580382307,"מועדון ספורט קרית אונו (ע""ר)",True
580310712,"מת""ח דחסידי גור בית שמש (ע""ר)",False
580014777,"חברה קדישא חיפה (ע""ר)",True
580154433,"קרן גמילות חסדים, אברהם אוהבי  (ע""ר)",False
580339232,"בית הכנסת לב המושבה נס-ציונה (ע""ר)",True
580279453,"מרחב מוגן  (ע""ר)",False
580308419,"עמותת אלזהור (ע""ר)",True
580173581,"עמותת ""יובל"" לקידום ופיתוח תרבות ואמנות השכונות (ע""ר)",False
580024248,"הקרן הישראלית ללב בריא  (ע""ר)",True
580379600,"עמותת ""אבן שתיה"" (ע""ר)",True
580026102,"רמת איתרי (ע""ר)",True
580272367,"מוסדות יד יפתח (ע""ר)",True
580368256,"המרכז הקהילתי הערבי- רמלה (ע""ר)",True
580098176,"בית כנסת ""בית יוסף"" ע""ש יוסף כהן ז""ל שעל יד בית הכנסת ""צעירי תימן"" (ע""ר)",True
580153252,"שער רחמים נתיבות (ע""ר)",True
580004968,"איגוד הטאקוונדו בישראל (ע""ר)",True
580002889,"קרן מילגות וצדקה ע""ש מרתין גהל (ע""ר)",True
580237659,"ישיבת המקובלים רחל אמנו לאקמא שכינתא מעפרא (ע""ר)",True
580287175,"אהל תורה קרית ספר (ע""ר)",False
580287266,"עמודי השלום ; (ע""ר)",False
580016731,"מגדל דוד מוזיאון ירושלים (ע""ר)",True
580002053,"סינמטק תל - אביב (ע""ר)",True
580036283,"שם שמעון חברון ע""ש הרה""ג שמעון דיין זצ""ל (ע""ר)",True
580095644,"אגודת מזרחי אחזקות (ע""ר)",False
580226272,"נתיב המזלות  (ע""ר)",True
580194827,"בית חב""ד אזור שע""י צעירי אגודת חב""ד כפר חב""ד (ע""ר)",True
580134344,"בית הכנסת דחסידי סלונים עמנואל (ע""ר)",True
580005981,"העמותה לשרותי שמיעה ודבור לילדי לוד רמלה (ע""ר)",True
580204139,"חסד לאברהם ומרדכי רכסים (ע""ר)",True
580061737,"""עץ חיים"" עמישב (ע""ר)",True
580127660,"הפועל רמות ירושלים (ע""ר)",True
580137750,"עמותת מכון שלום ורעות (ע""ר)",True
580385235,"רשת קהילה ופנאי (ע""ר)",True
580335016,"תפארת אריאל - סוכת לוויתן (ע""ר)",True
580075778,"ארגון בית כורש של יהודי איראן בישראל (ע""ר)",True
580027084,"באר משה פתח תקוה (ע""ר)",True
580312254,"העמותה הישראלית לאוסטאופורוזיס ומחלות עצם ע.י.ל.א.(ע""ר)I.F.O.B ISRAELI (FOUNDATION FOR OSTEOPOROSIS AND BONE DISEASES (REGISTERED AMUTA",True
580179471,"יד לתושב - מעלות תרשיחא  (ע""ר)",True
580009371,"נר התמיד קרן הנצחה (ע""ר)",False
580320083,"קדמה- לשוויון בחינוך ובחברה בישראל (ע""ר)",True
580222644,"בית כנסת קול אליהו ע""ש החייל אליהו כהן ז""ל, במבשרת ציון (ע""ר)",False
580332559,"ילדי החיים (ע""ר)",True
580045540,"עמותת גיל חדרה (ע""ר)",True
580335818,"מכון דוידסון לחינוך מדעי ליד מכון ויצמן למדע (ע""ר)",True
580315992,"מיטב קידום תרבות הספורט אשדוד מרכז (ע""ר)",True
580197002,"מוסדות ""ברכת דוד"" (ע""ר)",True
580000412,"הסתדרות אגודת ישראל העולמית,הועד הפועל",True
580034726,"בי""כ ""בית ישראל אבות ובנים"" (ע""ר)",True
580305548,"אמור אל הכהנים - כפה פרשה לעני (ע""ר)",True
580242717,"מכון הרב בירן (ע""ר)",False
580134732,"ידידי כפר עידוד (ע""ר)",True
580051522,"תלמוד תורה ""תפארת מרדכי"" נדבורנה בני ברק (ע""ר)",True
580126167,"מפעלות חסדי יוסף לחינוך ונתינה (ע""ר)",True
580335743,"בית הכנסת רבי מאיר בעל הנס - אריאל (ע""ר)",True
580021533,"קרן בית הלוי ע""ש הרה""ג יחיא יצחק הלוי זצ""ל (ע""ר)",True
580016236,"חבר המועצות הדתיות בישראל (ע""ר)",False
580157600,"עמותת שקד - לקידום החינוך והתרבות ברוח האנתרופוסופיה (ע""ר)",True
580026037,"ישיבת ישמח משה ושבות יהודה (ע""ר)",True
580077824,"מרכז להכשרה מקצועית תיכונית ותורנית, מיסודה של הסתדרות הנוער הדתי העובד בישראל (ע""ר)",True
580080562,"לשכת המסחר ישראל - אסיה  (ע""ר)",False
510710387,"אגודה עש ל.א. מאייר (דירות) (חל""צ)",False
580266468,"בית כנסת שיבת ציון ליהודי אתיופיה ברמלה  (ע""ר)",True
580249944,"מאלף עד תו (ע""ר)",False
580241271,"חיי יעקב (ע""ר)",True
580162105,"בית האור למעשי חסד  (ע""ר)",True
580149599,"מוסדות חינוך בית חיה, חב""ד  ליובאויטש, חיפה והקריות (ע""ר)",True
580155067,"אלצקר (ע""ר)",True
580100329,"עמותה ע""ש הקדוש יד מיכאל שרביט הי""ד (ע""ר)",True
580293538,"התאחדות נשים למען חינוך (ע""ר)",True
580070746,"מרכז תורה תפרח (ע""ר)",True
580368546,"העמותה לקידום הספורט בגליל התחתון (ע""ר)",True
580253557,"איגוד קציני ים בישראל (ע""ר)",True
580264745,"קרן לקרית גת  (ע""ר)",True
580150316,"עמותה לבנין ביה""כ הגדול - רמת גן (ע""ר)",True
580139582,"נאות ראש העין (ע""ר)",True
580218949,"מופת - קבוצה לקידום הוראה (ע""ר)",True
580254456,"בית החסידות - מפעלי חינוך, תורה וחסד (ע""ר)",True
580213353,"ישיבת בית אורות (ע""ר)",True
580303014,"מאור ישראל-כולל אברכים לדיינות (ע""ר)",True
580138626,"בית הילד א.י. מעון לבחורים אוטיסטים (ע""ר)",True
580220010,"אופקי חיים (ע""ר)",True
580344174,"בית הכנסת המרכזי שכונת יצחק בן צבי רמת בית שמש (ע""ר)",True
580291201,"בית חינוך אורים (ע""ר)",True
580335115,"מרדכי היהודי-אוהל משה ע""ש מרדכי ומסעודה אביסרור וע""ש משה ואסתר אביסרור ומכלוף אסרף ז""ל (ע""ר)",False
580294940,"ארגון לתת - סיוע הומניטרי ישראלי (ע""ר)",True
580045474,"הארגון הארצי לקידום מעמד השוטר והסוהר (ע""ר)",True
580354090,"ש""ל שילה עמותה לשירות לאומי אזרחי (ע""ר)",True
580007433,"הישיבה הגדולה אהל שמעון מערלוי ירושלים ת""ו (ע""ר)",True
580108231,"עמותה לקרדיולוגיה בישראל (ע""ר)",True
580146850,"מתנ""ס שער הנגב (ע""ר)",True
580245371,"בית ספר לבנות הצנע לכת (ע""ר)",True
580008068,"אגודת הציירים והפסלים בישראל-אמני ירושלים (ע""ר)",True
580111516,"מאורות התורה ע""ש הגה""ק המקובל הרב מאיר מפדהייץ זצוק""ל (ע""ר)",True
580025344,"בית הספר הארצי להנדסאים (ע""ר)",True
580016939,"אגודת חברה קדישא (גחש""א) כפר סבא (ע""ר)",True
580356053,"עמותת בית כנסת אוהל ארי (ע""ר)",True
580015881,"בית חולים אלי""ן - מרכז לשיקום ילדים ונוער (ע""ר)",True
580024651,"אגודת סט ג'ורג' האורתודוקסית לוד (ע""ר)",True
580137594,"הקרן למורשת הכותל המערבי (ע""ר)",True
580065589,"בית הכנסת ובית מדרש אור השלום ע""ש מו""ר אור שרגא יזדי (ע""ר)",True
580119576,"ביהכנ""ס הספרדי עלי עשור ועלי נבל - מעלה אדומים (ע""ר)",True
580263572,"תל-חי, אוניברסיטת קריית שמונה בגליל  (ע""ר)",True
580028868,"מוסדות אור החיים ע""ש הרב ר' חיים בן עטר זצק""ל (ע""ר)",True
580099182,"ניצן אגודה לקידום ילדים ליקויי למידה הסתגלות ותיפקוד סניף השרון  (ע""ר)",False
580177434,"בית חב""ד קרית שמונה שע""י צעירי אגודת חב""ד (ע""ר)",True
580185700,"הקרן לרווחת נפגעי השואה (ע""ר)",True
580061273,"המרכז העולמי של בני ברית בירושלים (ע""ר)",True
580039402,"""שובי נפשי"" (ע""ר)",True
580306637,"""נפשנו חכתה לה'"" נח""ל (ע""ר)",True
580152007,"העמותה הישראלית של הקולג'ים הבינלאומיים  (ע""ר)",False
580085140,"""אהל שרה"" מרכז לחינוך ולשיקום הילד המיוחד (ע""ר)",True
580223329,"בית הכנסת אור המערב קרית אתא (ע""ר)",True
580224400,"מנחם משיב  (ע""ר)",True
580094621,"ארגון נפגעי הנאצים (ע""ר)",False
580387926,"אהבת רחמים - מוסדות תורה וחסד - מיסודם של הרה""ג רחמים בן עמרה זצוק""ל (ע""ר)",True
580049922,"""שראל"" המפעל הלאומי למתנדבים לישראל (ע""ר)",True
580352714,"בית כנסת ובית מדרש אור ישרים (ע""ר)",True
580370476,"חתנס בעמק (ע""ר)",True
580296259,"מדרשת עין הנצי""ב של הקבה""ד (ע""ר)",True
580002178,"היברו יוניון קולג', המכון למדעי היהדות, ירושלים (ע""ר)",True
580276806,"נחלת חיים שלום (ע""ר)",True
580281863,"מועדון הטאקוונדו הפועל כפר סבא (ע""ר)",True
580031854,"מוסדות וישיבה מענה שמחה (ע""ר)",True
580258150,"והלכת בדרכיו - בני ברק (ע""ר)",True
580016152,",חיה"" - עמותה לגמילות חסד",False
580192342,"עמותת המהנדסים החקלאיים הערבים  (ע""ר)",False
513237545,"יובל חינוך בע""מ (חל""צ)",False
580241966,"שארית דוד (ע""ר)",True
580019040,"בית כנסת תפארת יצחק סביון  (ע""ר)",True
580319887,"צדקת אפרים (ע""ר)",True
580368553,"נתיב טפחות (ע""ר)",True
580343614,"העמותה לקידום השחיה בקרית אונו (ע""ר)",True
580101426,"משמרת שמואל  (ע""ר)",True
580082097,בית דוד ומשה נווה דוד דימונה,False
580355261,"עמותת רעים למען הקשיש בנוה מונוסון (ע""ר)",True
580060242,"מכון אהרן וישראל (ע""ר)",True
580073732,"קרן חיסכון להלוואות של עובדי חברת הבזק (ע""ר)",True
580387736,"זכרון ישעיה (ע""ר)",True
580233997,"מועדון הכדורסל - מכבי תל אביב (ע""ר)",True
580343184,"שלום בינינו (ע""ר)",True
580173961,"האגודה הסטודנטיאלית תל חי (ע""ר)",True
580384907,"בית הכנסת המרכזי רמת דוד (ע""ר)",True
580091205,"כולל רשב""י אשלג - ע""ש רבינו שלמה בנימין בן יהודה לייב אשלב - בני ברק  (ע""ר)",True
580283695,"שמן-ששון (ע""ר)",True
580348456,"מדברה כעדן (ע""ר)",True
580161537,"המדרשה לחוגים ותודעה יהודית - פתח תקוה (ע""ר)",True
580268449,"קול אהרון (ע""ר)",True
580373595,"אנאל לדורות (ע""ר)",True
580027027,"בית התלמוד - מרכז חינוכי ע""ש יוסף ופיי טננבאום (ע""ר)",True
580038651,"האיגוד הישראלי לסטטיסטיקה (ע""ר)",True
580300747,"תאגיד הבריאות ליד המרכז הרפואי שמיר(אסף הרופא) (ע""ר)",True
580039691,"בית הכנסת המרכזי גבעת שמואל (ע""ר)",True
580311561,"בנין שלם מכון לעניני נישואין ומשפחה ירושלים - הוראה קידום והפצה (ע""ר)",True
580078640,"קרן מילגות שער הנגב ע""ש צבי גרשוני  (ע""ר)",True
580329738,"מ.פ.ל. (מתמטיקה, פסיכומטריה, למידה) (ע""ר)",False
580369445,"התאחדות בעלי אולמות וגני אירועים בישראל (ע""ר)",False
580050797,"עמותת בית הכנסת ""יבנה"" - רעננה ע""ש ברלינר שבתאי ולוטה (לב) ע""ה (ע""ר)",True
580028470,"האיגוד הישראלי לשחמט (ע""ר)",True
580188084,"בית כנסת - אוהל לאה, בנוה שאנן  (ע""ר)",True
580384675,"אפי - אספרגר ישראל (ע""ר)",True
580367050,"איגוד ישראלי למחלות עמוד השדרה (ע""ר)",True
580023166,"המכון להסברת מפרשי התלמוד (ע""ר)",True
580015196,"קהילת מבקשי דרך בירושלים (ע""ר)",True
580066728,"קופת עזר נשואין דחסידי גור בארץ ישראל ""בית ישראל"" (ע""ר)",True
580063618,"מערבא (ע""ר)",True
580028652,"""אהל תורה"" בית דוד בית מדרש גבוה לתלמוד י-ם (ע""ר)",True
580028678,"כולל שומרי החומות לצדקת רבי מאיר בעל הנס בעיה""ק ירושלים תובב""א (ע""ר)",True
580119691,"בית חב""ד  יהוד שע""י צעירי אגודת חב""ד באה""ק (ע""ר)",True
580333938,"הספורט במקומות עבודה במרחב חיפה והצפון שעל ידי ההסתדרות החדשה במרחב חיפה (ע""ר)",True
580339570,"נאות אסתר - אשקלון (ע""ר)",True
580060663,"אלקבץ - אגודה להגברת קדושה בעיר צפת ע""ש המקובל ר' שלמה אלקבץ זיע""א (ע""ר)",True
580353563,"לב ח""ש (ע""ר)",True
580098895,"זכרון דוד לעי""נ דוד נגר בן דאדא (ע""ר)",True
580299758,"דעו וחיו (ע""ר)",True
580253979,"עלי נהר (ע""ר)",True
580316149,"ישיבת הר המור ירושלים (ע""ר)",True
580086221,"בית התבשיל ומפעלי צדקה וחסד רומם קרן דוד (ע""ר)",True
580186500,"עמותת זקני הכרמל (ע""ר)",True
580020600,"אתגר- מכללה להנדסה וטכנולוגיה מיסודה של הסתדרות ההנדסאים בישראל (ע""ר)",True
580024263,"מוסדות ""אמרי יוסף"" ספינקא ירושלים (ע""ר)",True
580366276,"לתת באילת (ע""ר)",True
580067726,"העמותה לתמיכה בישיבת הדרום רחובות (ע""ר)",True
580352896,"בית כנסת וכולל ערב אהל עפרה (ע""ר)",True
580149151,מחניים - רשת חינוך יהודי - ישראלי לדוברי רוסית (ע''ר),True
580251932,"אהלי משה צלאת אלחורי (ע""ר)",True
580302529,"יזמ""ה - יהדות זמננו מורשת העם (ע""ר)",True
580341964,"החווה הטיפולית מול הרי אדום (ע""ר)",True
580009983,"בית שבתי לוי (ע""ר)",True
580035863,"מרכז רוחני אונו - בית מדרש גבוה להוראה ע""ש קדושי קראקא  (ע""ר)",True
580284800,"מכון ""ראש פינה"" בירושלים (ע""ר)",True
580000503,"מוסדות ""תורה ושלום"" בישראל (ע""ר)",True
580056539,"ת.ל.מ. - תחנות הקיבוצים לטפול בילד ובמשפחה (ע""ר)",True
580158988,"בית כנסת רובע ט""ו היכל נפתלי ע""ש נפתלי מגד ז""ל (ע""ר)",False
580059020,"תלמוד תורה אוהלי דוד - ירושלים (ע""ר)",True
580114833,"אגודות מוסדות חב""ד נתניה (ע""ר)",True
580199099,"גדעון - ליהדות אתיופיה בחדרה וסביבתה (ע""ר)",True
580007250,"ארגון עולי הולנד (ע""ר)",True
580315851,"ע.ת.י.ד. עמותה לקידום התזונה והדיאטה בישראל (ע""ר)",True
580368884,"הלכות חיים ישראל (ע""ר)",True
580292415,"מכון תפארת בחורים דווילנה (ע""ר)",True
580064517,"אגודת תקשורת הרדיו הישראלית (ע""ר)",True
580181394,"רון שולמית - לקידום מחול ומוסיקה בירושלים (ע""ר)",True
580314094,"זכותה דרמ""א (ע""ר)",True
580046589,"קרית חנוך לבנים אשדוד (ע""ר)",True
580368488,"בית כנסת אחים בני ישראל (ע""ר)",True
580025096,"קרן בוכמן - היימן מיסודה של שרה בוכמן - 1942 (ע""ר)",True
580360337,"מעיין משה (ע""ר)",False
580299717,"קהל עדת ישורון אשדוד (ע""ר)",True
580135689,"ניו אפוסטוליק צ'רצ' אן ישראל NEW APOSTOLIC CHURCH IN ISRAEL (ע""ר)",False
580055747,"ישיבה כולל אברכים ומוסדות אמרי-שאול דחסידי מודזיץ (ע""ר)",True
580219038,"מרכז תורני רוחני קרית הרצוג בני ברק (ע""ר)",False
580333441,"""בנתיבי אודי"" (ע""ר)",True
580249373,"""העמותה למען הקשיש בנהריה"" (ע""ר)",True
580234524,"סל""ה - סטודיו לאמנויות התיאטרון - מיסודו של יורם לוינשטיין (ע""ר)",True
580026284,"מוסדות מחנה ישראל מרכז להנחלת ערכי היהדות בירושלים (ע""ר)",True
580057933,"ארנונים (ע""ר)",False
580357762,"תפארת יוסף - בית שמש (ע""ר)",True
580118818,"תפוצות המזרח - בית הכנסת הספרדי (ע""ר)",False
580297208,"מינהל קהילתי בוכרים גאולה (ע""ר)",True
580334415,"העמותה להרבצת תורה וחסד, חיפה (ע""ר)",True
580211118,"המרכז הרוחני מטה  משה ירושלים (ע""ר)",True
580304681,"מרכז שחמט צפון (ע""ר)",True
580027589,"אלומה - אגודה לייעוץ ולטיפול בחיי המשפחה (ע""ר)",True
580165793,"בית כנסת צעירי אירן - קרית שרת, חולון (ע""ר)",True
580011070,"עטרת משה -ארץ חמדה (ע""ר)",True
580199347,"בית הכנסת המרכזי ""שערי משה"" קרית ים  (ע""ר)",True
580061802,"חצר הראשונים עין שמר (ע""ר)",True
580240323,"אורות הקודש (ע""ר)",True
580366789,"בית הכנסת ובית מדרש פאר השלום ע""ש המלובן מולא אור שרגא זיע""א וע""ש הצדיק רבי שלום רפאלי זצ""ל (ע""ר)",True
580309300,"קדם מפעליו (ע""ר)",True
580313633,"מוסדות וישיבת תורת ה' בארה""ק (ע""ר)",True
580287589,"עמותת בית כנסת נחלת נשלסק (ע""ר)",True
580105252,"מרכז ללימודי יהדות כפר גנים (ע""ר)",False
580314300,"מיזוג גלויות באשדוד עירנו (ע""ר)",False
580345601,"שכן טוב (ע""ר)",True
580243632,"בית חב""ד קרית בן גוריון-חולון שע""י צעירי אגודת חב""ד  (ע""ר)",False
580128593,"עמותת הידידים של המרכז הרפואי ת""א ע""ש סוראסקי (ע""ר)",True
580295996,"מוסדות תפארת משה פרדו לתורה וחסד בני-ברק (ע""ר)",False
580369734,"נחלת אברהם ושמואל (ע""ר)",True
580388403,"מרכז הגבעה הדרומית מודיעין עילית (ע""ר)",False
580203156,"רשת שיעורי תורה ומפעלי קליטה תרבותית (ע""ר)",True
580084978,"""גבורת מרדכי"" בית כנסת ומרכז קהילתי תורני, גבעתיים (ע""ר)",True
580368538,"עמותה למען חינוך דמוקרטי ברעננה (ע""ר)",True
580369973,"בית אלאמאן - יפיע (ע""ר)",True
580347003,"מוזאיקה- דת, חברה ומדינה (ע""ר)",True
580088029,"""האידרא"" - קרן הרב הראשי הרב שלמה גורן",False
580257863,"איגוד התאגידים העירוניים ברשויות המקומיות (ע""ר)",True
580227809,"דרך תקוה (ע""ר)",True
580130078,"מוסדות חב""ד גילה ירושלים ת""ו נער ישראל ע""י צעירי אגודת חב""ד (ע""ר)",True
580192953,"אהל אליהו - אשדוד (ע""ר)",True
580265403,"מרכז התורה והחינוך מורשת בית אהרן (ע""ר)",True
580315141,"מועדון השחמט הפועל פתח-תקוה (ע""ר)",True
580000396,"ארגון עולי צפון אפריקה ברחובות והסביבה (ע""ר)",True
580062040,"כולל חב""ד לצדקת רבי מאיר בעל הנס (ע""ר)",True
580227361,"קרן דוד עקיבא ז""ל (ע""ר)",True
580157758,"מרכז להעמקת החינוך היהודי - אילת (ע""ר)",True
580335438,"למען ציון לא אשקוט (ע""ר)",True
580278893,"בית מדרש גבוה טללי אורות עמנואל (ע""ר)",True
580069243,"מרכז התורה רחובות  (ע""ר)",True
580361707,"ד. ב. ביה""ס לטניס עמותה לטניס איכותי (ע""ר)",False
580311777,פרוייקט נחמיה עמותה רשומה,True
580100139,"העמותה לקידום הכדורסל בלוד (ע""ר)",True
580172377,"מדרשת התורה והארץ (ע""ר)",True
580110351,"מרכז קהילה ערבה (ע""ר)",True
580048759,"ביצור לחיזוק קרית שמונה והגליל בערכי תורה (ע""ר)",True
580201598,"העמותה הדרוזית לקידום קשרי החוץ, החינוך והתרבות של דלית אל כרמל (ע""ר)",True
580235653,"בית הכנסת תורני תרבותי הדר יוסף, קרית עקרון (ע""ר)",True
580301299,"קולות - ממעשה ללימוד למעשה (ע""ר)",True
580070753,"איחוד למען מוסדות התורה של חסידי גור בארץ ישראל (ע""ר)",True
580114973,"ישיבת זכר יצחק (ע""ר)",True
580052124,"מכון הנרייטה סאלד המכון הארצי למחקר במדעי ההתנהגות (ע""ר)",True
580178002,"אבני גזית (ע""ר)",True
580278273,"בית הכנסת הספרדי ארץ חמדה (ע""ר)",True
580131720,"כולל אברכים אהל משה חיפה (ע""ר)",True
580016368,"ישיבת הגר""ז בעגניס ירושלים (ע""ר)",True
580193001,"אור עזרא ובית שלמה (ע""ר)",True
580024610,"ישיבת הבוכרים / בית חינוך לתשב""ר - ""אור שמחה"", כפר חב""ד מרכז לקליטה וחינוך פנימייתי לילדים ונוער ממשפחות מצוקה ועולים חדשים (ע""ר)",True
580195766,"הלל יוצאים בשאלה (ע""ר)",True
580227106,"הארגון היהודי העולמי להשבת רכוש (איל""ר)  (ע""ר) (THE WORLD JEWISH RESTITUTION ORGANIZATION (WJRO (R.A.)",True
580286953,"שבי יצחק  (ע""ר)",True
580070712,"אגודת יסודי התורה לעדת הבבלים בירושלים (ע""ר)",True
580338754,"מוסדות חב""ד קרני שומרון וסביבותיה שע""י צעירי חב""ד (ע""ר)",True
580010890,"כל ישראל חברים (ע""ר)",True
580056364,"האגודה הישראלית לכלכלה  (ע""ר)  THE ISRAEL ECONOMIC SOCIETY (R.A.)",False
580006708,"תומר דבורה מרכז לתורה ומורשת ישראל ע""ש מרת דבורה בינט ע""ה (ע""ר)",True
580266203,"עמותת בית כנסת ספר תסלית זיע""א (ע""ר)",False
580165348,"מוסדות דברי אמת (ע""ר)",True
580326882,"עמותה לקידום מקצועי של עובדי הרשויות המקומיות ועובדי התאגידים העירוניים (ע""ר)",True
580028033,"נוה הורים - שפע חיים (ע""ר)",True
580354363,"בית חם במושבה - רמת השרון (ע""ר)",True
580286177,"קרן השבת וחומת הדת (ע""ר)",True
580117943,"אלי בעזרי - ראשית חכמה נוה עופר תל-כביר (ע""ר)",True
580020444,"מורשה - קרית חינוך ע""ש לוי יצחק ויהודית רחמני (ע""ר)",True
580125383,"הפועל - רהט (ע""ר)",True
580072544,"עמותת נאמני מועדון רוטרי חולון  (ע""ר)",True
580138121,"חיים וסביבה - ארגון גג של שוחרי איכות החיים והסביבה (ע""ר)",True
580276202,"נצח רחל חיה (ע""ר)",True
580094217,"תפארת זקנים - רחובות (ע""ר)",True
580372621,"בית ט""ל על שם קדושי טרוכנברוד ולוזישט (פולין)  (ע""ר)",True
580282531,"שערי הוד והדר יבנה (ע""ר)",True
515937183,"איגוד הרמן פון הלמהולץ  בע""מ (חל""צ)",False
580006765,"התאחדות עולי אמריקה הלטינית, ספרד ופורטוגל בישראל (ע""ר)",True
580372894,"רשת מוסדות היכל התורה בישראל ובתפוצות (ע""ר)",True
580038644,"בית יד לבנים אשדוד  (ע""ר)",True
580098663,"מוסדות אור ההלכה (ע""ר)",True
580331270,"מועדון סיוף הפועל חיפה (ע""ר)",True
580109056,"מכללת הגליל (ע""ר)",False
580382539,"בית הכנסת הגדול האשכנזי קרית אתא (ע""ר)",True
580211837,"מינהל קהילתי שכונתי הר נוף (ע""ר)",True
580309078,"מרכז חינוכי ""שלהבת רכסים"" (ע""ר)",True
580116697,"המכללה הטכנולוגית נוף הגליל הנדסאים והכשרה מקצועית ע''ש מרדכי (מוטקה) אלון (ע""ר)",True
580209120,"על""ה - עמותה לטיפוח המדעים",True
580086916,"סובוד ישראל (ע""ר)",False
580144939,"בני הרמה - רמות ג', ירושלים (ע""ר)",True
580276566,"אור מאיר שמחה (ע""ר)",True
580085348,"שכון לעולים ובתי חנוך של אגודת ישראל (ע""ר)",False
580021681,"תיכון בית יעקב אבות (ע""ר)",True
580263689,"אגודת קרן גמילות חסדים ליד בית הכנסת נחלת אבות (ע""ר)",True
580343036,"קרן לסיעוד חולי אלצהיימר ע""ש סופי ואברהם סטוצ'ינסקי (ע""ר)",True
580057727,"מפעל ""עזרת נשואין"" לתלמידי ישיבת ויז'ניץ בני ברק (ע""ר)",True
580122034,"תזמורת סימפונית ירושלים  (ע""ר)  THE JERUSALEM SYMPHONY ORCHESTRA (R.A.)",True
580050912,"ארגון צעירים נוצריים-נצרת  (ע""ר)",True
580253037,"תאנה - עמותה לתרבות ולהשכלה (ע""ר)",False
580023935,"עמותת העיוורים הישראלית- ששת (ע""ר)",True
580052199,"האגודה לאזרח הוותיק בבת - ים (ע""ר)",True
580168797,"בית חינוך חרדי הראשון לבנות בית יעקב הישן ירושלים. (ע""ר)",True
580268803,"מתת מרים (ע""ר)",True
580042562,"ישיבת בית שמואל ואהל מרדכי (ע""ר)",True
580344679,"גנזי קדם (ע""ר)",True
580158376,"מרכז תורני פאר נסים (ע""ר)",True
580373710,"""וזאת לראיה"" מפעלי תרבות ותורה להנצחת והנחלת משנת הראי""ה קוק זצ""ל (ע""ר)",True
580285567,"אורות טירת הכרמל מרכז תורני לאומי ע""ש מרן הרב אברהם יצחק הכהן קוק זצ""ל (ע""ר)",True
580020659,"מוסדות אור ירושלים ; (ע""ר)",True
580119790,"אורות-עציון (ע""ר)",True
580055481,"העמותה לתמיכה בישיבת בני עקיבא נווה הרצוג  (ע""ר)",True
580289932,"אורות כרמיאל (ע""ר)",True
580237543,"ישיבה וכולל משכן נסים (ע""ר)",True
580330702,"חשיבה - להפצת מחשבת ישראל (ע""ר)",False
580045995,"ישיבת רבנו חיים יוסף - בית הוראה  (ע""ר)",True
580269223,"מוסדות רינת התורה (ע""ר)",True
580093151,"בני הרצליה (ע""ר)",True
580049849,"איגוד יוצאי ליטא בישראל (ע""ר)",True
580042695,"העמותה למען הגליל התחתון (ע""ר)",True
580186971,"איגוד דוברי הרשויות המקומיות בישראל (ע""ר)",True
580327740,"המרכז למוסיקה ע""ש פיליציה בלומנטל (ע""ר) THE FELICJA BLUMENTAL MUSIC CENTER",True
580069490,הקרן להענקת טיפול רפואי ואישפוז לחברים.,False
580361350,"מ.כ. בית""ר נילי חיפה (2000) (ע""ר)",True
580098754,"ערכים - אגודה להפצת התודעה היהודית (ע""ר)",True
580309532,"אלג'ואל אלבלדי (ע""ר)",True
580215705,"ישיבה וכולל אביר יעקב - עמנואל, ראש העין (ע""ר)",True
580240828,"חכמה ודעת לב חם (ע""ר)",True
580062966,"בית מדרש לתורה ""מעלות קדושים"" ע""ש חללי מלחמת יום הכיפורים ומערכות ישראל הי""ד (ע""ר)",True
580129427,"מוסדות אהבת ישראל - חסידי ויז'ניץ, רחובות (ע""ר)",False
580351138,"אולפנית רחובות- בית הספר פלך ע""ש רות קורמן (ע""ר)",True
580361798,"קרן לטיפוח וקידום יהדות רומניה ע""ש הרב פנחס אליהו וסרמן זצ""ל (ע""ר)",True
580254357,"אליצור - איגוד ספורטיבי דתי - סניף ירושלים (ע""ר)",True
580064954,"""מדרש רמב""ם""",True
580115541,"אדם - המדרשה לדמוקרטיה ולשלום ע""ש אמיל גרינצווייג (ע""ר)",True
580012532,"אגודת הציירים והפסלים  חיפה (ע""ר)",False
580129757,"וחי אחיך עימך בישראל (ע""ר)",True
580258564,"עמותת אוהל יצחק צבי- צלותא דאברהם, שעל יד כולל שומרי החומות לצדקת רבי מאיר בעל הנס (ע""ר)",True
580032886,"מוסדות ""אור יעקב"" דחסידי לעלוב - ירושלים (ע""ר)",True
580387140,"זכות וצדקת חסדי אריה (ע""ר)",True
580082345,"ביהמ""ד חסידים צא""י - רמת אהרן  (ע""ר)",False
580340040,"ים התורה רמות ירושלים ע""ש ר' יעקב משה (ע""ר)",True
580170348,"ישיבת רבינו חיים חורי (ע""ר)",True
580035988,"כפר הנוער ""חזון יחזקאל"" (של הסתדרות צעירי אגודת ישראל בא""י) (ע""ר)",False
580385649,"קרן מלגות ללימודים ומחקר בענף הבניה ובקהילה (ע""ר)",True
580338366,"אור אליצור (ע""ר)",True
580069003,"ישיבת הרי יהודה (ע""ר)",True
580023513,"בית הכנסת והישיבה ע""ש רבי שמעון בר-יוחאי (רשב""י) זי""ע בתל-אביב (ע""ר)",True
580062438,"שארית יעקב לבית דוד (ע""ר)",True
580104503,מוזיאון הכותל,True
580314375,"מואססת אלאטפאל זווי אלאחתיאג'את אלח'אסה (ע""ר) מוסד לילדים בעלי צרכים מיוחדים - בלצ""מ (ע""ר)",True
580092419,"להקת הסטודנטים ירושלים ע""ש דן בירון (ע""ר)",False
580258044,"עמותת אלפאראבי המוסיקלית כפר קנא  (ע""ר)",True
580116671,"ישיבה וכולל אבן-חיים (ע""ר)",False
580097475,"האגודה לפיתוח וקידום כפרי נוער בישראל - כפר הנוער ""קדמה"" (ע""ר)",True
580092153,"בית הכנסת הגדול אוהל שרה רחובות (ע""ר)",True
580224137,"""ברית כהונה"" (ע""ר)",True
580169837,"מו""ח- ארגון מורים וחוקרים באוניברסיטה העברית (ע""ר)",False
580130318,"אגודת בית הכנסת בית יצחק - ערד (ע""ר)",True
580037463,"כולל אברכים מכון להפצת תורה  אהל לאה (ע""ר)",True
580122570,"הפועל תל-אביב - מועדון ימי קיאקים-שייט-חתירה (ע""ר)",True
580009009,"בית הכנסת ""אור המזרח"" מיסודה של גב' עדנה שנקר (מזרחי) ובניה (ע""ר)",True
580102770,"משכן מאיר (ע""ר)",True
580071124,"כולל ישיבת אהלי אברהם (ע""ר)",True
580255891,"בית שאול - עמותת בית אבות אשדוד ע''ש שאול בן שמחון (ע""ר)",True
516291168,"מדיקאל ואדי בע""מ (חל""צ)",False
580278679,"אגודת הסטודנטים של מכללת נתניה (ע""ר)",False
580112100,"גוג'ו ריו אוקינאוי קארטה - דו פדראציה בישראל (ע""ר)",False
580352060,"סמינר חסידי לבנות אשדוד (ע""ר)",True
580107803,"ישיבת תורת משה כולל דבר יוסף (ע""ר)",True
580159978,"ר א ם  העמותה למען החבר הותיק באזור מנשה (ע""ר)",True
580096030,"איגוד מבקרי הרשויות המקומיות בישראל (ע""ר)",True
580229102,"נתיבות רבקה, בת ים (ע""ר)",True
580018281,"המרכז האקדמי לב (ע""ר)",True
580019339,"אגודת צער בעלי חיים באר שבע והדרום (ע""ר)",True
580005890,"האגודה הישראלית לטרשת נפוצה (ע""ר)",True
580310373,"מועדון הקליעה מכבי רעננה (ע""ר)",True
580036275,"מוסדות ביאלא ""חלקת יהושוע"" (ע""ר)",True
580349736,"העמותה למען ילדי פנימיות הרווחה בישראל (ע""ר)",True
580140598,"מושבת האמנויות (ע""ר)",False
580213361,"ישיבה ותלמוד תורה חב""ד נחלת הר חב""ד (ע""ר)",True
580352284,"שמן המשחה (ע""ר)",True
580336659,"נוער מוביל שינוי (ע""ר)",True
580250256,"בית כץ - מרכז מורשת קריית ביאליק (ע""ר)",True
580385037,"מדרשת קשת יהונתן (ע""ר)",True
580015865,"בית יד לבנים - אתר הנצחה ירושלים (ע""ר)",True
580002434,"האגודה למען מכללה ירושלים לבנות (ע""ר)",True
580001147,"נר אליהו (ע""ר)",True
580383487,"משכן יחיא (ע""ר)",True
580336071,"מרכז קהילתי אלפי מנשה (ע""ר)",True
580359073,"אג'יק - מכון הנגב (ע""ר)",True
580351732,"שערי תורה ותפילה (ע""ר)",True
580214252,"מרכז תורה וחסד לעולי גרוזיה  (ע""ר)",False
580177863,"אדם טבע ודין - אגודה ישראלית להגנת הסביבה (ע""ר)",True
580008910,"מרכז תורה וחינוך חצור הגלילית (ע""ר)",True
580097665,"""חסד ועזרה"" רכסים  (ע""ר)",True
580218543,"היכלי ענג - ארגון נשות גור (ע""ר)",True
580018158,"האגודה למען הקשיש באר שבע (ע""ר)",True
580041523,"ישיבת בית הלל בני ברק  (ע""ר)",True
580376788,"אור מאיר וברכה (ע""ר)",True
580015071,"האגודה למען העוור ולמניעת העוורון תל אביב - יפו (ע""ר)",True
580310290,"עמותת פסטיבל מחולות כרמיאל (ע""ר)",True
580133924,"עלה העמותה למען האזרח הוותיק ביהוד מונוסון (ע""ר)",True
580303386,"בית מוהרי""ץ והרש""ש, נתיבות (ע""ר)",True
580126449,ג'י.סי. סי עולמי (ע''ר),True
580062826,"הכנסיה הנזירינית הבינלאומית (ע""ר) (CHURCH OF THE NAZARENE INTERNATIONAL (R.A",True
580136133,"אתיחאד ראודאת אל-אמל (ע""ר)",True
580355386,"פתחי תשובה (ע""ר)",True
580331403,"אוהל דניאל וחיה (ע""ר)",True
580384618,"דרכי חינוך מרכז חינוכי לנוער ומבוגר (ע""ר)",True
580024693,"קרנות הסוהרים (ע""ר)",True
580302891,"מתנ""ס מרכז קהילתי גן יבנה (ע""ר)",True
580376887,"בית מדרש ""אור חי"" (ע""ר)",True
580332872,"מוסדות תל ציון בארה""ק (ע""ר)",False
580295905,"הסהר הירוק (ע""ר)",True
580241859,"בית כנסת ספרדי ""חזון גבריאל"" ע""ש הבחור גבריאל דעדוש ז""ל חדרה (ע""ר)",True
580144756,"בית הכנסת ובית מדרש חסדי חנניה ע""ש ר' חנניה בוזגלו (ע""ר)",True
580389351,"עמותת אלראזי לחינוך תרבות מדע וספורט - מועאויה (ע""ר)",False
580383529,"העמותה שליד בית הספר בית הצייר (ע""ר)",True
580369478,"אולפנא אורות עציון (ע""ר)",False
580058717,"כולל יד אשר בית מדרש לתורה ולהוראה (ע""ר)",True
580039493,איגוד התכשיטנים בישראל (ע''ר),True
580282424,"עצת אמת קרית ספר (ע""ר)",True
580012169,"תלמוד תורה סוכת דוד (ע""ר)",True
580026888,"מכון רוממה (ע""ר)",True
580350262,"משנת הנחל (ע""ר)",True
580038347,"""אור חדש"" מרכז ליהדות מתקדמת ע""ש ליונס (ע""ר)",True
580144723,"מוסדות תוספות יום טוב (ע""ר)",True
580336154,"מועדון כדורעף רעננה (ע""ר)",True
580350981,"חיינו - חי ליפליין (ע""ר)",True
580166171,"תורת החיים נווה דקלים (ע""ר)",True
580005312,"עמותת גימלאי הדואר (ע""ר)",False
580388866,"עמותה ישראלית לטיפול, חקר ומניעה של הפרעות אכילה (ע""ר)",False
580368116,"ירושלים של הספורט (ע""ר)",False
580029122,"ישיבת יקירי ירושלים נעם (ע""ר)",True
580018976,"אגודת סטודנטים לרפואה אוני ת""א (ע""ר)",True
580019958,"בקור חולים וגמ""ח עולים חדשים בני ברק (ע""ר)",False
580066769,"מוסדות סערט ויז'ניץ בארה""ק (ע""ר)",True
580353571,"אלג'מאהיר - עמותה למען קידום חברתי במגזר ערבי -יהודי (ע""ר)",True
580352185,"באר שובע (ע""ר)",True
580057651,"כולל מסילת ישרים - זכרון יעקב (ע""ר)",True
580056141,"קרן חיפה  (ע""ר)",True
580120004,"האגודה להיסטוריה של גוש תל-מונד (ע""ר)",True
580242139,"עמותת צור-חיים  (ע""ר)",True
580298453,קהילה דתית לאומית בית שמש עמותה רשומה,True
580133387,"מעלות ירושלים  (ע""ר)",True
580025872,"אגודת אור ברוך (ע""ר)",True
580264364,"כולל חסידי ברסלב ע""ש בנימין ושבה, בית שמש (ע""ר)",True
580076156,"איגוד הכנסיות הבפטיסטיות בישראל (ע""ר)",True
580058204,"בית הכנסת הספרדי רמות פולין  (ע""ר)",True
580360725,"עמותה יונגיאנית ישראלית חדשה (ע""ר)",False
580077790,"בית שרה שנירר (ע""ר)",False
580029460,"ישיבת תולדות יעקב ירושלים (ע""ר)",True
580136521,"האגודה לתורה ותפילה יפה נוף והסביבה ירושלים  (ע""ר)",True
580390334,"צידקת משה (ע""ר)",True
580009553,"מוסדות אוז'רוב חנצ'ין - אגודת אש דת (ע""ר)",True
580269991,"אור אבי-עזרי, אופקים (ע""ר)",True
580287555,"נועם מנחם  (ע""ר)",False
580365583,"נתיבות חסד (ע""ר)",True
580025393,"האגודה לצדקה ועזרה לעדה הקטולית יוונית חיפה  (ע""ר)",False
580058329,"בית כנסת ""אדרת אליהו"" ע""ש הח' אליהו בן הח' ראובן משה קליין ז""ל (ע""ר)",True
580314201,"מינהל קהילתי - רמת שלמה ירושלים (ע""ר)",True
580095990,"ניצן אגודה לקידום ילדים לקויי למידה, הסתגלות ותיפקוד  בפתח - תקוה (ע""ר)",True
580273035,"מוסדות חסידי סלונים קרית גת (ע""ר)",True
580289080,"כולל עיון הדף (ע""ר)",True
580000263,"אגודת הטניס בקרית ביאליק (ע""ר)",True
580115392,"קרן נהרדעא (ע""ר)",False
580202166,"ארגון אלמנות ויתומי צה""ל (ע""ר)",True
580077238,"קרן דור העתיד (ע""ר)",True
580091627,"בז  (ע""ר)",True
580023398,"אגודת החרשים בישראל (ע""ר)",True
580357333,"הקרן לפתוח ערד (ע""ר)",True
580389930,"סמינר בית יעקב בנות אלישבע (ע""ר)",True
580356905,"קהילת הדר חיפה (ע""ר)",True
580249357,"מוסדות מנוחה וקדושה (ע""ר)",True
580084846,"שובל - ארגון פורשי השב""כ (ע""ר)",True
580288959,"בית דוד ורפאל חי (ע""ר)",True
580389591,"חחי פלוס (ע""ר)",True
580067130,"עלה - הרצליה עמותה למען הקשיש (ע""ר)",True
580114825,"וירטוס ישראל (ע""ר)",True
580005932,"שכונת נאות עידן יבנה (ע""ר)",False
580327880,"קרן רועי לא אחסר (ע""ר)",True
580256246,"בית מדרש לתורה כולל אהל מייטא  (ע""ר)",False
580132090,"בית יוסף - ע""ש מרן ר' יוסף קארו זיע""א, מרכז קהילתי תורני לישובי מרום הגליל לזכרו של הרב יוסף חדיף זצ""ל (ע""ר)",True
580308112,"בית המדרש פני שמואל רמת בית שמש (ע""ר)",True
580201309,"מעלה בית הספר לקולנוע ולטלוויזיה ע""ש אורי אליצור (ע""ר)",True
580006666,"המרכז הירושלמי ללימודי המזרח הקרוב (ע""ר)",True
580302776,"עמותת נר יוסף קטן ז""ל (ע""ר)",True
580362911,"רשת המעונות - נאות מרגלית (ע""ר)",True
580340412,"דעת שערים (ע""ר)",True
580024008,"משכן יוסף שמואל (ע""ר)",True
580247690,"איילת השחר - מרכז חינוכי בית יעקב למצטיינות (ע""ר)",True
580008878,''עמותת אל - סם'' (ע''ר),True
580338150,"ישיבת ברית יעקב (ע""ר)",True
580253151,"תלמוד שמביא לידי מעשה (ע""ר)",True
580269892,"בית הכנסת רמב""ם, נוה שאנן  (ע""ר)",True
580351872,"ידידי בית הספר דוגמא לבנים (ע""ר)",False
580025294,"בית יעקב אבות באשדוד (ע""ר)",True
580023570,"יד לאחים (ע""ר)",True
580218915,"ישיבת תהלת השרון  (ע""ר)",True
580138998,"כולל אברכים - מרכז תורני תורת ירושלים בציון (ע""ר)",True
580041937,"בית הכנסת אחדות הרצליה  (ע""ר)",False
580368330,"הדודאים - להקת מחול (ע""ר)",True
580112118,"אגודת ידידי בית הספר הממ""ד ברובע היהודי ירושלים  (ע""ר)",False
580288181,"דיאלוג אדם סביבה ומדע (ע""ר)",True
580052306,"אגודת ""בית יעקב"" תל-אביב (ע""ר)",True
580315570,"בית כנסת ברימה - סביון (ע""ר)",True
580032274,"ישיבת "" בית דוד"" ע""ש הגאון רבי דוד כהנא שפירא זצ""ל (ע""ר)",True
580087617,"בית כנסת נוה-אילן (ע""ר)",True
580296903,"נצר שלום (ע""ר)",True
580282259,"בית הכנסת המרכזי - קרית שמואל חיפה (ע""ר)",True
580082196,"בית הכנסת הדתי לאומי בהר נוף (ע""ר)",True
580062727,"עמותת ישיבת אליהו הנביא (ע""ר)",True
580085538,"קהילת מגן אברהם - עומר (ע""ר)",True
580387579,"שערי הצדיק האמיתי ע""ש מוהר""ן מברסלב לעילוי נשמת מו""ר עווד ב""ר מנצור (ע""ר)",True
580163095,"קרן ""יומא"" (ע""ש יחיאל ומרים אליאש ז""ל) (ע""ר)",True
580012516,"לה""ב לימודי הכשרה בניהול ע""ש ליאון רקנאטי  (ע""ר)",False
580030427,"בית הכנסת המרכזי בחיפה  (ע""ר)",True
580341048,"באר אברהם אלימלך (ע""ר)",True
580017093,"אשל, האגודה לתכנון ולפתוח שרותים למען הזקן בישראל",False
580149623,"עמותת מדרשת הדרום (ע""ר)",True
580030575,"בית הכנסת אביר יעקב מזכרת בתיה (ע""ר)",True
580134385,"גניזה כללית (ע""ר)",True
580357341,"בית כנסת ומרכז רוחני תפארת יוחאי בן דוד (ע""ר)",True
580312502,"האגודה הסטודנטיאלית של המרכז האקדמי למשפט ולעסקים (ע""ר)",True
580099620,"בית חינוך יתומים הכללי לעדת הספרדים, ישיבה וכולל ירושלים (ע""ר)",True
580014488,"עמותת בית אבות ע""י איחוד עולי בולגריה בישראל ע""ש ז'ק חיים אסיאוב (ע""ר)",False
580003028,"בני ברית בישראל לשכת הגליל הגדולה מס' 14 (ע""ר)",True
580231702,"מנורת המאור  נוה יעקב מזרח - ירושלים (ע""ר)",True
580023711,"ישיבת אוהל יעקב זכרון מאיר בני ברק (ע""ר)",True
580321552,"העמותה לקידום מועדון הכדורגל - גדנע תל אביב (ע""ר)",True
580237014,"""מאירים בתורה ובחסד"" ע""ש הרב מאיר ארביב זצ""ל (ע""ר)",True
580215333,"עמותת הכוריאוגרפים (ע""ר)",True
580362960,"מועצת ארגוני העולים בישראל (ע""ר)",True
580336196,"ראשית דוד (ע""ר)",True
580351062,"יהודים למען ישוע (ע""ר) (.JEWS FOR JESUS (R.A",True
580383099,"שמחת חיים (ע""ר)",True
580292464,"קליטת קהילות ישראל (ע""ר)",True
580021350,"ישיבת כולל אברכים ""טל תורה"" (ע""ר)",True
580090553,"ישיבת נחלי אמונה דימונה  (ע""ר)",False
580324192,"התאגדות לתרבות גופנית ""הפועל"" ראשון לציון (ע""ר)",True
580280535,"אימפולס (ע""ר)",True
580054989,"ישיבת טעלז בישראל  (ע""ר)",False
580339034,"ישפה - מרכז הכרויות לציבור הדתי על שם ישראל ויפה ניס ז""ל (ע""ר)",False
580225225,"עמותת פרקינסון בישראל (ע""ר) (.ISRAEL PARKINSON ASSOCIATION (R.A",True
580145449,"בית כנסת שמחת אליהו (ע""ר)",True
580379071,"תזמורת סמפונית בין דורית (ע""ר)",True
580144301,"מוסדות רבי אליעזר הגדול לפעילות חינוכית חברתית תורנית  (ע""ר)",False
580217461,"מדרשת ""החפץ חיים"" להפצת היהדות המדרשה התורנית ע""ש הצדיק הרה""ג ר' ישראל מאיר הכהן זצ""ל - הרצליה (ע""ר)",True
580265155,"עדי ירושלים (ע""ר)",True
580056323,"העמותה למען החבר הותיק בדרום השרון (ע""ר)",False
580279248,"בית כנסת רמח""ל הר נוף ירושלים (ע""ר)",True
580106177,"מרחבים - מרכז תורני ליהדות וחינוך (ע""ר)",True
580042497,"""הנמר""",True
580143048,"מרכז קהילתי - בת-ציון  (ע""ר)",True
580017937,"מכון הברכה מרכז לחינוך בנות יעקב (ע""ר)",True
580002988,"אגודת בית אולפנא בית אהרן וישראל כולל אברכים מצויינים בנשיאות הרה""צ ה""ק מר""ן אדמו""ר שליטא מסטולין קרלין ירושלים ת""ו (ע""ר)",True
580028850,"ישיבת עטרת צבי אשדוד (ע""ר)",True
580041481,"בית הכנסת המרכזי ליוצאי תימן ""תפארת ישראל"" ברמת עמידר רמת-גן (ע""ר)",False
580359487,"בית כנסת הגילגל ע""ש יורם גנץ (ע""ר)",True
580176204,"שערי גאולה  (ע""ר)",True
580300648,"הוד ישראל רחובות-אירגון קהילתי תורני (ע""ר)",True
580002525,"ידידי המכון לארכיאולוגיה של אוניבסיטת תל אביב (ע""ר)",False
580223006,"משכן-ישראל  - בית מדרש גבוה לדיינות, לרבנות ולהוראה (ע""ר)",True
580237824,"מוסדות ""הדרת יוסף"" (ע""ר)",True
580349025,"קובץ תורני - ישורון (ע""ר)",True
580301885,"בית הכנסת האשכנזי מצפה נבו (ע""ר)",True
580341402,"בני היכלא (ע""ר)",False
580213841,"בית הכנסת האשכנזי - שכון ג' בני - ברק  (ע""ר)",True
580051555,"תנועת בנות בית יעקב - בתיה (ע""ר)",True
580207751,"כולל ""בית מרדכי אהרון"" (ע""ר)",False
580220911,"שבות אריאל (ע""ר)",True
580368389,"בית הלוי ליוצאי צרפת (ע""ר)",True
580413623,"תורת אליהו - בית שמש (ע""ר)",True
580357358,מועדון ספורט הפועל מנשה (ע''ר),True
580354884,"מחסה הארץ המובטחת (ע""ר) (.PROMISED LAND SHELTERS (R.A",True
580003952,"אגודת הסטודנטים והסטודנטיות בעברית (ע""ר)",False
580168748,"מרכז תורני רעננה (ע""ר)",True
580161214,"העמותה לסיוע לעמית בעבודה פתח תקוה  (ע""ר)",True
580009496,"ידידי מרכז רפואי רמב""ם (ע""ר)",True
580236032,"חדות החסידות (ע""ר)",True
580366714,"בית ספר לכדורגל 2000 ביאליק (ע""ר)",False
580308864,"מאור ישראל ע""ש מרן הגר""ע יוסף זצ""ל (ע""ר)",True
580106540,"תפארת מרדכי-מפעלי תורה וחסד ע""ש ראש הישיבה הג' ר' מרדכי שולמן זצללה""ה (ע""ר)",True
580052470,"עמותת א.נ.לי. (ע""ר)",False
580020105,"מועצת האופטומטריסטים בישראל (ע""ר)",False
580196186,"ישיבת תפארת אהרון ממאטטערסדארף (ע""ר)",True
580277978,"""תהילה לדוד"" ע""ש דוד המלך ע""ה",False
580322535,"עצי רחל (ע""ר)",True
580193993,"מוסדות באיאן בני ברק (ע""ר)",True
580358539,"תנועה לתורה מנהיגה (ע""ר)",True
580189256,"כולל אברכים אהל דינה (ע""ר)",True
580194769,"בית כנסת הספרדי ומרכז רוחני - רמת מודיעים (ע""ר)",True
580038164,"הגן הבוטני האוניברסיטאי - ירושלים (ע""ר)",True
580221224,"בית הספר התיכון התורני ע""ש פ. הימלפרב, מיסודו של ביהמ""ד למורים ""מזרחי"" (ע""ר)",True
580064335,"אלו""ט - אגודה לאומית לילדים ובוגרים עם אוטיזם (ע''ר)",True
580266062,"למרחב עמותה לקידום חינוך תורני  (ע""ר)",True
580218816,"ארגון הקבלנים והבונים באשקלון  (ע""ר)",True
580147148,"ישיבת דעת ותבונה ע""ש רבינו יוסף חיים זצוק""ל, אשדוד (ע""ר)",True
580187227,"בית הכנסת זבולון, צפת (ע""ר)",True
580180784,"חברותא - בית עובדי עירית תל-אביב-יפו  (ע""ר)",True
580044865,"מועצת בית העלמין חברה קדישא גחש""א נס ציונה (ע""ר)",True
580348266,"קרן החסד אחוזת ברכפלד (ע""ר)",True
580010981,"ועד חסידי חב""ד רחובות (ע""ר)",True
580151850,"יפוצו מעינותיך (ע""ר)",True
580023992,"בית הגלגלים (ע""ר)",True
580148757,"בית המדרש תכלת מרדכי (ע""ר)",True
580141026,"רשת גני חב""ד בארה""ק (ע""ר)",True
580361780,"מדרשת בינת - בית מדרש גבוה לבנות ללמודי יהדות (ע""ר)",True
580265536,"עמותה לשיפור מעמד האשה בלקייה (ע""ר)",False
580254969,"נתיבים לקידום החינוך  (ע""ר)",True
580360972,"תפארת נצח ילדי בני ברק (ע""ר)",True
580296176,"אגודת הסטודנטים של המכללה האקדמית להנדסה סמי שמעון (ע""ר)",True
580203883,"מ.ט.י. - מרכז לטיפוח יזמות חיפה (ע""ר)",True
580246833,"שטיבל יד בנימין (רעננה) (ע""ר)",True
580259398,"מטל השמים ומשמני הארץ (ע""ר)",True
580384204,"הפועל מיתר (ע""ר)",True
580142438,"בית הכנסת לצעירים צור ישראל רעננה  (ע""ר)",False
580243822,"ניצן - רמת גן, אגודה לקידום ילדים ובוגרים לקויי למידה,הסתגלות ותפקוד (ע""ר)",True
580080133,"מרכז קהילתי שומרון (ע""ר)",True
580342871,"אוהל פרידה לאה (ע""ר)",True
580040624,"מצאנו מים - מכון ללימודי היהדות לקידום המשפחה (ע""ר)",True
580117380,"בית הכנסת האזורי קרית בן-גוריון, חולון (ע""ר)",True
580124220,"ישיבת נחלת הלוויים (ע""ר)",True
580363539,"ידיד ה' (ע""ר)",True
580284305,"מוסדות נהר דעה נהריה (ע""ר)",True
580134856,"עמותת ידידי המרכז הרפואי מאיר (ע""ר)",True
580030401,"מועצת העדה האורטודוקסית נצרת (ע""ר)",True
580364727,"עמותת חולון 2000 לספורט עממי (ע""ר)",True
580021145,"ישיבה הר""ן בית מדרש גבוה לתלמוד רמות י-ם (ע""ר)",True
580011732,"הועד הכללי לקהילת התימנים בירושלים (ע""ר)",True
580331429,"מתי מרכז תמיכה ישובי  (ע""ר)",True
580017358,"בית כנסת המרכזי כפר גנים ב' פתח תקוה (ע""ר)",True
580111540,"בית הכנסת האשכנזי פסגת זאב משכן יעקב (ע""ר)",True
580269850,"ישיבה גדולה ""כנסת התורה"" (ע""ר)",True
580267763,"לב לזולת (ע""ר)",True
580225456,"ישיבת  באר התורה (ע""ר)",True
580026318,"קהילה משיחית ישראלית - קהילת ירושלים. (ע""ר)",False
580186187,"ברכת אשר (ע""ר)",True
513816421,"מרכז רוסינג לחינוך ודיאלוג (חל""צ)",True
580097574,"אהל ברכה (ע""ר)",True
580088417,"בית כנסת מקור בנימין בנתניה  (ע""ר)",True
580282952,"שורשים תכניות מפגש (ע""ר)",True
580015170,"ידידי הטכניון בישראל (ע""ר)",True
580185544,"מכון התלמוד הישראלי השלם ע""ש הרב הרצוג RABBI HERZOG INSTITUTE FOR THE COMPLETE ISRAELI TALMUD (ע""ר)",True
580345221,"סנבדאא - נצרת שלנו תשאר ביתנו החם לנצח (ע""ר)",True
580004166,"ליגה למלחמה בשחפת ובמחלות ריאה בישראל,אזור חיפה (ע""ר)",True
580156511,"ותיקי לוד 1988  (ע""ר)",True
580037273,"איגוד ספורט אקדמאי אס""א (ע""ר)",True
580345684,"מוסדות תורה וחסד ""ברכת יצחק"" ע""ש רבינו יצחק בן וואליד זיע""א (ע""ר)",False
580024412,"ועדה ציבורית לעניני שעטנז (ע""ר)",True
580129351,"על""ה בנגב - עמותה למען העם בנגב (ע""ר)",True
580013084,"הקרן לחינוך בתפוצות ע""ש ל.א. פינקוס (ע""ר)",True
580359156,"מעייני הישועה - התנועה לתרבות ישראל (ע""ר)",True
580186351,"עמותת נוה מלכישוע (ע""ר)",True
580056786,"בית כנסת ""עזרת אחים"" שכ' שמשון חדרה  (ע""ר)",True
580070654,"העמותה לתמיכה בישיבת בני עקיבא רעננה(ע""ר)",True
580368447,"בית כנסת - בית זית (ע""ר)",False
580172187,"אגודת הסטודנטים והסטודנטיות במכללת אורנים (ע""ר)",True
580110476,"מרכז לבריאות ""חסדי יצחק"" (ע""ר)",True
580371094,"עלייה בצמיחה (ע""ר)",False
580110419,"מועדון הטניס באר-שבע - 1960 (ע""ר)",False
580102028,"מוסדות ישיבת קול יהודה - סטרעטין - בארץ ישראל (ע""ר)",True
580016269,"קופת גמ""ח ע""ש יוסף ופרל פודומסקי (ע""ר)",True
580042406,"יד משה (מוסה) חריף  (ע""ר)",True
580085710,"ועד בית הכנסת קול יהודה בתל אביב  (ע""ר)",False
580345254,"משכן התורה בית שמש (ע""ר)",True
580035285,"ישיבת ראדזין - כולל אברכים עטרת שלמה ע""ש כ""ק מרן האדמו""ר הגה""ק ר' שמואל שלמה ליינר הי""ד זצ""ל. (ע""ר)",True
580001634,"מדרשית נעם (ע""ר)",True
580010940,"אגוד חברות הביטוח בישראל (ע""ר)",False
580189223,"בית מדרש לתורה - כולל הוד השרון (ע""ר)",True
580002780,"קרן להנצחת זכר חללי גיטו טרזין (טרזיינשטט) (ע""ר)",True
580149086,"מאור התורה-ארץ ישראל-אמריקה (ע""ר)",True
580157485,"ידידי המרכז האקדמי לב (ע""ר)",True
580104891,"אבי חי ישראל (ע""ר)",False
580179372,"זכרון מנחם (ע""ר)",True
560035925,"קרן סטלה אנד סאם סקורה הולוקוסט סורוויוורז  (חל""צ)",False
580219731,"מוסדות משפטים ישרים  (ע""ר)",True
580121440,"אקרופוליס החדשה בישראל (ע""ר)",False
580094753,"תפו""ח (תרבות, פנאי, ותיקים וחינוך) ביישובי דרום השרון (ע""ר)",True
580321214,"בית הכנסת נאות אשלים ע""ש רבי עמרן בן דיוואן זצ""ל (ע""ר)",True
580257608,"למד והתקדם - תעלם ותקדם  (ע""ר)",True
580080919,"כולל ומוסדות צאנז בעיה""ק צפת (ע""ר)",True
580037596,"""אעלה בתמר""",True
580150126,"בית כנסת ובית מדרש נחלים (ע""ר)",True
580174415,"קרן מעלה אדומים (ע""ר)",True
580109924,"כולל אברכים היכל משה, בני ברק (ע""ר)",True
580362903,"הפורום הישראלי לחיות מעבדה (ע""ר)",True
580044725,"בית לייוויק - אגודת סופרי ועתונאי יידיש בישראל (ע""ר)",True
580070431,"בית הכנסת הפועל המזרחי ע""ש הרב דורף ז""ל (ע""ר)",True
580363778,"בית הכנסת רמת בית-הכרם (ע""ר)",True
580358257,"מרכז קהילתי (מתנ""ס) לדיר חנא (ע""ר)",True
580251189,"טורי אבן (ע""ר)",True
580033710,"""שקמה"" מוסד חינוכי אזורי בקיבוץ יד מרדכי (ע""ר)",True
580020964,"לשכת המודדים המוסמכים בישראל (ע""ר)",True
580179539,"החברה הישראלית לריפוי בעיסוק (ע""ר)",True
580242980,"מרכז רוחני - האר""י הקדוש זיע""א בשדרות (ע""ר)",True
580245645,"הרשות לקליטת עליה בחיפה (ע""ר)",True
580061935,"ישיבת בית יחיאל מאיר (ע""ר)",True
580002335,"אקים חיפה, אגודה לקימום אנשים עם מוגבלות שכלית התפתחותית (ע""ר)",True
580115509,"המרכז למבוגר - סיני - כולל בעלי בתים (ע""ר)",True
580052421,"נאמני תורה ועבודה -קולך (ע""ר)",True
580189694,"אגודת הסטודנטים HIT מכון טכנולוגי חולון (ע""ר)",False
580315828,"בית כנסת זכרון לקדושים בחולון (ע""ר)",False
580064541,"מרכז תורני ע""ש הרה""ח ר' עקיבא בנצלביץ זצ""ל (ע""ר)",True
580284735,"העמותה למען הכנסיה הנוצרית גאולת אלוהים (ע""ר)",False
580299535,"אלשפאעה ואלרחמה (ע""ר)",True
580332724,"מאיר עיניים ע""ש רבי מאיר בעל הנס (ע""ר)",False
580246312,"פאתי מזרח (ע""ר)",True
580156818,"ישיבת שארית יוסף אשר בעיה""ק ירושלים (ע""ר)",True
580260164,"אפקה - המכללה האקדמית להנדסה בתל - אביב (ע""ר)",True
580093391,"מרכז תורני יבנאל (ע""ר)",True
580027845,"אגודת בית כנסת רבי מאיר בעל הנס תל אביב (ע""ר)",True
580087450,"אגודה ישראלית לסוכרת (ע""ר)",True
580115814,"עמותת שחייני ירושלים (ע""ר)",True
580168789,"מכון ברנקו וייס - חינוך, חשיבה, יוזמה (ע""ר)",True
580264216,"סנדיאנת הגליל לקידום ופיתוח (ע""ר)",True
580011369,"בית יהודית  בית חנוך חרדי לבנות ספרדיות, בעיה""ק ירושלים (ע""ר)",True
580051894,מכון ירושלים למחקרי מדיניות (ע''ר),True
580065019,"עמותת ""יד שלום"" ירושלים  (ע""ר)",True
580275170,"דרך חסידים (ע""ר)",True
580059905,"כולל ובימ""ד ""היכל יצחק"" ע""ש ר' יצחק אוחנה זצ""ל (ע""ר)",True
580358034,"כולל אור אליהו ע""ש אליהו טויטו ע""ה - תלפ""ז (ע""ר)",True
580134450,"אהל יעקב ראשל""צ  (ע""ר)",True
580023240,"מרפאת שיניים לשירותים דנטליים (ע""ר)",True
580278380,"נעימות התורה- שירה חדשה (ע""ר)",True
580227478,"בית הוראה ודין צדק בני ברק (ע""ר)",True
580331395,"אלכמאנה - לשיפור שרותי החינוך והחברה (ע""ר)",False
580133247,"בני דוד - מכינה ישיבתית (ע""ר)",True
580375509,"אפיקים בנגב מצפה רמון  (ע""ר)",True
580344547,"עמותה לפיקוח וניהול מרכז פיס סיעודי בנתיבות (ע""ר)",False
580117273,"אלג'זאלי (ע""ר)",True
580071827,"עמותת ניצן קריות (ע""ר)",True
580270726,"שערי שמעון אריה (ע""ר)",True
580278695,"מרכז קהילתי לבני הישיבות ברמות 03 (ע""ר)",True
580045573,"ביכנ""ס ומרכז קהילתי תורני-ברנע אשקלון  (ע""ר)",True
580307437,"קרן מחקרים רפואיים, פיתוח תשתית ושרותי בריאות - ליד המרכז הרפואי הלל יפה (ע""ר)",True
580285252,"בית הכנסת הטוניסאי ע""ש אלי כהן הי""ד מבשרת ציון (ע""ר)",True
580364297,"בית""ר באר שבע טניס שולחן - 2000 (ע""ר)",True
580351773,"קרן ישמח משה - דרום (ע""ר)",True
580333722,"מועדון ""ליונס"" הרצליה (ע""ר)",True
580053189,"ישיבת כולל אברכים ""מאור יחיאל"" (ע""ר)",True
580205714,"מסילת החיים ע""ש הקדוש ר' חיים בן עטר זצק""ל (ע""ר)",True
580343697,"עמותת ספורט ""השמש"" - בית שמש (ע""ר)",True
580151637,"המרכז הארצי לפתוח המקומות הקדושים (ע""ר)",True
580255032,"בית כנסת מוריה פתח תקוה  (ע""ר)",True
580096709,"אגודת רפואה וחיים ויזניץ, בנשיאות כבוד האדמו""ר שליט""א (ע""ר)",True
580168136,"מגל אל גל, לקידום החינוך והספורט הימי (ע""ר)",True
580022226,"אגודת ישיבת השרון (ע""ר)",True
580353779,היכל בני אסרף - עמותת תפארת משה (ע''ר),True
580044568,"קהילת מורשת אברהם - הקהילה המסורתית, תלפיות מזרח (ע""ר)",True
580056612,"קרן החינוך לתורה בישרא ל מיסודו של מרכז החינוך העצמאי בא""י (ע""ר)",False
580365849,"קרן פלומס לאמנות (ע""ר)",True
580277879,"בית שלום ואחוה (ע""ר)",True
580339638,"מרכז רוחני ע""ש אליהו הנביא זכור לטוב (ע""ר)",True
580231546,"המפעל הלאומי לפתוח חברתי (ע""ר)",True
580307924,"עמותה להנצחת חללי אסון המסוקים בשאר ישוב ולרווחת משפחות החללים (ע""ר)",True
580003168,"ישיבת אור ישראל -פתח תקוה (ע""ר)",True
580226827,"איגוד ספורטיבי דתי אליצור סניף קרית אתא מחלקת הכדורסל (ע""ר)",True
580071777,עמותת חיל הטכנולוגיה והאחזקה (חיל החימוש) (ע''ר),True
580210896,"תלמוד תורה ""חפץ חיים"" ירושלים (ע""ר)",True
580288157,"מרכז פרס לשלום ולחדשנות (ע""ר)",True
515998011,"קופר לפיתוח תרבות ומוזיקה בישראל בע""מ (חל""צ)",False
580361285,"קונגרס יהודי בוכרה (ע""ר)",True
580032118,"מועדון ספורט דניה (ע""ר)",True
580385516,"בית ספר ""ראשית"" (ע""ר)",True
580203800,"התאגדות לתרבות גופנית הפועל נתניה (ע""ר)",True
580278661,"בית הכנסת תפארת מלחה (ע""ר)",True
580086429,"עמותת עינבר למחלות ריאומטיות, אוטואימוניות ודלקתיות (ע''ר)",True
580111755,"בית חב""ד גדרה - שע""י צעירי אגודת חב""ד (ע""ר)",True
580242287,"יחידה אזורית להתפתחות הילד בקרית-שמונה (ע""ר)",True
580093672,"אגריטך  (ע""ר)",True
580173821,"עמותת חיל משאבי האנוש (שלישות) (ע""ר)",True
580139293,"אור לעולם - עמותה לסיוע לנכים ונזקקים (ע""ר)",True
580121580,"אגוד ישיבות ההסדר בישראל (ע""ר)",True
580050284,"אגודת תלמוד תורה וישיבת חיי עולם (ע""ר)",True
580274116,"אורחות יצחק (ע""ר)",True
580200335,"הקרן לקידום החינוך בית אל רבתי (ע""ר)",False
580273209,עמותת רעות - שירותי שיקום ושילוב בקהילה לאנשים עם מוגבלות (ע''ר),True
580273985,"מרכז רוחני גומל חסד (ע""ר)",True
580381523,"טבב- אומנות ידע והרחבת אופקים (ע""ר)",True
580323897,"אור יחיאל להעמקת אחדות העם (ע""ר)",True
580080893,"בית הריטג' (ע""ר)",True
580363489,"מוסדות חסדי אבות בית ישראל מודיעין עילית (ע""ר)",True
580042828,"שערי תשובה וחיים (ע""ר)",True
580380483,"אפשרות - עמותה לפתוח שרותי רווחה ותרבות בקרית אונו (ע""ר)",True
580017523,"בית מדרש גבוה לתורה והוראה נחלת חיים, ע""ש ר' חיים שמואל לחובר ז""ל (ע""ר)",True
580163988,"בית חב""ד יקנעם עילית שע""י צעירים אגודת חב""ד (ע""ר)",True
580289114,"מרכז רוחני וחסידי דרכי נעם (ע""ר)",True
580165579,"אוהלי יעקב - נתיבות (ע""ר)",True
580010403,"אגודת הגליל - האגודה הערבית הארצית למחקר ושירותי בריאות (ע""ר)",True
580057529,"העטלף (ע""ר)",True
580152130,"תומכי שבת - הר נוף ירושלים (ע""ר)",True
516081072,"משאת יעקב  בע""מ (חל""צ)",True
580357002,"מוסדות ערלוי באלעד (ע""ר)",True
580215093,"עמותת הידידים - לקידום תרבות, מוסיקה ותיירות באבו-גוש וערי יהודה (ע""ר)",True
580234870,"הקרן החדשה לקולנוע וטלוויזיה (ע""ר)",True
580122893,"זכור יוסף (ע""ר)",True
580240802,"א.וי. ישראל A.V. ISRAEL (ע""ר)",True
580008498,"ארז - מרכז ידע מקצועי והכשרה בתעשייה  (ע""ר)",True
580355790,"בית יוסף חיים (ע""ר)",True
580304277,"זכרון משה - קרית ספר (ע""ר)",True
580090751,"בית הכנסת אוהל יוסף יצחק לעולי גרוזיה (ע""ר)",False
580377380,"נתיבות בחינוך היהודי (ע""ר)",False
580036234,"העמותה לשחזור ופתוח האתר הלאומי מושבת הראשונים ראש פנה (ע""ר)",True
580299642,"בית מדרש לתורה נחלת צבי - קרית יערים  (ע""ר)",True
580063444,"עטרת שלמה רחובות (ע""ר)",True
580036747,"רשת שיעורי תורה ""אוהל יוסף"" ע""ש ר' יוסף יזדי זצ""ל (ע""ר)",True
580293736,"והשביע בצחצחות נפשך (ע""ר)",True
580010494,"המרכז הקהילתי בתמרה ע""ש שיך זכי דיאב (ע""ר)",True
580355915,"בית כנסת בית אל עולי הודו (ע""ר)",True
580150225,"מוסדות אסטראווצע (ע""ר)",True
580264380,ליבו חפץ תפארת זלמן (ע''ר),True
580156123,"בית הכנסת שערי רחמים א' (ע""ר)",True
580379972,"חסדי ססי באוהל יצחק אלהא דמאיר ענני (ע""ר)",True
580183119,"אגודת הבאולינג  פתח תקוה (ע""ר)",True
580309185,"פורת יוסף ומנחת שי אשדוד (ע""ר)",True
580069839,"קול הדף - מכון להפקת שיעורי תורה מוקלטים  (ע""ר)",True
580206779,"רינת יעקב - רבי חיים בן דיוואן  (ע""ר)",True
580354991,"העמותה לקידום הספורט והחינוך - כאוכב (ע""ר)",True
580033413,"עטרת אהרן (ע""ר)",True
580107613,"בית מדרש עליון בני ברק - ע""י קונגרגיישן מתיבתא מיסודו של הגאון רבי ראובן גרוזובסקי ז""ל. (ע""ר)",True
580205755,"בית הכנסת היכל אלעזר-גאולת ישראל,יהוד  (ע""ר)",False
580041804,"אגודת תפארת שובו בנים אזורים נתניה (ע""ר)",False
580278349,"""זכר שלמה"" ע""ש ר' שלמה קושיצקי ז""ל",True
580375541,"מרכז החסד בעיר אשקלון אשר בארץ הקודש (ע""ר)",True
580197796,"""ידידים"" למען הנוער והחברה (ע""ר)",True
580253029,"קרן אוהל מאיר - משיבת נפש (ע""ר)",True
580047157,"מרכז קהילתי דתי לחברה תרבות וספורט ""אליצור"" נתניה (ע""ר)",False
580334878,"עתיד ביחד (ע""ר)",False
580351427,"עתיד - עמותה לתורה יוזמה ודרכים בחינוך יהודי (ע""ר)",True
580027720,"הסיירת הצפונית (ע""ר)",True
580390151,"צמח צדק צפת, בית כנסת ובית מדרש (ע""ר)",True
580344661,"האיגוד הישראלי להנדסת מערכות (ע""ר)",True
580295798,"זק""א רגע של אמת - זיהוי קורבנות אסון  (ע""ר)",True
580091395,"ידידי מקהלת העפרוני  (ע""ר)",True
580364966,"עמותה לקידום הסיוף בבאר שבע (ע""ר)",True
580052405,"טירת יוסף - המרכז לתרבות יהודית ע""ש ד""ר יוסף בורג (ע""ר)",True
580188480,"עמותת כדור סל 1990 הפועל פתח תקוה (ע""ר)",True
516090800,"אושר בכבוד  בע""מ (חל""צ)",True
580127322,"אגודת ידידי המרכז הירושלמי לבריאות הנפש כפר שאול- איתנים (ע""ר)",True
580323988,"ישיבת אבן ישראל (ע""ר)",True
580038222,"מרכז לחינוך תורני ישיבת זכרון יעקב (ע""ר)",True
580217883,"גבורת יעקב (ע""ר)",True
580012110,"המכללה הרב תחומית ברפואת שיניים  (ע""ר)",False
580355899,"קרן אש""ל שערי יושר (ע""ר)",True
580387124,"בית הכנסת שער השמים גני תקוה (ע""ר)",True
580081545,"""שבות סיני""  (ע""ר)",True
580175164,כולל שארף - עמק הלכה ד'באבוב (ע''ר),True
580106060,"עמותת חיל הים (ע""ר)",True
580276517,"יוצאי בבל בקרית אונו (ע""ר)",False
580116515,"""יידישפיל"" - תיאטרון היידיש בישראל",True
580089829,"ישע בנימין (ע""ר)",True
580188670,"עמותת מרכז קהילתי רוחני - חדוות אל - נוה אילן יבנה (ע""ר)",True
580214211,"מוסדות דור ודור (ע""ר)",True
516100070,"ארגון נהגי התחבורה הציבורית בישראל בע''מ בע""מ (חל""צ)",True
580316446,"בית הכנסת משכנות, נתניה (ע""ר)",True
580036663,"חוג חתם סופר ""זכרון מאיר"" (ע""ר)",True
580185239,"משמרת מאיר (ע""ר)",True
580038784,"""משואה"" יד לחברי תנועות הנוער הציונית בשואה ובמרי",True
580164366,"מוסדות אהבת מרדכי רוממה ירושלים (ע""ר)",True
580330447,"מועדון הכדורסל מכבי שהם (ע""ר)",False
580213775,"התאחדות או-שו (קונג-פו) בישראל (ע""ר) (.WU-SHU (KUNG-FU) FEDERATION OF ISRAEL (R.A",True
580034049,"תפארת מאיר (ע""ר)",True
580089167,"בית המדרש לרבנים על שם שכטר (ע""ר)",True
580028710,תלמוד תורה כללי והישיבה הגדולה עץ חיים בירושלים,True
580365906,"קהל פרושים בני אנשי הישוב הישן בירושלים (ע""ר)",False
580282655,"נהרי מים חיים, ישראל (ע""ר)",True
580269975,"קרן יד שמואל ותמר - מפעלי תורה וחסד ע""ש שמואל ותמר קצביאן ז""ל (ע""ר)",True
580210094,"תעשיידע- תעשייה למען חינוך מתקדם (ע""ר)",True
580049591,"תיאטרון מחול ירושלים (ע""ר)",True
580197804,"נהרות מים חיים  (ע""ר)",True
580053684,"אגודת ספורט כפר שמריהו (ע""ר)",False
580028488,"מתיבתא פנים מאירות (ע""ר)",True
580206357,"הכנסיה הבפטיסטית בטורעאן  (ע""ר)",True
580381960,"יד עזר לחבר (ע""ר)",True
580296242,"ישיבת הקיבוץ הדתי - מעלה הגלבוע (ע""ר)",True
580099919,"העמותה להנצחת חללי הנחל (ע""ר)",True
580354504,"בית המדרש ובית החסידים ברח' קהילות יעקב (ע""ר)",True
580130060,"נוה אריה (ע""ר)",True
580173987,"שלוה - האגודה הישראלית לטיפול באנשים עם מוגבלויות ושילובם בחברה (ע""ר)",True
580364875,"עמותה עירונית לקידום הספורט באזור מגידו (ע""ר)",True
580299386,"עטרת אליקים (ע""ר)",False
580277168,"ג'מעיית עוד אלנד (ע""ר)",True
580266674,"ישיבת ברכת מרדכי - ביתר עילית (ע""ר)",True
580282804,"מורשת אבות - צור יגאל (ע""ר)",True
515983393,"מימון פיננסי חברתי ישראל - פרויקט מתמטיקה בע""מ (חל""צ)",True
580276210,"מרכז קהילתי רוחני - חזון ישעיה - יבנה ע""ש הרה""ג המקובל ר' שרעבי ישעיהו זצוק""ל (ע""ר)",True
580105070,"גמילות חסדים הכללית - חיפה 982132 (ע""ר)",True
515915007,"קרן סטיבן מ. מייזל בע""מ (חל""צ)",True
580385458,"אבן ישראל - למען ילדי ישראל (ע""ר)",True
580245165,"האגודה הישראלית להומאופתיה קלאסית (ע""ר)",True
580202638,"המרכז הקהילתי האזורי חוף אשקלון (ע""ר)",True
580291193,"ציוני דרך, מרכז סיור ולימוד, מזכרת בתיה (ע""ר)",True
580277192,"קרן לבודדות  (ע""ר)",True
580135416,"עמוד האש ונר רחל (ע""ר)",True
580263184,"טף לטף-טיפוח ופיתוח הילד (ע""ר)",True
580300697,"אהבה לנזקק,  עמותה רשומה",True
580123222,"לילך - לחיות ולמות בכבוד (ע""ר)",True
580081412,"מרכז תורני קהילתי ""תפארת ישראל"" בני עי""ש (ע""ר)",True
580008266,"עזרה לקשיש ע""ש הרב זכריה ולאה פרנקפורטר (ע""ר)",True
580116093,"שיחות - כתב עת ישראלי לפסיכותרפיה (ע""ר)",True
580030161,"ישיבה ""תפארת למשה""-ע""ש רבנו משה אלשיך (ע""ר)",True
580079499,"הסתדרות הרופאים הוטרינריים בישראל (ע""ר)",True
580367563,"תורת הבית בית שמש (ע""ר)",True
580314623,"בית הכנסת שערי רחמים מלחה ירושלים (ע""ר)",True
580092252,"המועצה לקידום ערכי המורשת הישראלית (ע""ר)",False
580091486,"יד ביד אוזן קשבת עזרה לזולת מיסודה של שלי חשן (ע""ר)",True
580104511,"כולל בית משה מיסודו של הרב משה אספורמס שליט""א (ע""ר)",True
580028124,"אגודת לב אליהו (ע""ר)",True
580154060,"מרכז החישובים הבין אוניברסיטאי - מחב""א (ע""ר)",True
580047967,"מנהל קהילתי בקעה רבתי 2006 (תשס""ו) (ע""ר)",True
580317329,"פרי מגדים - מוסדות חינוך גני הדר (ע""ר)",True
580187128,"בית כנסת מגן שלמה (ע""ר)",True
580190981,"לחינוך מוזיקלי בטירת הכרמל  (ע""ר)",True
580247682,"שאו זמרה - אור אברהם (ע""ר)",True
580000552,"הקרן המרכזית למוסדות דת ,חינוך ותרבות שליד הקיבוץ הדתי (ע""ר)",True
580315463,"מקדש דוד (ע""ר)",True
580101202,"ישיבת ביאליסטוק ירושלים (ע""ר)",True
580262319,"קרן משאת משה ב'  (ע""ר)",True
580004133,"איגוד המפיקים לקולנוע וטלוויזיה בישראל (ע""ר)",True
580278562,"נאמן, נפגעי אירוע מוחי (ע""ר)",True
580011641,"תורה בציון - צדק (ע""ר)",True
580082865,"סמינר בית יעקב באר מרים, קריה חסידית חצור הגלילית (ע""ר)",True
580003440,"""נתיבות חיים"" - מרכז ע""ש החיד""א לזכרם ולעילוי נשמתם של יצחק וגרסיה עזרן ע""ה (ע""ר)",True
580132454,"התנועה המסורתית THE MASORTI MOVEMENT (ע""ר)",True
580369338,"שבילי הזהב לקהילה (ע""ר)",True
580020329,"ישיבת זכרון משה כולל לעדת ארם צובא (חלב) תל אביב (ע""ר)",True
580294221,"הקריה האקדמית אונו (ע""ר)",True
580123792,"מוסדות תפארת אוהל משה בית שמש (ע""ר)",True
580243442,"מוסדות חינוך צדקה וחסד צפת ע""ש מרן החפץ חיים זיע""א  (ע""ר)",True
580087807,"בית המדרש ""קהל חסידים"" שכונת שפירא ת""א (ע""ר)",True
580386001,"מוסדות חסד לשאול בית שמש (ע""ר)",True
580367910,ברכת מרגלית - חסד עולם (ע''ר),True
580172179,"עמותת ישורון לוד (ע""ר)",True
580282218,"אלאופק ללתקאפה ולפנון (ע""ר)",True
580119311,"בית המדרש הגבוה לתורה והוראה - ראשון לציון (ע""ר)",True
580277010,"דודאי יעקב (ע""ר)",True
580025930,"שפע - מכון ללימודים גבוהים במדעי היהדות (ע""ר)",True
580131142,"אור  תורה יהוד (ע""ר)",False
580047066,"אקים לאפוטרופסות (ע""ר)",True
510736226,"החברה הישראלית להשכרת דירות לעולים   בע""מ (חל""צ)",False
580378420,"רמות שלמה (ע""ר)",True
580340610,"פנינת המעונות (ע""ר)",True
580275725,"עמותת שועפאט למעשי צדקה  (ע""ר)",True
580000461,"תלמוד תורה וישיבת ""קרית ספר"" ובית התבשיל בעיה""ק ירושלים תובבי""א (ע""ר)",True
580376796,"קרן נר לקטי (ע""ר)",True
580068021,"בית כנסת הרשב""י ספרדים ובני עדות המזרח בני עי""ש (ע""ר)",True
580161669,"אלי עד - מרכז לפעילות חינוכית (ע""ר)",True
580369163,"קרן דעת ומוסר (ע""ר)",True
580189595,"קהילתיים - תרבות פנאי וקהילה בגבעתיים (ע""ר)",True
580053858,"כולל בית שלמה ע""ש רבינו חכם סלמןמוצפי זליהה (ע""ר)",True
580272284,"נר מרדכי (ע""ר)",True
580235018,"מרכז רוחני י""ג אשדוד היכל יצחק (ע""ר)",True
580219293,"מרכז תרבות נוער וספורט, מתנ""ס  שבלי  (ע""ר)",False
580158921,"המכון ללימודי השואה ע""ש חדוה אייבשיץ -חיפה (ע""ר)",False
580145613,"עמיחי - עזרה וסיוע למשפחות נזקקות, בני-ברק (ע""ר)",True
580081800,"מרכז חסידי קוזניץ - גרודזיסק - פיאסצנה  (ע""ר)",True
580191690,"מוסדות חינוך חב""ד ברחובות (ע""ר)",True
580067387,"לכו נרננה רעננה (ע""ר)",True
580095388,"אליצור בני-ברק (ע""ר)",False
580075273,"ישיבת משיבי חיים לבעלי תשובה ע""ש רבינו הקדוש הרב חיים בן עטר זיע""א - אשדוד (ע""ר)",True
580333011,"לב בנימין (ע""ר)",True
580257087,"מתן בסתר קרית ספר (ע""ר)",True
580011922,"איגוד השיווק הישראלי (ע""ר)",True
580304970,"עמותה לפיתוח וחדשנות בגישה מטה-אינטגרטיבית  (ע""ר)",True
580022663,"יד נחמיה מפעל לתרבות ולחינוך גופני בכפר בלום ע""ש אל""מ נחמיה ארגוב ז""ל (ע""ר)",True
580149821,"כולל ערב ציוני ע""י אבי בטיטו (ע""ר)",True
580134294,"בית אהרן ומשה - בני ברק (ע""ר)",True
580111771,"בית חב""ד ליובאוויטש רעננה שע""י צעירי אגודת חב""ד (ע""ר)",True
580245736,"העמותה לקידום התעמלות אמנותית בכפר סבא (ע""ר)",True
580073526,"זכרון חמ""ד (חכם משה דיין) (ע""ר)",True
580149540,"אקט איגוד עובדים בקולנוע ובטלוויזיה בישראל (ע""ר)",True
515909224,"מיזם קולקטיב אימפקט - השותפות לקידום תעסוקה בחברה הערבית בע""מ (חל""צ)",True
580370609,"בנתיבות החסד באה""ק (ע""ר)",True
580251882,"דיירי כפר דוד (ע""ר) (.DAVID'S VILLAGE HOMEOWNERS ASSOCIATION (R.A",False
580021095,"אגודה  למען הקשיש בקרית ים (ע""ר)",True
580329365,"מכבי יונתן אבנר הרי  (ע""ר)",True
580264810,"עמותת זכור ליעקב (ע""ר)",True
580018620,"יה""ת - יצירה הבעה תרפיה - האגודה לטיפול באמצעות אמנויות בישראל (ע""ר)",True
580389666,"מכון ישראלי לארכיאולוגיה (ע""ר)",True
580025807,"עמותת הנבל והזמיר (ע""ר)",True
580030484,"מינהל קהילתי ע""ש שאלתיאל (ע""ר)",True
580159275,"רשת דובדבן (ע""ר)",True
580208437,"אוהל עזרא ושרה ע""ש הרב עזרא עבודי אצלאן ז""ל ורעיתו שרה לולו (ע""ר)",True
580312403,"עתיד ורוד- עמותה לקידום והעצמת נוער ברעננה (ע""ר)",False
580230571,"קרן הרב משה ועמליה רוזן  (ע""ר)  THE RABBI MOSES & AMALIA ROSEN FOUNDATION (R.A.)",False
580378248,"עמותת טיגסת לקידום החינוך והתרבות למורשת הקהילה האתיופית בשדרות (ע""ר)",True
580005122,"בית המדרש למצוות הארץ יד בנימין (ע""ר)",True
580209526,"""בית העדה הדרוזית בשפרעם""",True
580011583,"ועד המקוואות בבית וגן י-ם (ע""ר)",True
580108660,"א.ל.ע.ד. - אל עיר דוד (ע""ר)",True
580111359,"תלמוד תורה ספרדי ע""ש עמוס בריח ז""ל (ע""ר)",False
580136935,"עמותת צהרונסון - צהרון-נוה מונסון (ע""ר)",False
580076115,"בית הכנסת משכן ראובן ע""ש הנדיב מר ראובן זלוף הי""ו בן חכם יחזקאל זלוף זצ""ל (ע""ר)",True
580059376,"המרכז לחינוך ולספורט ימי קיסריה (ע""ר)",True
580352136,"צדקת ציון (ע""ר)",True
580228732,"מוסדות בישטינא - באכניא (ע""ר)",True
580223485,"מוסדות צדק ושלום (ע""ר)",False
580090702,"קרן אורה - ישיבת קרית מלאכי (ע""ר)",True
580005015,"עמותת קימחא דפיסחא וחגים שע""י המועה""ד,חברון (ע""ר)",True
580050615,"עמותת חסידי חוסני אלקואסמי (ע""ר)",True
580113710,"בתי דולב לנוער (ע""ר)",True
580206225,"גמ""ח ביסודם של מאיר ויחזקאל בעיר העתיקה, ירושלים (ע""ר)",True
580359123,"מכון להוראה שירת דוד ירושלים (ע""ר)",True
580092104,"הלל וזמרה להלבשת יתומים (ע""ר)",True
580319283,"עמותה לקידום התורה שבעל פה לעם ישראל (ע""ר)",True
580017044,"כנסת הרבנים בישראל  (ע""ר)",True
580325470,"טירת ישראל (ע""ר)",True
580296622,"עצרת כל האומות ירושלים (ע""ר) ALL NATIONS CONVOCATIONS JERUSALEM",True
580027852,"עמותת דורות בלב השרון (ע""ר)",True
580268746,"כדור אור  (ע""ר)",True
580108728,"אחדות ישראל - המרכז לכל המשפחה ביכ""נ ומרכז קהילתי להפצת התודעה היהודית, קטמון (ע""ר)",False
580247807,"קרן זכויות לעולם הבא (ע""ר)",True
580207504,"בית הכנסת זכרון רבקה  (ע""ר)",True
580308740,"בדרך העולה (ע""ר)",True
580150332,"ישיבת נחלת-דוד ע""ש הרב הגאון ר' דוד סלומון זצ""ל (ע""ר)",True
580118966,"בית הכנסת הגדול בתל-אביב (ע""ר)",True
580368306,"מרום - עמותה לחנוך וקידום לקויי למידה (ע""ר)",True
580319606,"כולל אברכים ""פני מנחם"" ירושלים (ע""ר)",True
580237808,"מרכזי תמיכה משלבים מ.ת.מ. (ע""ר)",True
580169530,"עמותת לשובע (ע""ר)",True
580013035,"בית אבות הרצליה (ע""ר)",True
580079424,"מוסדות ""צמח צדק"" חב""ד ליובאוויטש ירושלים  (ע""ר)  THEMACH TZEDEK INS. CHABAD LUBAVITCH (R.A.)",False
580059111,"האגודה למען הקשיש והחברה באשדוד  (ע""ר)",True
580188894,"צ'יימס ישראל                                              (ע""ר)  CHIMES ISRAEL (R.A.)",True
580149615,"יד ברודמן (ע""ר)",True
580003358,"בית אבות מונטפיורי (ע""ר)",False
580169993,"אגודת הסטודנטים לרפואה בנגב - אסר""ן (ע""ר)",True
580026748,"מוסד סנהדריה (ע""ר)",True
580310696,"דרך עץ החיים (ע""ר)",True
580274959,"יבוס (ע""ר)",True
580076503,"""בבית"" - שירותי עזרה לקשיש בביתו (ע""ר)",True
580356178,"עמותה לקידום הספורט באשקלון (ע""ר)",False
580007383,"העמותה למען בני תורה (ע""ר)",True
580254001,"ישועות יוסף לצרפתים (ע""ר)",True
580049815,"אגודת הסטודנטים אוניברסיטת חיפה (ע""ר)",True
580028140,"ארגון יוצאי תימן - המרכז (ע""ר)",True
580283497,"אשד מים (ע""ר)",True
580364339,"ידידי ישיבת אביר יעקב נהריה (ע""ר)",True
580299600,"בית הכנסת הספרדי המרכזי סוכת שאול רמת השרון (ע""ר)",True
580329977,"מרם- מועצת הרבנות הרפורמית בישראל (ע""ר)",True
580020527,"אגוד יבואני הרכב בישראל (ע""ר)",False
580002814,"בית כנסת ""משכנות-ישראל בלוד (ע""ר)",True
580019446,"בית היתומות הכללי ירושלים (ע""ר)",True
580097699,"קלוב התעופה לישראל - טיסנאות (ע""ר)",True
580093292,"מעלה נבו  (ע""ר)",True
580172419,"אגודת פאר הנצח (ע""ר)",True
580255982,"""אגדן"" - אירגון גימלאי דן (ע""ר)",False
580070811,"יד זכרון לרב אברהם ולרבנית בלומה בן ישעיהו ז""ל  (ע""ר)",True
580315893,"מיטב לקידום תרבות הספורט - אילת (ע""ר)",True
580312817,"מתן - סיוע בצדקה ברמת הגולן (ע""ר)",True
580153500,"מתקני הנופש והספורט מגדלי אביב ברמת אביב בתל אביב (ע""ר)",False
580225787,"מדרש כתר תורה לעולי מצרים (ע""ר)",True
580211878,"מכלול - תכנית תורנית מדעית (ע""ר)",True
580244705,"ישיבת חברון ""כנסת ישראל"" גבעת מרדכי (ע""ר)",True
580013589,"אגודת קרן אורה בכרמיאל (ע""ר)",True
580264844,"מרכז חינוכי - בנות מוריה (ע""ר)",True
580272011,"מסע ישראלי (ע""ר)",True
580012607,"י.ע.ל. בני ציון - יד עזר למרכז הרפואי בני ציון (ע""ר)",False
580050987,"התחברות הבשורה לילדים (ע""ר)",True
580051514,"בית כנסת ""היכל רפאל"" מיסודם של אהל רחל ורפאל ויפה קולדנוף  (ע""ר)",True
580184612,"מוסדות קרלין סטולין בביתר בנשיאות כ""ק  מר""ן אדמו""ר מקרלין סטולין שליט""א (ע""ר)",True
580299477,"בית הכנסת המרכזי נחשולי-ים (ע""ר)",False
580375467,"ביחד - תנועת בעלי התשובה בישראל (ע""ר)",True
580349785,"חסד לחיים באריאל (ע""ר)",True
580178432,"העמותה לפיתוח וקידום רהט (ע""ר)",True
580226751,"בנין אריאל (ע""ר)",True
580130714,"עמדא- עמותה לחולי דמנציה, אלצהיימר ומחלות דומות בישראל (ע""ר)",True
580346377,"אהל שרה ובאר מרים (ע""ר)",True
580052736,"קרן נכי צה""ל (ע""ר)",True
580215846,"תיאטרון ארצי מייסודו של סמי לוי (ע""ר)",True
580327294,"אלף לדורות ירושלים (ע""ר)",True
580371821,"בית כנסת ""חזון יחזקאל"" מבשרת ציון (ע""ר)",True
580292720,"אישי ישראל  (ע""ר)",True
580035103,"בית הכנסת ""אהל רחל"" ליוצאי לוב ברמת גן (ע""ר)",False
580283646,"בית המדרש לתורה ולתפילה ""היכל יצחק"" קרית ספר (ע""ר)",True
580095776,"""אל רם ונישא""  בית-כנסת",True
580017077,"מרכז תרבות וספורט כרמיאל (ע""ר)",True
580329407,"שער התורה אלעד (ע""ר)",True
580130664,"האגודה לחינוך ותרבות דרך חיוך נתינה ואהבה (ע""ר)",True
580307585,"בית מדרש תורני לאומי גבעת שרת בית שמש (ע""ר)",True
580486637,"ישיבת הר שלום (ע""ר)",True
580367480,"רביבי ישראל (ע""ר)",True
580385136,"בריא ושלם (ע""ר)",False
580347086,"קולנוע יהודי תורת החיים (ע""ר)",True
580311439,"סולחה - תנועה לשלום  (ע""ר)",True
580137073,בית כנסת אבות ובנים עמידר נתניה,True
580298297,"מרכז תורני ע""ש שי עוזאני ז""ל (ע""ר)",True
580010650,"מינהל קהילתי גינות העיר (ע""ר)",True
580055606,"מכון למורים לחינוך העצמאי (ע""ר)",True
580177384,"גולן - לפיתוח הכפרים הערביים (ע""ר)",True
580021392,"אגודה לעזרה הדדית בין עובדי חב' החשמל במרחב הדרום (ע""ר)",False
580123412,"מוסדות שערי יושר (ע""ר)",True
580014025,"מעין התורה והמרכז הרוחני לתורה ותפילה על-שם רבי ישמעאל כהן הגדול (ע""ר)",True
580261279,"קהילה בקיי  (ע""ר)",True
580037745,"בית הגפן המרכזי הערבי יהודי לתרבות חברה נוער וספורט (ע""ר)",True
580036267,"""ימין אורד"" כפר ילדים דתי ע""ש צ'רלס אורד וינגיט (מיסודן של הסתדרות הפועל המזרחי והמחלקה לעלית ילדים ונוער של הסוכנות היהודית)",True
580049773,"כולל צאנז ירושלים (ע""ר)",True
580077964,"מוזיאון עתיקות הגולן (ע""ר)",True
580012334,"האיגוד הישראלי למדעי המעבדה הרפואית (ע""ר)",False
580041887,"ברית יוצאי מרוקו בישראל (ע""ר)",True
580285237,"חסדי ביילה (ע""ר)",True
580056489,"נתיביה - צדקה וקהילה  (ע""ר)",True
580014462,"אגודה להנצחת זכרם של ש. אפרת ז""ל ו-ש. נחליאל ז""ל (ע""ר)",True
580298313,"חסדי רבי דוד ומשה (זיע""א) הנאמנים באר שבע (ע""ר)",True
580152668,"ינובון בשיבה (ע""ר)",True
580313062,"אושר - התנועה לקידום ערכים וכישורי חיים בישראל  (ע""ר)",False
580015212,"עדת שלום - עמנואל (ע""ר)",True
516094877,"משקיעים בחסד בע""מ (חל""צ)",False
580099521,"קרן באר-שבע לפיתוח (ע""ר)",True
580314698,"תלמוד תורה יסדת עוז קדומים (ע""ר)",True
580105880,"אדם - לקידום אמנות-החינוך מתוך האנטרופוסופיה (ע""ר)",True
580308070,"מכינת ""חוסן"" פדואל (ע""ר)",True
580016145,"עמותת ארתור רובינשטיין הבינלאומית למוזיקה (ע""ר)",True
580274371,"בית הכנסת שערי תפילה, שערי תקוה (ע""ר)",True
580327484,"בניה ופיתוח בית כנסת ""אהבה ואחוה"" - חולון (ע""ר)",True
580223113,"מוסדות אוהל יעקב ע""ש המוהל הצ' ר' יעקב ששון זצ""ל (ע""ר)",True
580144525,"מכון אברהם לפעילות ספרותית ורוחנית (ע""ר)",True
580225423,"בית ילדים נווה חנה (ע""ר)",True
580043388,"בית כנסת חסד ואמת שכונת בן-ציון נתניה (ע""ר)",True
580050441,"חסד אחים בני ברק (ע""ר)",False
580319457,"מוסדות ומפעל החסד בית שמעיה (ע""ר)",True
580139061,"המרכז למוסיקה מן המזרח (ע""ר)",True
580038321,"קרית רשב""י ומוסדותיה ""ישיבת רבי שמעון בר יוחאי"" מירון (ע""ר)",True
580189025,"עמותה לתיירות בגליל המערבי AMUTA OF WESTERN GALILEE TOURISM (ע""ר)",True
580143832,"בית הכנסת הספרדי קרית אליעזר  (ע""ר)",True
580307411,"מועדון הכדורסל הוד השרון (ע""ר)",True
580102275,"""עמית"" - העמותה לרווחת האזרח הותיק בנס-ציונה (ע""ר)",True
580216422,"האיגוד לפרשנות התלמוד  (ע""ר)",False
580250942,"קבוצת ותיקי אשקלון - כדורגל (ע""ר)",False
580035319,"מחדשי הישוב היהודי בחברון (ע""ר)",True
580091155,"ארגון יוצאי פרס בירושלים (ע""ר)",True
580239234,"מרכז רוחני ""מאור החיים"" מצפה העמק (ע""ר)",True
580045409,"תלמוד תורה קרית הרצוג (ע""ר)",True
580099406,"אגודת ידידי ישיבת הגאון מטשעבין ""כוכב מיעקב""  (ע""ר)",True
580014983,"לביא - העמותה העירונית לפיתוח החינוך בירושלים (ע""ר)",True
580344182,"קהילת ברכת שלום בקבוץ גזר (ע""ר)",True
580334480,"קרן נצרת (ע""ר)",True
580352011,".I-S.K.I.F חדרה - העמותה לאמנויות לחימה (ע""ר)",True
580092120,"האות הבינלאומי לנוער ולצעירים ישראל (ע""ר)",True
580126415,"הועד להקמת בית הכנסת אלגריבה ומרכז רוחני תרבותי ליהדות תוניסיה בירושלים (ע""ר)",True
580121952,"רשת מעיין החינוך התורני בא""י בני יוסף (ע""ר)",True
580148047,"נר לרחל ובניה ע""ש רחל וייס ושלושת בניה, נתנאל, רפאל, אפרים, הי""ד (ע""ר)",True
580265205,"ארגון הגמלאים של עירית ירושלים  (ע""ר)",True
580301240,"גמ""ח בית שלום ישראל, בנתניה (ע""ר)",False
580040418,"פלך (ע""ר)",True
580341261,"ברכת שלום ומרים (ע""ר)",True
580139434,"עמותת בית הכנסת הראל בהר אדר (ע""ר)",False
580008514,"היהדות הקראית העולמית (ע""ר)",True
580385615,"התאחדות קבלני השיפוצים שיקום שימור ושדרוג מבנים בישראל (ע""ר)",False
580241438,"דרך-אל, אגודה ישראלית להכרת שורשים מקראיים DERECH-EL ISRAELI ASSOCIATI0N FOR AWARENESS OF BIBLICAL ROOTS (ע""ר)",True
580369015,"מכבי - מועדון טניס לצעירי הרצליה (ע""ר)",True
580131456,"בית חב""ד אור יהודה שע""י צעירי אגודת חב""ד (ע""ר)",True
580324689,"קופה של צדקה וחסד - רמת שלמה- ירושלים (ע""ר)",True
580001832,"""הגדעונים"" אגודה לשיקום שיחזור ופיתוח זכרון יעקב",True
580033397,"אגודת ידידי בית התפוצות בישראל (ע""ר)",True
580183861,"איגוד מנהלי קרנות להשקעות בנאמנות  (ע""ר)",True
580268936,"העמותה לקידום הכדורסל בירושלים על שם צחי אידליץ (ע""ר)",False
580097889,האגודה הישראלית לצוותי שיפור ושש סיגמא (ע''ר),True
580327500,"מעלה- עסקים מנהיגים אחריות חברתית (ע""ר)",True
580006047,"תנועת המושבים בישראל (ע""ר)",False
580363919,"חב""ד אלעד (ע""ר)",False
580119204,"כולל אברכים - קול יהודה - ע""ש יהודה בן דוד מוראדי ז""ל (ע""ר)",True
580252328,"המרכז הקהילתי תורני ע""ש וסרמן  (ע""ר)",True
580330546,"בית יוסף, הדר גנים (ע""ר)",True
580085751,"""תשב""ר הרב"" רכסים (ע""ר)",True
580048676,"האגודה הישראלית לאסטרונומיה (ע""ר)",True
580359339,"מוסדות ביאלא - מודיעין עילית (ע""ר)",True
580185247,"מועדון הגורן (ע""ר)",False
580373066,"פותחים שער (ע""ר)",False
580229656,"העמותה למען הזקן באשכול (ע""ר)",True
580356327,"קרן קשת (ע""ר)",False
580346674,"נצח ישראל - לעילוי נשמת יהודה בן ג'ולייט ז""ל (ע""ר)",True
580030963,"האגודה הישראלית לכפרי ילדים אס.או.אס. (ע""ר)",True
580251635,"איטה - האגודה הישראלית לטיפול התנהגותי (ע""ר)",False
580313930,"אור רחל ע""ש רחל טובי ז""ל (ע""ר)",True
580365773,"מרכז יחודא-עילאה (ע""ר)",True
580310076,"עמותת רעים - הוד השרון (ע""ר)",True
580231587,"אבני נזר חכמה (ע""ר)",True
580065902,"י""ב שבטי ישראל - ראשון לציון (ע""ר)",False
580129369,"ישראל הצעיר נוה עליזה (ע""ר)",True
580190171,"בית כנסת אגודת אחים - מגן דוד כפר-גבירול (ע""ר)",True
580208825,"חברה קדישא חסדי דוד ליוצאי בוכרה מיסודו של הרב דוד ניסנוף זצ""ל (ע""ר)",True
580282523,"מכון התורה והמדינה על שם הרב שאול ישראלי זצ""ל (ע""ר)",True
580356764,"העמותה לקידום טיפוח והנחלת מורשת יחידת דובדבן (ע""ר)",True
580150811,"בית כנסת רמב""ם כפר אברהם פתח תקוה  (ע""ר)",True
580266906,"עמותת דיירי לוד הצעירה  (ע""ר)",False
580126738,"בית יוסף ורחמים דיין (ע""ר)",True
580011567,"האגודה לזכויות האזרח בישראל (ע""ר)",True
580250231,"המכללה האקדמית אחוה (ע""ר)",True
580245611,"בית כנסת אוריה  (ע""ר)",True
580256204,"בית חב""ד גן יבנה שע""י צעירי אגודת חב""ד - המרכז (ע""ר)",True
580315604,"קול סיני (ע""ר)",True
580048155,"הישיבה וכולל אברכים בית אליהו - גני תקוה (ע""ר)",True
580032779,"עמותה למען הקשיש בחולון (ע""ר)",True
580160901,"מרכז רכיבה טיפולית - העמק  (ע""ר)",True
580032621,"מוסדות קול ירושלים בית מדרש גבוה לתלמוד והוראה (ע""ר)",True
580297414,"תיאטרון מוסיקלי לילדים (ע""ר)",False
580344513,"קהילת ישועת דוד קרית בנין שלם אחוזת ברכפלד (ע""ר)",True
580067320,"הבונים דרור (ע""ר)",True
580286755,"בארות בת עין (ע""ר)",True
580207033,"מפעל קליטה לעולים חדשים שע""י כולל חב""ד (ע""ר)",True
580044048,"בית מדרש גבוה לתורה תפארת נתניה יד משה (ע""ר)",True
580161446,"האגודה הישראלית לאנדוקרינולוגיה (ע""ר) (ISRAEL ENDOCRINE SOCIETY (REGISTERED AMUTA",True
580069250,"אגודת אולפנת נוה-דקלים (ע""ר)",True
580336543,"משכן לדוד (ע""ר)",True
580114957,אלעוליא ללעולום (ע''ר),True
580152098,"תנועת בית יעקב- קרן חינוך ופיתוח (ע""ר)",True
580036390,"""תלמוד תורה בית דוד ושלמה"" (ע""ר)",True
580011740,"ישיבת הגאון מטשעבין כוכב יעקב י-ם (ע""ר)",True
580220309,"""כולל מהרש""ם"" (ע""ר)",True
580133932,"כולל עליות אליהו לתאפרת התורה בירושלים (ע""ר)",True
580101624,"נחלת ש""י ע""ש שמואל לשם ז""ל ויוסף לוי הי""ד (ע""ר)",True
580225985,"המרכז לישיבות וכוללים שע""י ""אור-החיים"" (ע""ר)",True
580248490,"""שער ירחמיאל"" (ע""ר)",True
580373256,"אש""ל לוד (ע""ר)",True
580156271,"עטרת חכמים (ע""ר)",True
580027423,"מכון אוצר ערכי התורה (ע""ר)",True
580319259,"אירגון גימלאי מבטחים (ע""ר)",True
580013134,"בית כנסת בית ניסים (ע""ר)",True
580265163,"בעצמי (ע""ר)",True
580011500,"בית הספר הפרטי איברהימיה (ע""ר)",True
580107977,"קידום נתיב האמן (ע""ר)",True
580060192,"אגודה ציבורית לקדום תרבות ומוסיקה באשדוד אקדמא  (ע""ר)",True
580153880,"תנועת מחשבת הדור (ע""ר)",True
580215358,"מכון שער המשפט (ע""ר)",True
580379535,"תנא דבי אליהו (ע""ר)",True
580235760,"אהל רבינו יונתן ובלומה (ע""ר)",True
580248458,"ישיבת מיר לצעירים (ע""ר)",True
580345627,"ארגון קבלני הנגב (ע""ר)",True
580002210,"תורת-חיים -נתיבות (ע""ר)",True
580323855,"מרחבים - המכון לקידום אזרחות משותפת בישראל (ע""ר)",True
580018851,"האגודה למען העיוור, נפת רחובות (ע""ר)",True
580218899,"צהר - חינוך ניסויי  (ע""ר)",False
580080612,"אהל תורה - רמת אלחנן (ע""ר)",True
580182921,"בית הכנסת אהל יצחק - נס ציונה (ע""ר)",False
580183291,"בית כנסת ובית מדרש בגבעת הולילנד ע""ש משה אהרון ואשתו מרים מוזס ז""ל (ע""ר)",True
580299683,"מגן - מרכז גוף ונפש (ע""ר)",True
580304830,"מזמור שיר (ע""ר)",False
580262020,מרכז גוננים אחיסמך לישראל (ע''ר),True
580063659,"המכללה האזורית אשקלון (ע""ר)",True
580067262,"סב יום- עמותת ותיקי עמק יזרעאל (ע""ר)",True
580108686,"ישיבת סוכטשוב ירושלים (ע""ר)",True
580365625,"עמותה לאומנות קרב ישראלית נגד אלימות רחוב (ע""ר)",False
580270163,"אוצרות שלמה להוצאת וההדרת כתבי מרן הגרש""ז אויערבאך זצ""ל (ע""ר)",True
580085116,"קול רינה, שעורי תורה (ע""ר)",True
580049567,"ארגון יוצאי דויד הורודוק והסביבה בישראל (ע""ר)",False
580386092,"עמותת מועדון ספורט חינוך אל פחם (ע""ר)",True
580238970,"נקודת צמיחה (ע""ר)",True
580346195,"נכי ישראל - אנשים מקבלים-נותנים (א.מ.ן.) (ע""ר)",True
580079887,"בת-דור באר-שבע - מרכז עירוני לאמנות המחול BAT DOR MUNICIPAL DANCE CENTER-BEER-SHEVA (ע""ר)",True
580260123,"יהי חסדך (ע""ר)",True
580226397,"אגודת הסטודנטים והסטודנטיות של המכללה האקדמית עמק יזרעאל (ע""ר)",True
580217826,"מועדון איגרוף ירושלים (ע""ר)",True
580015055,"דרור - בתי חינוך ע""ש גימנסיה דרור - החלוץ (ע""ר)",True
580118693,"אורות יהדות המגרב - מכון לחקר הקהילות והמורשת הרוחנית של יהדות המגרב במרוקו אלג'יר טוניס ולוב (ע""ר)",True
580028611,"מרכז קהילתי גוננים (ע""ר)",False
580037927,"עמותה ישיבת נחלת משה (ע""ר)",True
580285609,"מינהל קהילתי של השכונות: גבעת המבתר, הגבעה הצרפתית, צמרת הבירה ורמות אשכול (ע""ר)",True
580318921,"תחבורה - היום ומחר, הארגון הישראלי לתחבורה בת-קימא (ע""ר)",True
580360816,"בית כנסת קול אליהו שכונת רבין כרמיאל (ע""ר)",False
580166742,"בית מאיר, פג'ה עירוני, פתח תקוה (ע""ר)",True
580191237,"קהילת יוצאי טוניס ולוב - בית הכנסת המרכזי ""אוזן"" ע""ש רבי חי טייב ראשל""צ  (ע""ר)",False
580071181,"בית לפליטות - מעון ומחסה ליתומות ופליטות (ע""ר)",True
580160422,"עמותה לניהול נכסי קרן ההנצחה ע""ש יוסף וקרולין גרוס (ע""ר)",True
580080240,"אגודת ""מגן אברהם בן יוסף""  (ע""ר)",True
580279040,"שערי תורה שע""י אחוד בני הישיבות בית שמש (ע""ר)",True
580198976,"שוחרי סמינר תורני לבנות אופקים (ע""ר)",True
580010015,"מכון הלכה ברורה וברור הלכה (ע""ר)",True
580228161,"לטם - טבע נגיש לכולם (ע""ר)",True
580040343,"תנועת בני עקיבא בישראל (ע""ר)",True
580365120,"מרכז קהילתי - מתנ""ס אבן יהודה (ע""ר)",True
580069300,"""תפארת אבות"" ע""ש הרה""ח ר' מנדל ברנדויין טבריה (ע""ר)",False
580049526,"""נר ישראל"" בית אולפנא לצעירים מצטיינים",False
580252930,"חסדי ישורון (ע""ר)",True
580257327,"אבדאע - עמותה לקידום האמנויות במגזר הערבי (ע""ר)",True
580295491,"""מרום"" - מגשימים מסורתיים (ע""ר)",True
580373306,"ליונס ישראל (ע""ר)",True
580246890,"נוה הספר (ע""ר)",True
580038552,"מוסדות מאור חיים ע""ש כ""ק האדמו""ר מוהר""ח מויזניץ זצ""ל (ע""ר)",True
580225563,"קהילת מבשרת ציון (ע""ר)",True
580273662,"אור דוד ע""ש האדמו""ר מטאלנא זצ""ל (ע""ר)",True
580067486,"אורות ממזרח  (ע""ר)",True
580010536,"מכון הכתב (ע""ר)",True
580016103,"אגודה לבריאות הציבור (ע""ר)",True
580031243,"קהילת מוריה, חיפה (ע""ר)",False
580254589,"בית הכנסת דרכי שלום רובע ז' (ע""ר)",True
580000347,"קרן משפחת אייזנברג לגמ""ח ע""ש אלה בת ר' שלמה ע""ה (ע""ר)",True
580168045,"לשכת תל אביב של חשבונאים יועצי מס מוסמכים  (ע""ר)",True
580331718,"קרן עזרת מנחם (ע""ר)",True
580125870,"אוהל ראובן (ע""ר)",True
580163343,"בית המדרש ""בית אריאל"" רחובות (ע""ר)",True
580319424,"לומדי תורה בביתר עילית (ע""ר)",True
580072411,"אופק - מינהל קהילתי גילה (ע""ר)",True
580151967,"שומרי משפט רבנים למען זכויות האדם (ע""ר)",True
580277713,"העמותה לחבר הותיק דורות זבולון (ע""ר)",True
580074581,"אגודת נפש החיים שע""י מרכז קהילתי ""תפארת למשה"" (ע""ר)",True
580373058,"אמרי שלמה (ע""ר)",True
580307080,"בית כנסת ""אוהל יונתן"" - נתניה (ע""ר)",True
580216943,"מועדון סייף ואגרוף - מכבי נתניה (ע""ר)",True
580351211,"אורות-אביב (ע""ר)",False
580270114,"אגודת הסטודנטים של מדרשת רופין (ע""ר)",True
580153997,"מכון ריבקין (ע""ר)",True
580186427,"גיל הזהב - אור עקיבא (ע""ר)",True
580161032,"איגוד ספורטיבי אליצור כוכב יאיר (ע""ר)",True
580366912,"סבא ג'ק - מרכז לטיפול חוויתי משולב (ע""ר)",True
580360279,"המרכז לסגני הרשויות המקומיות בישראל מיסודו של מר עוזי כהן ז""ל (ע""ר)",True
580224160,"ישיבת חזון גבריאל - בית מדרש לתורה ולהוראה  (ע""ר)",True
580246825,"בתי מדרש ומוסדות אמרי שפר  (ע""ר)",False
580248342,"עמותת אליצור ""מייסדים"" כרמיאל (ע""ר)",True
580342731,"קופת מלווה ע""ש הרב אוסטרובסקי ורב ישראל יעקב הכהן שפנר (ע""ר)",True
580220580,"מרכז ספורט לנכים (ע""ר)",True
580186336,"ישיבת השלום (ע""ר)",False
580197903,"הפועל אחוה חיפה (ע""ר)",True
580366979,"עמותת עובדי המחקר ברפא""ל (ע""ר)",False
580328839,"פתחון לב (ע""ר)",True
580023273,"ההסתדרות ישרון ירושלים (ע""ר)",True
580210243,"שמע קולנו - מרכז ארצי שיקום והדרכה ללקויי שמיעה (ע""ר)",True
580008589,"מוסדות ישיבת כסא רחמים ספרדית (ע""ר)",True
580359453,"למען תורה לשמה (ע""ר)",True
580279545,"מעוז תורת אסף (ע""ר)",True
580007953,"בית ספר תיכון חדרה (ע""ר)",True
580338283,"מאור החיים אילת (ע""ר)",True
580198760,"ישיבת נהר שלום - מקובלים  (ע""ר)",True
580229771,"מכון הברמן למחקרי ספרות (ע""ר)",True
580242154,"נזר אברהם, יבנה (ע""ר)",True
580072106,"החוג למוסיקה קמרית בחיפה (ע""ר)",False
580326171,"גואל ישראל נהריה ע""ש רבי ישראל אבוחצירא זצ""ל (ע""ר)",True
580044378,"קלי""ק- קהילה למען יזמות לקשישים (ע""ר)",True
580177509,"ברכת רבקה (ע""ר)",True
580161867,"כולל אברכים ובית המדרש קהל קדושים קהלת בעקעש - טשאבא והסביבה (ע""ר)",True
580016301,"העמותה למען הקשיש והעיוור מעלות תרשיחא (ע""ר)",True
580212660,"תלמוד תורה  ויז'ניץ  קרית ויז'ניץ (ע""ר)",True
580021939,"ישיבת הר עציון גוש עציון (ע""ר)",True
580223931,"גנזי דוד  (ע""ר)",True
580012268,"אגודת הסטודנטים לחקלאות בישראל (ע""ר)",True
580393403,"וראה בטוב ירושלים (ע""ר)",True
580387918,"בית סימן אברהם (ע""ר)",False
580298511,"נר לאלף (ע""ר)",True
580027373,"קהילת אשל אברהם (ע""ר)",True
580239267,"הפועל לקידום השחמט  והספורט במשולש (ע""ר)",False
580332153,"הפועל מועדון נווה דוד חולון כדורגל (ע""ר)",True
580388585,"שמחת הלב- איגוד הליצנים הרפואים - טיפולים (ע""ר)",True
580062164,"מוסדות פיטסבורג ""צדקת יוסף"" אשדוד (ע""ר)",True
580043297,"עזרא תנועת הנוער התורני לאומי בארץ-ישראל (ע""ר)",True
580032571,"אגודת ידידי התיאטרון הלאומי הבימה (ע""ר)",True
580013910,"מרכזים קהילתיים פתח תקוה (מקפת) (ע""ר)",True
580055473,"ישיבת בני עקיבא מעלות יעקב ישיבת הסדר קרית מרקין (ע""ר)",True
580069987,"בית הכנסת ""כנפי נשרים"" חולון (ע""ר)",True
580387132,"עמותת ילדים מחייכים (ע""ר)",False
580354934,"אל נתיב האור (ע""ר)",False
580363513,"ביה""כ חניכי הישיבות ביתר עילית (ע""ר)",True
580276590,"עמותת בית הכנסת המרכזי ה""שטיבלך"" קטמון (ע""ר)",True
580287126,"מדרשת הרובע בעיר העתיקה בירושלים (ע""ר)",True
580307106,"משנת שמעון תנעמי (ע""ר)",True
580244879,"איגוד הקשתות בישראל (ע""ר)",True
580045383,"מרכז רוחני פאר ישראל אשקלון ע""ש הבבא סאלי (ע""ר)",True
580156420,"הקרן לעזרה הדדית לישובי הגולן (ע""ר)",True
580037489,"""המעין""  בנגב",True
580012904,"י.ע.ל.-מרכז רפואי ברזילי  (ע""ר)",False
580352300,"ת""ת הגבעה הדרומית (ע""ר)",True
580185114,"צהר עכו - מרכז להפצת יהדות (ע""ר)",True
580107225,"קרן לעזרה הדדית של העובדים בבנק מזרחי טפחות בע""מ (ע""ר)",True
580151496,"חן המקום (ע""ר)",True
580371060,"חיואר לחינוך אלטרנטיבי (ע""ר)",True
580139459,"בית הכנסת תל גנים (ע""ר)",True
580374528,"אלמונא (ע""ר)",False
580335883,"כולל לומדי שלם שעל יד ציון שמעון הצדיק (ע""ר)",True
580049013,"מוסדות קונטרס  (ע""ר)",False
580009181,"ישיבת ""שפתי צדיק"" קריה חסידית חצור הגלילית (ע""ר)",True
580295756,"התאחדות חניכי תפרח (ע""ר)",False
580210540,"שיח מיכאל (ע""ר)",True
580256063,"מרכז חינוכי בקרית הרי""ם לוין, ת""א (ע""ר)",True
580325488,"ברק 188 - משפחות וחברים לרווחה והנצחה  (ע""ר)",True
580340347,"אמב""י - ארגון מגמגמים בישראל (ע""ר)",True
580137362,"העמותה לקידום סיעוד קרדאלי וטיפול נמרץ בישראל (ע""ר)",True
580363893,"לראות את מלכנו (ע""ר)",False
580320703,"העמותה לתמיכה נפשית לחברות חללי צה""ל (ע""ר)",True
580224905,"ארגון חמה להפצת תרבות בין העמים (ע""ר)",True
580012649,"ישיבת מסילת התורה (ע""ר)",True
580163657,"בית כנסת רמת אשכול, חיפה (ע""ר)",True
580153070,"בית הכנסת משכן ישראל - כפר גנים (ע""ר)",True
580319838,"אגודת הסטודנטים המכללה האקדמית להנדסה בראודה כרמיאל (ע""ר)",True
580066934,"הסתדרות צעירי אגודת ישראל הנוער האגודתי בארץ ישראל (ע""ר)",True
580296697,"מכון להנחלת ההלכה (ע""ר)",True
580037919,"ישיבת ""כף החיים"" (ע""ר)",True
580285658,"אגאפה (ע""ר)",True
515977809,"מעצמה בקהילה   בע""מ (חל""צ)",True
580277309,"קו-לרחל (ע""ר)",True
580255198,"בית הכנסת כל ישראל חברים בקרית ראשון  (ע""ר)",True
580211225,"אגודת הסטודנטים והסטודנטיות האקדמית גליל מערבי (ע""ר)",False
580034213,"קהילת ידידיה (ע""ר)",True
580337723,"בית מדרש בית יוסף חיים ע""ש יוסף בוסקילה זצ""ל (ע""ר)",True
580216927,"שאילת לב (ע""ר)",True
580287217,"בית אליהו - קהילה משיחית (ע""ר)",True
580140705,"נר למאור החיים (ע""ר)",True
580257145,"מרכז שיקום גראבסקי (ע""ר)",True
580066397,"מוסדות נר דוד (ע""ר)",True
580176220,"אילן ונופו - יד לראשונים ולבנים (ע""ר)",True
580142719,"חזון עמוס - לוד (ע""ר)",True
580006484,"אור לתורה ישמח משה (ע""ר)",True
580119188,"יד הרב הרצוג - איחוד מפעלים תורתיים-ספרותיים - אמ""ת - בירושלים (ע""ר)",True
580226165,"יעל - סיעוד (ע""ר)",True
580188100,"בית הכנסת ישראל הצעיר פתח תקוה (ע""ר)",True
580210664,"עמותה לסיוע לנזקקים מבין עובדי המינהל של אוניברסיטת חיפה  (ע""ר)",False
580337137,"ביית אלמוסיקה שפרעם (ע""ר)",True
580307957,"מעלות בית יעקב - סמינר (ע""ר)",True
580110690,"בית רבינו חנה מקאלאשיץ  (ע""ר)",True
580103299,"מתנ""ס גדרה - מרכז תרבות, נוער וספורט גדרה (ע""ר)",True
580067379,"עמותת גבורות (ע""ר)",True
580360774,"עסקים למען ילדים - על""י (ע""ר)",False
580152684,"הקרן לעידוד יוזמות חינוכיות בהוראה (ע""ר)",True
580325553,"אור ואחוה ע""ש אלישע שושני ז""ל וע""ש רפאל אפללו ז""ל (ע""ר)",False
580082303,"עזרת נשים בי""ח ע""ש הרבנית הרצוג (ע""ר)",True
580373835,"חיבה - ארגון הגנים הפרטים בישראל  (ע""ר)",True
580300788,"יד לכל אדם (ע""ר)",True
580007086,"האגודה למען הקשיש דימונה (ע""ר)",True
580381713,"קרן אחיעזר אחיסמך קרני שומרון רבתי (ע""ר)",True
580214021,"עמותת המרכז הטכנולוגי במשולש הדרומי יפו,לוד ורמלה (ע""ר)",True
580057800,"דבר שמואל  (ע""ר)",True
580154516,"שובו אלי (ע""ר)",True
580367845,"ארגון ""שפרה ופועה"" - חיפה (ע""ר)",True
580041770,"אורות הגליל (ע""ר)",True
580183523,"האגודה הנצרתית לאמנות (ע""ר)",True
580254019,"איגוד ספורטיבי דתי אליצור, סניף צפון נוה דוד רמלה, עמותה לקידום כדורסל ברמלה (ע""ר)",True
580068476,"אגודת בית כנסת אבשלום ומשכן ברך ואוסנת איסחרוב רמלה (ע""ר)",False
580084036,"""מגן אברהם"" ע""ש הנדיב ר' אברהם מצרי ז""ל (ע""ר)",False
580255875,"מתנ""ס עמק המעיינות (ע""ר)",False
580368033,"קהילת אוניברסל (ע""ר)",False
580380780,"עמותה לקידום ההאבקות והג'ודו ברחובות (ע""ר)",True
580341311,"שעלי תקווה (ע""ר)",True
580007102,"תאגיד הבריאות ליד המרכז הרפואי תל-אביב  (ע""ר)",True
580356749,"בית הכנסת שירת גנים ירושלים (ע""ר)",True
580388379,"ישיבת נצר מטעי (ע""ר)",True
580070563,"הועד המוסלמי למטרת הצדקה תרשיחא (ע""ר)",False
580011146,"אמונה-תנועת האשה הדתית לאומית (ע""ר)",True
580316560,"הגרעין התורני בלוד (ע""ר)",True
580202091,"אנסמבל עתים (ע""ר)",True
580201655,"בית מאיר וגבריאל (ע""ר)",True
580134336,"קרן ד.ק.ל.י.ם (ע""ר)",True
580288470,"העמותה האיסלאמית למען יתומים ונזקקים  (ע""ר)",False
580311173,מו''פ אזורי מזרח: יו''ש ובקעת הירדן (ע''ר),True
580202216,"עמותת הרמב""ם אריאל (ע""ר)",True
580376697,"היכל שלמה אילת (ע""ר)",True
580065357,"בית הכנסת הר צבי ע""ש מרן הגרצ""פ פרנק זצ""ל  (ע""ר)",True
580301505,"בינה ודעת (ע""ר)",True
580266120,"מכון משנת רבי עקיבא (ע""ר)",False
580102333,"מכון רמח""ל ע""ש רבי משה חיים לוצאטו זצ""ל (ע""ר)",True
580089936,"החברה הישראלית לכימיה  (ע""ר)",True
580020147,"לשכת המסחר ישראל אמריקה הלטינית ספרד ופורטוגל (ע""ר)",False
580072205,"""היכל מרדכי"" ע""ש המקובל הצדיק הרה""ג ר' מרדכי שרעבי זצ""ל (ע""ר)",True
580175099,"קהילת הכרם בכרמיאל (ע""ר)",True
580057966,"הדסה - ישראל (ע""ר)",True
580210417,"ישיבה וכולל יגדיל תורה באשדוד (ע""ר)",True
580382463,"עמותת ""מכבי"" באר-שבע בראשות אבוקסיס מוטי (ע""ר)",True
580273696,"עמותת ידידי בית""ר רמת גן - כדורגל (ע""ר)",True
580352334,"מפעלות שמחה (ע""ר)",True
580376176,"מקווה מטהר (ע""ר)",True
580145480,"עמותת גימלאי קרן מקפת בישראל (ע""ר)",True
580271385,"מדרשת חיי משה (ע""ר)",True
580289544,"מוסדות מעשה חייא (ע""ר)",True
580372860,"קרן חינוך - בי""ס עפרה (ע""ר)",True
580325751,"מוסדות בני יעקב - בד""ץ ובית הוראה ""שבט הלוי"" (ע""ר)",True
580290351,"מאורות זרחו (ע""ר)",False
580301174,"תאגיד הבריאות ליד המרכז הרפואי וולפסון (ע""ר)",True
580009546,"מכון ירושלים בתי מדרש לאברכים (ע""ר)",True
580363083,"רינת התלמוד - מוסדות תורה וחינוך (ע""ר)",True
580208841,"מכון ראשית (ע""ר)",True
515872729,"מרכז קוקודי לדיאלוג תרבותי קוסמופוליטי  בע""מ (חל""צ)",True
580194637,"ישיבת ""ארץ הצבי"" פדואל (ע""ר)",True
580074953,"מכללת גל (ע""ר)",True
580333706,"עמותת בית הכנסת המרכזי תל-ברוך (ע""ר)",True
580226843,"ידידי הבית הפתוח (ע""ר)",False
580288215,"גיל אור, העמותה לפיתוח שירותים לאוכלוסיה מבוגרת במ.א מגידו (ע""ר)",True
580077295,"מוסדות חינוך וחסד ""עטרת אבות""  ירושלים (ע""ר)",True
580054559,"התאחדות בעלי מלאכה ותעשיה זעירה ברחובות והסביבה (ע""ר)",False
580131498,"מואססת חדאנאת אלנאסרה (ע""ר)",True
580059616,"י.ת.ד. ילדי תסמונת דאון (ע""ר)",True
580355436,"אחדות ישראל הדסים שהם (ע""ר)",True
515873297,"עילי- כדורגל ייחודי טיפולי חברתי  בע""מ (חל""צ)",True
580141844,"משה - אמת  (ע""ר)",True
580311058,"התאחדות הפוטבול האמריקאי בישראל - איי.אף.אי (ע""ר)",True
580063634,"ישיבת בית ישראל ע""ש האדמו""ר הקדוש ר' ישראל מרויזין זי""ע (ע""ר)",True
580174217,"עמותת אלזהראוי (ע""ר)",True
580073534,"בית הכנסת ""היכל רבינו יוחנן"" ע""ש כ""ק אדמו""ר רבי יוחנן פארלוב זצ""ל בנשיאות כ""ק מרן אדמו""ר רבי ברוך מאיר יעקב שוחט שליט""א מסטולין קרלין (ע""ר)",True
580256071,"מכון זרע ברך (ע""ר)",True
580359719,"ישועת ציון (ע""ר)",True
580012441,"מועצת הקהילה האורתודוקסית הלאומית - חיפה (ע""ר)",True
580196582,"התאחדות ישראלית לספורט הריקוד (ע""ר)",True
580233443,"עטרת ישועה ובית המאיר (ע""ר)",True
580342996,"עידוד לקליטת אומן עולה (ע""ר)",True
580031052,"בית היתומים ציון בלומנטל ים (ע""ר)",True
580366110,"הלהקה התמנית עמקא (ע""ר)",True
580325330,"בית חב""ד טירת הכרמל שעל ידי צעירי אגודת חב""ד - המרכז (ע""ר)",False
580304780,"עמותת ""חיבת הארץ"" ע""ש עתניאל בן קנז ורבי יוסף חיים זצוק""ל (ע""ר)",True
580301992,קרן מחקרים ושירותי בריאות - שיבא (ע''ר),True
580096121,"התאגדות לתרבות גופנית הפועל - סניף אריאל - עיר השומרון (ע""ר)",True
580117695,"אנ""ר - אל נא רפא (ע""ר)",True
580193837,"זהר הגליל ע""ש התה""ק רשב""י, הלל ושמאי זיע""א (ע""ר)",False
580157378,"הפצת תורה, קרית ישמח משה גני-תקוה (ע""ר)",True
580207330,"לב מלכה (ע""ר)",True
580297877,"נר מיכאל ע""ש מיכאל דדוש ז""ל (ע""ר)",False
580374049,"ידי חיים על שם רבינו יוסף חיים זיע""א (ע""ר)",True
580008928,"ישיבת צרור המר - סניף ישיבת מרכז הרב על-שם האדמו""ר ממז'בוש י.מ. השיל זצ""ל (ע""ר)",True
580371136,"תלמוד תורה - ביה""ס כפר דרום (ע""ר)",True
580387181,"המסילה, אשקלון (ע""ר)",True
580291631,"אבית""ר - ארגון בני תורה, רוממה (ע""ר)",True
580309813,"בית ישראל רעננה (ע""ר)",True
580197853,"אור קרן הסיוע לתושבי כפר סבא (ע""ר)",True
580214872,"בית הכנסת המרכזי נהריה  (ע""ר)",True
580304525,"משכן הקודש (ע""ר)",True
580034908,"איגוד גמלאי המשטרה ושב""ס (ע""ר)",True
580179703,"תלמוד תורה דקהלת משכנות יעקב בני ברק (ע""ר)",True
580015030,"בי""כ ות""ת בית יוסף ע""ש ר יוסף בן שמחה מלכה זצ""ל (ע""ר)",True
580243129,עמיחי ע''ש עמיחי שולזינגר ז''ל (ע''ר),True
580140796,"בית חב""ד נס ציונה שע""י צעירי אגודת חב""ד (ע""ר)",True
580136125,"העמותה למען בית-הספר הניסויי - מעלות והאזור (ע""ר)",True
580217263,"מרכז גני הילדים שע""י מרכז מעיין החינוך התורני בא""י (ע""ר)",True
580173292,"ישיבה למצויינים בית מרדכי  אשדוד (ע""ר)",True
580295392,"שערי חכמה בני ברק (ע""ר)",True
580169035,אגודה למען הקשיש - ערד,False
580230159,"נזר מרדכי (ע""ר)",True
580084713,"תיאטרון בית ליסין בדיזינגוף (ע""ר)",True
580323467,"רי""ח השדה משכן יאיר  (ע""ר)",True
580002400,"המרכז לבריאות הנפש ולגריאטריה - ""עזרת נשים"" (ע""ר)",True
580072908,"ביהכ""נ שערי עזרא בנוה יעקב ע""ש עזרא נאצר בן בוליסה ז""ל (ע""ר)",True
580359925,"כולל תורה ודעת כנסת יצחק (ע""ר)",True
580176402,"מורשת חץ - שחור (ע""ר)",True
580123768,"מוסדות שינאווא-טשחוב (ע""ר)",True
580099810,"מכון שלמה אומן ז""ל (ע""ר)",True
580224152,"מרכז תורני דרכי ה' - רבינו יחיאל (ע""ר)",True
580333946,"כתר אליהו (ע""ר)",True
580002483,"מעגלי שמע (ע""ר)",True
580271732,"נווה יוסף חיים - באר שבע (ע""ר)",True
580267664,"בית יצחק בנחלת יעקב פרושים בבתי וורשא י-ם  (ע""ר)",False
513134411,"איתוראן ספורט קרית שמונה (2001) בע""מ (חל""צ)",True
580271336,"עמותת ביהכנ""ס מכמש (ע""ר)",True
580357192,"אני לדודי - נתניה ע""ש רבנו חמלוב""ן יחיא אדהאן זצוק""ל (ע""ר)",False
580189017,"זרחה השמש ליעקב (ע""ר)",True
580287035,"ילדי - עמותה לטיפול והשגחה על ילדים - שפרעם (ע""ר)",True
515998896,"פורום קפה שפירא  בע""מ (חל""צ)",False
580292068,"משכן אביחי ע""ש החייל דנוך אביחי שמעי'ה ז""ל (ע""ר)",True
580065795,"""ניצן"" אגודה לקידום ילדים לקויי למידה והסתגלות (חיפה) (ע""ר)",True
580010502,"בי""כ היכל יהודה ע""ש י.ל.ומ. רקנאטי לזכר קהילת סלוניק (ע""ר)",True
580060457,"ארגון נפגעי פעולות איבה (ע""ר)",True
580227718,"המרכז לאזרח הוותיק מבשרת ציון  (ע""ר)",True
580371581,"עת הזמיר (ע""ר)",True
580278463,"העמותה לקידום הנוער בכדורסל בירושלים ומבשרת ציון - הפועל ירושלים (ע""ר)",True
580097954,"הסתדרות הגימלאים בישראל (ע""ר)",True
580294551,"מכון קארטה פולג (ע""ר)",True
580271450,"מרכז רוחני אור ציון ובית שמשון ע""ש ציון ושמשון מוסאי ז""ל (ע""ר)",True
580187953,"איגוד מהנדסי ואדריכלי ערים בישראל (ע""ר)",True
580142768,"נחלת גדעון - קרית-צאנז  ירושלים (ע""ר)",True
580094993,"מרכז סיור ולימוד סוסיא - הר חברון (ע""ר)",True
580245355,"המרכז האקדמי שערי מדע ומשפט (ע""ר)",True
580253540,"עמותת ""אלכרמל"" למוסיקה (ע""ר)",True
580385797,"המכון למחזאות ישראלית ע""ש חנוך לוין (ע""ר)",True
580250496,"ישיבת תורת מנחם (ע""ר)",True
580356624,"מוסדות תורה לשמה - וקול שמחה (ע""ר)",True
580144624,"עמותת היכל התרבות העירוני - נתניה (ע""ר)",True
580179463,"בית כנסת - איחוד הספרדים  (ע""ר)",True
580019107,"חברה קדישא גחש""א ע""י הרבנות הראשית והמועצה דתית ת""א (ע""ר)",True
580238749,"עמותת בית הכנסת נווה אפק  (ע""ר)",True
580028116,"האגודה לקדום החנוך ירושלים (ע""ר)",True
580050847,"עמותה בית הכנסת המרכזי אפרידר אשקלון (ע""ר)",True
580035129,"ישיבת ""שושנים לדוד"" - ירושלים (ע""ר)",True
580085371,רימון בית ספר למוסיקה (ע''ר),True
580142198,"כולל אברכים אהל ישעיהו רמות ירושלים (ע""ר)",True
580038636,"כולל דזיקוב ""עטרת ישועה"" (ע""ר)",True
580033447,"חברה קדישא גחש""א ראשון לציון והמרכז (ע""ר)",True
580020287,"שק""ל - שילוב קהילתי לאנשים עם מוגבלויות (ע""ר)",True
580164226,"העמותה הקהילתית יהודית - ערבית שכונת וולפסון - עכו (ע""ר)",False
580159119,"עמותה בית הכנסת ""נוסח - אחיד"" (ע""ר)",True
580072965,מכון שמיר למחקר (ע''ר),True
580247195,"קהילת מעיינות (ע""ר)",True
580226173,"באר יוסף צבי (ע""ר)",True
580140721,"זכרון יוסף אריה  ירושלים (ע""ר)",True
580321453,"ראו בנים (ע""ר)",True
580053775,"בית מדרש ""אוהל יוסף"" - אשקלון (ע""ר)",False
580030278,"העמותה לתיירות ונופש חיפה (ע""ר)",True
580019008,"ישיבת בני עקיבא קרית הרצוג בני ברק (ע""ר)",True
580287571,"האגודה הישראלית למדע בדיוני ולפנטסיה (ע""ר)",True
512755547,"קרן א.מ.נ. לקידום המדע התרבות והאומנות בישראל (חל""צ)",False
515920627,"קרן טייב לאימפקט חברתי בע""מ (חל""צ)",True
580104081,"צעירי חב""ד - מגדל העמק  (ע""ר)",True
580184265,"קול רפאל בנגב (ע""ר)",True
580002137,"בית הכנסת הרמב""ם ובית מדרש ישיבת אליהו (ע""ר)",True
580034981,"מרכז וראייטי בירושלים, מרכז לאומי לקידום ילדים בעלי צרכים מיוחדים (ע""ר)",True
580045193,"ישיבת אמרי אמת דחסידי גור (ע""ר)",True
580065712,"אורות התורה בת ים (ע""ר)",True
580009447,"אגודת אכסניות נוער בישראל (אנ""א) (ע""ר)",True
580017887,"אור ודרך (ע""ר)",True
580517555,"היכל יוכבד ונחמן בני ברק ע""ש שלמה אלמגור - בני ברק (ע""ר)",True
580304244,"עמותת הפועל רמת ישראל (ע""ר)",True
580010684,"תיאטרון הקרון על שם מריו קוטליאר (ע""ר)",True
580034916,"מגן אבות (ע""ר)",True
580150639,"עמותת ותיקי המורים הגימלאים שליד הסתדרות המורים (ע""ר)",True
580052090,"נתיב בינה (ע""ר)",True
580043867,"כולל אברכים ""היכל התורה"" בני עי""ש (ע""ר)",True
580375632,"ועד החינוך היהודי (ע""ר)",True
580107761,"נווה אברהם מרכז טיפולי רב תחומי לילד ולמשפחה (ע""ר)",True
580122638,"תלמוד תורה הבאר רחובות (ע""ר)",True
580071397,"ארגון מקבלי גימלאות עובדי הדסה ירושלים  (ע""ר)",True
580312544,"ישיבת הסדר נווה דקלים (ע""ר)",True
580211936,"העמותה למעקב לעניני החינוך הערבי (ע""ר)",True
580027738,"ישיבת תורה והוראה (ע""ר)",True
580080513,"מרכז תורני לאברכים נבחרים בני ברק (ע""ר)",True
580353175,"באר מים חיים באר שבע, ע""ש רבי יוסף חיים (ע""ר)",True
580272359,"ישראל בשביל אופניים- עמותה למען תחבורת אופניים בישראל (ע""ר)",False
580065084,"ארגון הגג של יוצאי אירן בישראל (ע""ר)",False
580053247,"בית המדרש עוד יוסף חי שכם (ע""ר)",True
580093508,"אגודת ""כתר תורה"" בית-וגן (ע""ר)",True
580009132,"אגודת השגרירות הנוצרית הבינלאומית ירושלים (ע""ר)",True
580267599,"מוסדות אור שמואל ע''ש הגר''ש רוזובסקי זצ''ל (ע""ר)",True
580110724,"העמותה להנצחת חללי הצנחנים (ע""ר)",True
580318996,"היכל מרדכי צבי ע""ש הרה""ח ר' מרדכי צבי הורוויץ ז""ל (ע""ר)",True
580055499,"ישיבת בני עקיבא אדרת בת-ים (ע""ר)",False
580385698,"נתיבי האר""י (ע""ר)",True
580032035,"קרן התרבות אמריקה -ישראל (ע""ר)",True
580013704,"כולל ""ברוך טעם"" ע""ש הגאון בעל  ""ברוך טעם"" ר' ברוך פרנקל תאומים (ע""ר)",True
580141513,"ג'מעית אלתועיה (ע""ר)",True
580384444,"בריאות שוה לכל (ע""ר)",True
580363794,"אור יוסף, רמלה (ע""ר)",True
580338051,"העמותה לקידום הקשיש בכפר-כנא (ע""ר)",True
580028959,"בני עקיבא - התנועה העולמית (ע""ר)",True
580226785,"העמותה לקידום הספורט במרחבים (ע""ר)",True
580172195,"עזרת חי'ה מושקא - קרית מלאכי (ע""ר)",True
580030179,"דלת פתוחה, לקידום מיניות בריאה (ע''ר)",True
580238442,"אמיץ כח (ע""ר)",True
580164325,"קבוצת מוסיקה נובה (ע""ר)",True
580021301,"בית הכנסת עתירת יצחק צהלה (ע""ר)",True
580290237,"בית הכנסת בית פנחס - אשדוד (ע""ר)",True
580057321,"ויצו - הסתדרות עולמית לנשים ציוניות (ע""ר)",True
580121366,"מרכז רוחני תורני מדרש בית נשיא  (ע""ר)",True
580056307,"אל עמי-נחלת יהושע (ע""ר)",True
580077725,"ישיבת שלום יהודה (ע""ר)",True
580049690,"ארגון הגג של ארגוני נכים ונכים בלתי מאוגדים (ע""ר)",False
580325744,"בית ספר חרדי לאומי ""אהבת ישראל"" בית שמש (ע""ר)",True
580328599,"מועדון ספורט אבו סנאן (ע""ר)",True
580094548,"מרכז להחדרת ערכים ""עוללים"" נתניה (ע""ר)",True
580021582,"המועצה לישראל יפה (ע""ר)",True
580127637,"ישיבת ישמח לב ותורת משה YESHIVAT YISMAH LEV & TORAT MOSHE (ע""ר)",True
580078517,"בית אל קהילה מקראית ובית אירוח לצליינים  (ע""ר)",False
580329290,"איילות רוכבי אופניים (ע""ר)",True
580285328,"אגודת הסטודנטים והסטודנטיות האקדמית ת""א - יפו (ע""ר)",True
580151439,"החוג הישראלי לנירופיזיולוגיה קלינית  (ע""ר)  ISRAEL SOCIETY OF CLINICAL NEUROPHYSIOLOGY (R.A.)",False
580287878,"במסילה נעלה (ע""ר)",False
580105906,"איסקא ישראל (ע""ר)",True
580373736,"אברכים שיכון סלבודקה - אלעד (ע""ר)",True
580167831,"מועדון כדורת דשא - רמת גן RAMAT-GAN LAWN-BOWLS CLUB (ע""ר)",True
580064236,"ארגון רפע""ה - רפואה עפ""י הלכה (ע""ר)",False
580133874,"הנצחת החללים הבדואים - יד לבנים (ע""ר)",True
580350270,"בית המדרש תפארת אברהם אלימלך שע""י קרלין סטולין ביתר עלית ת""ו (ע""ר)",True
580240356,"הריטב""א - רבנו יום טוב בן אברהם אלאשוילי (ע""ר)",False
580130508,"מרכז קהילתי וספורט כרמי יוסף (ע""ר)",False
580312569,"חותמים מחדש (ע""ר)",True
580099067,"עמותת שערים - רעים האהובים (ע""ר)",True
580306009,"ישיבת אהבת תורה ברנוביץ (ע""ר)",True
580371870,"קול הילד והמבוגר  (ע""ר)",False
580027191,"איגוד יוצאי וילנה והסביבה בתל אביב (ע""ר)",True
580112480,"עצמה - המרכז לאגודות ספורט עצמאיות (ע""ר)",True
580018380,"שבות עמי (ע""ר)",True
580023042,"כוללות רבי מאיר בעל הנס ספרדים (ע""ר)",True
580359909,"בית כנסת כפות תמרים (ע""ר)",True
580079408,"מוסדות חינוך דובדבני (ע""ר)",True
580158939,"בית כנסת ובית מדרש רינת ישראל (ע""ר)",True
580055325,"""סלע"" - מרכז סיוע לעולה במשבר (ע""ר)",True
580307239,"מכון מופ""ת - בית ספר למחקר ופיתוח תוכניות בהכשרת עובדי חינוך והוראה במכללות (ע""ר&gt;",True
580375228,"אילה תמימה (ע""ר)",False
580283950,קרן קרית מלאכי לפיתוח ולקידום הספורט (ע''ר),True
580263341,"שער העין (ע""ר)",True
580224483,"ישיבת חברון גאולה - כנסת ישראל ירושלים (ע""ר)",True
580251908,"אגודת אהל זהר התורה, אשדוד (ע""ר)",True
580198463,"מרכז קהילתי רוחני ""שבו בנים"" ליהודי אתיופיה בבאר שבע  (ע""ר)",True
580232163,"ארגון הסגל האקדמי באוניברסיטת חיפה (ע""ר)",True
580175594,"עיניים מנחות לעיוור בישראל  (ע""ר)  SEEING EYES FOR THE BLIND IN ISRAEL (R.A.)",True
580328458,"משכן יוסף ושלמה (ע""ר)",True
580207686,"ג'מעיית אלרחמה - כפר יפיע  (ע""ר)",True
580338770,"בית חב""ד קרית היובל שע""י צעירי אגודת חב""ד (ע""ר)",True
580296184,"בית הכנסת אוהל משה בתל -אביב (ע""ר)",True
580270759,"בני הפרת והחידקל  (ע""ר)",True
580111425,"מתימן יבוא (ע""ר)",False
580360634,"פניני מוסיקה (ע""ר)",True
580113355,"ארגון מורשת יהדות ותרבות איראן בישראל  (ע""ר)",True
580357200,"מבשר ציון (ע""ר)",True
580332781,"עמותת המכבים - חינוך וספורט בקהילה (ע""ר)",True
580263614,"מגן הלב (ע""ר)",True
580182525,"חברה קדישא קרית - אתא (ע""ר)",True
580021756,"למען נזקקי ירושלים CARE FOR THE NEEDY OF JERUSALEM (ע""ר)",True
580305472,"עטרת הלויים (ע""ר)",True
580255149,"ק.ס.ק ישראל (ע""ר)",True
580104545,"הוועד למלחמה באיידס (ע""ר)",True
580172955,"בית כנסת שערי דיצה קרית יובל ירושלים (ע""ר)",True
580015667,החוג הישראלי לכלבים זעירים,True
580045615,"חת""ם חוג לתורה ומחשבת (ע""ר)",True
580258812,"מנחת יהודה וירושלים (ע""ר)",True
580123966,"בית כנסת אחוה ורעות בשכונת ה-165 באלקנה  (ע""ר)",True
580296101,"בית אבינו (ע""ר)",True
580311090,"תפארת בנות (ע""ר)",True
580269272,"המרכז לתרבות וקהילה בגליל העליון (ע""ר)",True
580251791,"עמותת כדורגל הפועל מגדל העמק (ע""ר)",True
580303741,"שערי שמחה ורחמים יבנה (ע""ר)",True
580030062,"התאחדות תלמידי בית יוסף צבי - הרב דושינסקי (ע""ר)",True
580237188,"מוסדות ""אור מאיר"" אשדוד (ע""ר)",True
580082915,"מקור חיים - מוסדות חינוך להפצת התורה בראשות הרב עדין שטיינזלץ שליט""א (ע""ר)",True
580015477,"אגודת אחים לעזרה הדדית של התאחדות עולי אמריקה וקנדה בישראל מחוז ירושלים (ע""ר)",False
580041010,"ישיבת בני עקיבא נתיב מאיר ירושלים (ע""ר)",True
580000206,"מוסד ומכון למדע ולמחקר החי (ע""ר)",False
580161610,"בית אליהו - המרכז לגמילות חסדים והכנסת אורחים (ע""ר)",True
580281442,"פסגת יצחק (ע""ר)",True
580255164,"אלמעהד אלערבי אלריאדי  (ע""ר)",False
580238780,"עמותת התקווה לקידום האמנות והתרבות (ע""ר)",True
580379816,"ברכת יוחנן (ע""ר)",True
580355444,"פרד""ס רימוני  (ע""ר)",False
580049203,"כנס הבפטיסטים בישראל (ע""ר)",True
580215598,"אור יצחק ע""ש הרה""ג יצחק שחיבר זצ""ל ירושלים (ע""ר)",True
580251098,"היכל שמחה (ע""ר)",True
580140846,"יד אליעזר - עמנואל ע""ש הרב אליעזר כ""ץ ז""ל  (ע""ר)",True
580296127,"אגודת הסטודנטים של הקריה האקדמית (ע""ר)",True
580291516,"קהילת ""עטרת משה"" אשדוד (ע""ר)",True
580340065,"בית הכנסת סולם יעקב החדש (ע""ר)",False
580275592,"מרכז למודעות אישית - מ.ל.א.  (ע""ר)",True
580373330,"אמתחת בנימין (ע""ר)",True
580152940,"עטרת סופר (ע""ר)",False
580034775,"הפדרציה העולמית של הקהילות הספרדיות ההנהלה בישראל  (ע""ר)",True
580122729,"בפי ישרים (ע""ר)",True
580221901,"סדאקה רעות - שותפות נוער ערבי יהודי (ע""ר)",True
580310548,"מועדון הכדורגל מכבי חולון (ע""ר)",True
580311702,"בית הכנסת ""מגן אברהם הסיטי אשקלון"" עמותה (ע""ר)",False
580369940,"תלמוד תורה דביר (ע""ר)",True
580059756,"הישיבה הגדולה שפת אמת (ישיבת גור) ירושלים (ע""ר)",True
580296952,"אלכרואן (ע""ר)",True
580275386,"הרבצת תורה על טהרת הקודש (ע""ר)",True
580075794,"תורה תמימה בני ברק  (ע""ר)",True
580372498,ארגון הרופאים הוטרינרים לחיות בית ישראל (ע''ר),True
580038156,"עמותת קוסל לחינוך גופני, לתרבות הפנאי ולקידום הבריאות ליד האוניברסיטה העברית בירושלים (ע""ר)",True
580323087,"עמותת בית הכנסת הספרדי המרכזי בנווה אפק (ע""ר)",True
580079044,"עמותת ידידי המרכז הרפואי קפלן (ע""ר)",True
580009702,"א.ל.ה- אגודה למען האזרח הותיק, רמת השרון (ע""ר)",True
580360238,"הקרן לידידות (ע""ר)",True
580130987,"הר - חורב (ע""ר)",True
580080141,"מוסדות נחלת צבי ללימודי יהדות והוראה (ע""ר)",True
580338168,"ביתא ישראל (ע""ר)",True
580384345,"בית הכנסת ברכת ה' (ע""ר)",True
580110138,"מוסדות שבות יעקב מקור חכמה (ע""ר)",True
580354025,"הקהילה החסידית - אלעד (ע""ר)",True
580380228,"מוסדות עמלה של תורה בירושלים עיה""ק (ע""ר)",True
580027811,"אגודת נאמני ישיבת חמדת שמואל  (ע""ר)",True
580338036,"עמותת מעדני שבת (ע""ר)",True
580313963,"אגודת חינוך תורה חדרה (ע""ר)",True
580291532,"קופת השכונה רמת שלמה  (ע""ר)",True
580171668,"רא""ם- מועצת ראשי ארגוני המתנדבים בבאר שבע והסביבה (ע""ר)",True
580049401,"העמותה לשיחזור אחוזת דוב רובין (ע""ר)",True
580007706,"מכון למחקר חברתי על-יד אוניברסיטת תל אביב,החוג לסוציולוגיה ולאנטרופולוגיה (ע""ר)",True
580021632,"ארגון השוטרים הבין לאומי (סניף ישראל)  (ע""ר)",True
580383057,"איגוד מסעדות בישראל (ע""ר)",True
580346955,"עמותת מתן נחליאל - כרמיאל (ע""ר)",True
580146066,"בית מדרש לתורה ע""ש משפחת דהאן (ע""ר)",True
580007268,"""וראייטי"" ישראל (ע""ר)",True
580217479,"כולל החיד""א קרית מלאכי  (ע""ר)",True
580242790,"נווה שלום בית אליעזר חדרה  (ע""ר)",False
580141943,"ישיבה וכולל ""אוהל יצחק"" בית מדרש להוראה להכשרת רבנים ודיינים רמלה (ע""ר)",True
580031276,"ארגון החיילים והפרטיזנים נכי המלחמה בנאצים (ע""ר)",True
580010577,"מוסדות ותלמוד תורה זוועהיל בית מרדכי (ע""ר)",True
580322915,"בית הספר הדמוקרטי במודיעין (ע""ר)",True
580374643,"עין פרת - המדרשה למנהיגות חברתית (ע""ר)",True
580183184,"עטרת מרדכי צפת (ע""ר)",True
580344356,"אבדאע (יצירה) לקידום התרבות והחינוך (ע""ר)",True
580116887,"איגוד לתעופה ספורטיבית (ע""ר)",False
580009744,"בית אבות ע""ש ג. לוקנר לנוצרים נפגעי נירנברג (ע""ר)",True
580124592,"העמותה הישראלית לפרהיסטוריה (ע""ר)",True
580304400,"עמותה לקידום הסיעוד בבריאות הצבור (ע""ר)",True
580029239,"ישיבת קמניץ ירושלים כנסת בית יצחק (ע""ר)",True
580135549,"זכרון יעקב למען הגימלאים (ע""ר)",True
580388759,"מוסדות אמת ליעקב אלעד (ע""ר)",True
580037265,"מוסדות תורה וחינוך של חסידי גור בית ישראל אשדוד (ע""ר)",True
580325363,"מען - ארגון עובדים معا- نقابة عمالية (ע""ר)",True
580236669,"לב המזרח (ע""ר)",True
580081438,"אגודה למען מכבי בילו (ע""ר)",True
580066785,"בית יעקב ומשכן הכהנים (ע""ר)",True
580218857,"מוסדי עולם (ע""ר)",False
580413722,"זכרון רות (ע""ר)",True
580272409,"קרן מקור לסרטי קולנוע וטלוויזיה (ע""ר)",True
580370831,"אקו אושן EC00CEAN (ע""ר)",True
580252369,"מוסדות ברכת נפתלי - ביתר עלית (ע""ר)",True
580003507,"כולל תורה מציון וקהילת מורשה (ע""ר)",True
580386878,"שאו ציונה נס ודגל (ע""ר)",True
580229011,"בית הכנסת מצפה מגדים,מעלה אדומים נוסח ירושלים  (ע""ר)",True
580006963,"איגוד הסטודנטים והסטודנטיות של בצלאל  (ע""ר)",True
580054518,"מועצת הקהילה האורטודוקסית בראמה (ע""ר)",True
580004323,"אהל רחל (ע""ר)",True
580047249,"מרכז נתיב השבים ע""ש ר' יוסף חיים (ע""ר)",True
580056679,"האגודה למען הקשיש בקרית גת (ע""ר)",True
580040012,"בית הכנסת מצפה רמות (ע""ר)",True
580174126,"העמותה לניהול תחנת העמקים (ע""ר)",True
580349256,"העמותה להנצחת שליחותה ומורשתה של חנה סנש הי""ד (ע""ר)",True
580350403,"סינמטק שדרות (ע""ר)",True
580223709,"בית הכנסת ומרכז קהילתי סימן טוב נאות גנים (ותיקים) (ע""ר)",True
580072262,"אגודת כולל תפארת על שם מרדכי אגלר ז""ל, אדוניהו בן אליהו ז""ל ומנשה בן יוסף ז""ל רבני העדה המשהדית (ע""ר)",True
580390524,"בית כנסת מנורת המאור (ע""ר)",True
580157261,"מוסדות חיים שאל (ע""ר)",True
580348480,"הפועל ניר רמת השרון (ע""ר)",True
580006385,"קרן תל אביב יפו לפיתוח (ע""ר)",True
580176527,"מוסדות קרלין ע""ש אדמור""י קרלין זיע""א (ע""ר)",False
580098689,"חכמת שלמה - קלוגר (ע""ר)",True
580032795,"תלמוד תורה ""חוות דעת""ירושלים (ע""ר)",True
580354637,"עדי נגב- נחלת ערן (ע""ר)",True
580303246,"מוסדות מאורות נתן ועמרם החי ע""ש הרה""צ נתן בקובזה זצוק""ל, הר' עמרם בן דיוואן זצוק""ל והרב' חיה בקובזה ז""ל (ע""ר)",True
580224863,"לחיות בכבוד  - עזרה למשפחות (ע""ר)",False
580014868,"ארגון אסירי ציון מברית המועצות (ע""ר)",False
580308542,"כתל המזרח (ע""ר)",True
580291284,"מוסדות הדרת מלך (ע""ר)",True
580317527,"כולל טל אורות (ע""ר)",True
580265577,"עמותת בית הכנסת המרכזי קדומים צפון  (ע""ר)",True
580112233,"ישיבת ברנוביץ מדרש גבוה להוראה, גדרה (ע""ר)",True
580196327,"ג'יאפ - נלס, החברה הישראלית לפסיכואנליזה באסכולה הלאקאניאנית החדשה (ע""ר)",True
580189405,"בנתיבי אבות  (ע""ר)",False
580006005,"מיחא ירושלים (ע""ר)",True
580325934,"רשת החינוך בית יעקב, ירושלים (ע""ר)",True
580258432,"מוסדות ""אור חדש"" הר נוף (ע""ר)",True
580260578,"זכרון חיים ואלחנן  (ע""ר)",True
580008027,"""א.ב.- חדשות השומרונים"" -דו שבועון,העתון השומרוני הראשון",True
580157592,"מרכז התורה והחינוך בצפון תל אביב (ע""ר)",True
580008282,"בית עולי אמריקה וקנדה בנתניה (ע""ר)",True
580308294,"בית כנסת לעולי קוצ'ין במושב גבעת כח (ע""ר)",True
580175958,"חמדת נר ישראל (ע""ר)",True
580263739,"אלה אזכרה - מפעלי הנצחה לגאוני ורשה וחכמי פולין (ע""ר)",True
580025211,"מוסד תורה וחסד רובע ב' אשדוד (ע""ר)",True
580274850,"עמותה להנצחת חללי בית ליד - צומת השרון (ע""ר)",False
580366334,עמותה לקידום רעיונות וערכי - מפלגת זהות תנועה ישראלית יהודית (ע''ר),True
580033892,"החברה לחקר המקרא (ע""ר)",True
580097608,"חורב ירושלים אולפנא תורנית לבנות חנה וינגרטן (ע""ר)",True
580038495,"בקעת כנרות מוסד חינוכי של השומר הצעיר (ע""ר)",False
580154938,"מרכז סוזן דלל למחול ולתיאטרון - נוה צדק, תל אביב.  (ע""ר)  THE SUZANNE DELLAL CENTER FOR DANCE AND THEATRE,NEVE-TZEDEK,TEL-AVIV (R.A.)",True
580343051,"כף החסד (ע""ר)",True
580343085,"עמותת השלום לטיפול בקשיש - סח'נין (ע""ר)",True
580106474,"בית כנסת ""שארית יובל ישראל"" בקרית גת (ע""ר)",True
580050458,"קרן מתנה (ע""ר)",True
580030195,"אגוד המושבים של הסתדרות הפועל המזרחי בישראל (ע""ר)",False
580001410,"ישיבת ""שבות ישראל "" (ע""ר)",True
580001568,"בית הכנסת ""מגן שלום"" רמלה (ע""ר)",True
580001444,"""עלגבע"" עמותה לפיתוח שרותים למוגבלים בגבעתיים (ע""ר)",True
580380525,"עמותה ישראלית להשתלות דנטליות (ע""ר)",True
580018117,"עמותת לשכת חוקרים פרטיים בישראל (ע""ר)",False
580161677,"נפש אחת בישראל (ע""ר)",True
580082741,"מרכז ישיבות בני-עקיבא בישראל (ע""ר)",True
580237113,"מרכז קהילתי ""משכנות יעקב"" ירושלים (ע""ר)",True
580209922,"איגוד מקצועות העיסוי בישראל (ע""ר)",False
580303808,"תזמורת יד-חריף (ע""ר)",False
580095396,"אליצור - חולון (ע""ר)",True
580149672,"עמותת ""היכל יוסף"" באריאל (ע""ר)",True
580013233,"ליגה למניעת מחלות ריאה ושחפת בישראל (ע""ר)",False
580239275,"מרכז קהילתי אפרת (ע""ר)",True
580223808,"משכן אבנר (ע""ר)",True
580372456,"מרכז יום לקשיש - באזור המרכז (ע""ר)",True
580151546,"קוממיות לארצנו (ע""ר)",True
580182301,"בית דוד - קרית גת (ע""ר)",True
580005155,"קול היהדות (ע""ר)",True
580371540,"בית כנסת ספרדי אבני חפץ (ע""ר)",True
580071637,"המרכז הרפואי מעיני הישועה (ע""ר)",False
580215028,"טבור הארץ (ע""ר)",True
580145795,צדקות רחל,False
580264562,"שם הגדולים (ע""ר)",True
580057339,"מוסדות חנוך ""אור החיים"" בניברק (ע""ר)",True
580020238,"האגודה הישראלית לאקולוגיה ולמדעי הסביבה (ע""ר)",True
580375996,"מוסדות מאור שמואל (ע""ר)",True
580289445,"עץ התדהר (ע""ר)",True
580175495,"בית שולמית - תיכון תורני לבנות (ע""ר)",True
580048924,"קהילת יהודי הראת אפגניסטאן בעיה""ק ירושלים ת""ו (ע""ר)",True
580038545,"מחסי עוז (ע""ר)",True
580034502,"אגודת המעצבים הגרפיים בישראל (ע""ר)",True
580120855,"מכבי מכבים (ע""ר)",True
580150969,"קהילת הבפטיסטים ברח' נרקיס ירושלים  (ע""ר)  THE BAPTIST CONGREGATION OF NARKIS ST. JERUSALEM (R.A.)",True
580122901,"רצון יהודה ברוח הציונות הדתית ע""ש מרן הרב צבי יהודה הכהן קוק זצ""ל (ע""ר)",True
580269520,"עזרת שלם (ע""ר)",True
580172898,"יש תקוה לאחריתך (ע""ר)",True
580073724,"עמותת שרותי רווחה של עובדי בזק (ע""ר)",True
580292639,"המוזיאון הארכיאולוגי בקיבוץ עין-דור (ע""ר)",True
580282085,"""הרי ירושלים"" מוסדות לטיפול פנימייתי (לשעבר מוסד בני-ברית) (ע""ר)",True
580276855,"ישיבת נתיבות יעקב ירושלים (ע""ר)",True
580245066,"עמותת זוהור אלג'ד (ע""ר)",True
580078160,"צדקת נעם ישראל - קרן גמ""ח (ע""ר)",False
580033843,"קהילה משיחית ""בית חסדא חיפה (ע""ר)",True
580311793,"חלב חיטים ישביעך (ע""ר)",True
580183606,"יובל - האנסמבל הישראלי לחזנות ומוסיקה יהודית (ע""ר)",True
580136364,"תפארת יהושע ע""ש יהושע רוזנר ז""ל (ע""ר)",True
580092757,"עמותת קרן חג""י  (ע""ר)",True
580364693,"קופת העיר מתן בסתר אלעד (ע""ר)",True
580388015,"ניר חינוכי שתפני (ע""ר)",True
580170918,"בית כנסת שערי ישועה - ראשל""צ (ע""ר)",True
580030500,"אל""י- האגודה להגנת הילד מייסודה של ד""ר חניתה צימרין (ע""ר)",True
580230712,"ולמדתם (ע""ר)",True
580019479,מוסדות תולדות אהרון,True
580043230,"המוסדות המאוחדים ""אור תורה"" - ישיבת אור תורה רבי מאיר בעל הנס תלמוד תורה אור תורה, קרן גמילות חסדים אור תורה (ע""ר)",True
580075885,"התאחדות הטיפוס הספורטיבי והאתגרי בישראל (ע""ר)",True
580197945,"חסידי ברסלב ביתר (ע""ר)",True
580008688,"ישיבת הרמב""ם ובית יוסף (לספרדים ולבני עדות המזרח) (ע""ר)",True
580350775,"תולדות ישורון (ע""ר)",True
580014850,"האגודה הישראלית של יצרני בטון מובא (ע""ר)",False
580027290,"בית כנסת אהל משה על שם משה דה שליט ז""ל (ע""ר)",True
580110674,"בית הכנסת נצח שכונת נחליאל (ע""ר)",False
580230464,"אגודת שחיה מכבי נהריה (ע""ר)",True
580331759,"בית הכנסת לצעירי הציונות הדתית בהדר-גנים (ע""ר)",False
580023679,"מועדון הכדורת העירוני רעננה (ע""ר)",True
580093912,"עמותת בית ראשונים ע""ש אברהם קריניצי (ע""ר)",True
580113397,"עמותת ""אוהב ישראל"" בית וגן ירושלים (ע""ר)",True
580321248,"מנוחה נכונה - קרית טבעון (ע""ר)",True
580301315,"בית כנסת פועלי אגודת ישראל נתניה (ע""ר)",True
580082535,"בית הכנסת ע""ש עולי הגרדום - בני ברק  (ע""ר)",True
580270627,"בת ציון מוסדות לבנות עולות ממדינות חבר העמים (ע""ר)",False
580199594,"בית השנטי (ע""ר)",True
580349140,"מוסדות נצח ישראל בית שמש (ע""ר)",True
580244309,"איגוד הכדור-יד בישראל (ע""ר)",True
580282093,"לפיד גדעון (ע""ר)",True
580346161,"""קבוצת עבודה"" - עמותה ליצירה וקידום של תיאטרון מקורי ועצמאי (ע""ר)",True
580207090,"ישיבת עיון התלמוד - ירושלים (ע""ר)",True
580097244,"בית הכנסת ""ישועת ישראל"" בשכונת קדמת ראשון בראשון-לציון (ע""ר)",True
580337616,"סייפטי ישראל - הבית הבטוח  (ע""ר)",True
580165769,"מרכז רוחני לתורה וליהדות יד רמב""ם",True
580326874,"העמותה לקידום מקצועי של עובדי המוסדות להשכלה גבוהה והמכללות (ע""ר)",True
580012078,"מרכז רוחני דתי בית-אל, נוה שלום, נתניה (ע""ר)",True
580033876,"אגודת התעופה הכללית בישראל (ע""ר)",True
580262947,"עמותת ידידי תאטרון גשר (ע""ר)",False
580158046,"עמותת מיה ארבטובה לאמנויות המחול (ע""ר)",True
580151272,"האקדמיה הישראלית לקולנוע וטלוויזיה (ע""ר)",True
580384931,"דרשו ד' ועוזו (ע""ר)",True
580038180,"כפר הנוער גלים (ע""ר)",True
580268597,"מראה איש (ע""ר)",True
580040939,"מפעלי חינוך, חברה וסיוע שע""י בית הספר העל יסודי, סמינר מרכז בית יעקב ירושלים (ע""ר)",True
580003002,"מרכז קהילתי ""צעירי ציון"" (ע""ר)",True
580324101,"דוקאביב - העמותה לקידום הסרט הדוקומנטרי {ע""ר}",True
580224079,"מאהבה- חסדי זכריה (ע""ר)",True
580174597,"היכל מנחם (ע""ר)",False
580139079,"בני ובנות חייל (ע""ר)",True
580117877,"מרכז להנחלת ערכי היהדות בנגב מגן ישראל - נתיבות והסביבה (ע""ר)",True
580211548,"ישיבה תיכונית מצפה רמון (ע""ר)",True
580281434,"יוסף חכמה  (ע""ר)",True
580325322,"ישיבה וביהכ""ס ""עטרת ברוך"" ירושלים (ע""ר)",True
580070019,"ארגון בוני ירושלים והסביבה (ע""ר)",True
580253532,"התאגדות ישראלית לברידג' - סניף הקריות (ע""ר)",True
580049120,"מרכז קהילתי  מתנ""ס  מעלה אדומים (ע""ר)",True
580083608,"מרכז לשירותי בריאות וקהילה (ע""ר) (.HEALTH AND COMMUNITY SERVICES CENTER (R.A",True
580375681,"עמותת שוחרי ספורט כפר יונה (2001) (ע""ר)",True
580289650,"שערי אשר (ע""ר)",True
580081750,"בית כנסת ""אחות אחים"" שכ' גאולים עפולה  (ע""ר)",True
580132512,"בית הספר הצרפתי בירושלים  (ע""ר)",True
580182699,"עמותה ישראלית לכדורת דשא לעיוורים (ע""ר)",True
580375095,"גומת חן - מורשת, תרבות, חינוך, נוער (ע""ר)",True
580045284,"אהל עמרם - ביה""כ המרכזי הספרדי - קרית נורדאו, נתניה (ע""ר)",True
580283810,"קרן מקלט הקופים הישראלי (ע""ר)",True
580372415,"מרכז רוחני דתי ""אעירה שחר"" תושיה (ע""ר)",True
580175644,"מכון רימון לידיעת הארץ (ע""ר)",True
580067890,"בית הכנסת ""נצח ישראל"" נתניה (ע""ר)",True
580365245,"מנוחת שלמה (ע""ר)",False
580222990,"בית אהרן, מפעלי תעסוקה, סעד ותורה לקשישים, מוגבלים ונוער מיוחד (ע""ר)",True
580023943,"הלשכה הגדולה של בונים חופשיים קדמונים ומקובלים (ע""ר)",True
580235943,"נשי חב""ד שפרה ופועה - קריות (ע""ר)",True
580381275,"קרן ילדי בית רבן (ע""ר)",True
580157345,"בית רחשון (ע""ר)",True
580173730,"איגוד מרכזי הסיוע לנפגעות תקיפה מינית ולנפגעי תקיפה מינית בישראל (ע""ר)",True
580015261,"נוה ירושלים סמינר לבנות (ע""ר)",True
516057510,"קרן שיתוף תורמים (קשת) די.איי.אף  בע""מ (חל""צ)",True
580246817,"ישיבת אוהבי ירושלים (ע""ר)",True
580027225,"תל תלפיות ירושלים (ע""ר)",True
580126175,"מכון דעת יוסף,ע""ש רבנו יוסף אליהו דייטש זצ""ל  (ע""ר)",False
580044642,"ישיבת תומכי תמימים בשביל ילדי עולי ברית המועצות בנחלת הר חב""ד",True
580262517,"אשל אשקלון - מפעלי רווחה לקשישים וגלמודים (ע""ר)",True
580270395,"בת מלך  (ע""ר)",True
580014173,"העמותה למען האזרח הוותיק- טבריה  (ע""ר)",True
580031086,"קרן יהושע סלטי (ע""ר)",True
580336535,"ארגון נוער חב""ד: בת מלך, הפנסאים - צבאות ה', מועדון המעשים הטובים (ע""ר)",True
580370252,"אור בארץ (ע""ר)",True
580002996,"אגודת ישיבת קרלין סטולין בית אהרון וישראל ובית התבשיל (ע""ר)",True
580121994,"תלמוד תורה ""אור מרדכי"" רמת אהרון בני ברק (ע""ר)",True
580222883,"""העמותה לותיקי הגליל""  (ע""ר)",True
580284933,"אגודת ספורט - הפועל עומר (ע""ר)",True
580332245,"קרן ידידי ""אעלה בתמר"" (ע""ר)",True
580325975,"אגודת תפארת החינוך ירושלים (ע""ר)",True
580124709,"מסילת ישרים ירושלים (ע""ר)",True
580074888,"איסף - הקרן הבין-לאומית לחינוך (ע""ר)",True
580272789,"זכות שבזי - חובות הלבבות (ע""ר)",True
580135648,"אגודת הסטודנטים והסטודנטיות של המסלול האקדמי המכללה למנהל (ע""ר)",True
580257509,"שבת אחים- אור לגויים (ע""ר)",False
580176477,"בית הכנסת חניכי הישיבות רוממה  (ע""ר)",True
580010544,"ישיבת עמלי תורה (ע""ר)",True
580294114,"עת רצון - ביתר עילית (ע""ר)",True
580062875,"מוסדות בית יעקב בת ים (ע""ר)",True
580123685,"אהל - ש""י - בית כנסת ומרכז קהילתי ע""ש הרב שלמה קוק ורעיתו יהודית ז""ל (ע""ר)",True
580325876,"מוסדות לאה ואסתר (ע""ר)",False
580307668,"העמותה לקידום ספורט הריקודים הסלוניים בחיפה (ע""ר)",True
580266815,"מוסדות יד רמ""א מפאבניץ' (ע""ר)",True
580036564,"חי""ל - חסד יד לששה ארגון חסד ועזרה הדדית, בית וגן, ירושלים (ע""ר)",True
580258317,"גן ילדים השלום (ע""ר)",False
580214849,"מדרשה להשכלה (ע""ר)",False
580087344,"ישיבת אור יוסף - ע""ש ר' יוסף סופר ובניו הי""ו (ע""ר)",True
580147239,"איגוד הקומפוזיטורים בישראל (ע""ר)",True
580217180,"בית אולפנא דרבינו יוחנן (ע""ר)",True
580160505,"עליו""ן - עמותה לרווחת ילדים נערים ונערות בחולון (ע""ר)",True
580089647,"עזרת תורה לעדת הבבלים בירושלים (ע""ר)",True
580081990,"אגודת נאמני צדקה חסד ואמת - קרית אתא (ע""ר)",True
580359495,"איזון - בחזרה למסלול (ע""ר)",True
580037612,"""שלוה"" ע""ש יהושוע ואולגה חנקין",True
580145308,"מרכז חינוכי חרדי לבנות ""בנות אסתר"" שע""י התאחדות תלמידי בית יוסף צבי הרב דושינסקי. (ע""ר)",True
580004695,"ארגון הגימלאים של בנק דיסקונט (ע""ר)",True
580023703,"קרן יעקב הלפרן ז""ל לתמיכה במוסדות רווחה ודת ע""ש מרן החזון איש זצ""ל (ע""ר)",True
580306686,"עמותה לחינוך ותרבות באזור באר טוביה (ע""ר)",True
580242642,"תלמוד תורה דרכי יעקב -יסדת עוז אופקים (ע""ר)",True
580029387,"בית מדרש גבוה לתורה וליהדות של הקבוץ הדתי (ע""ר)",True
580380582,"עמותת שמעיה ואבטליון (ע""ר)",True
580387314,"תשב""ר אהל משה (ע""ר)",True
580346971,"יד רחמים - זכרון רבקה לע""נ הצדקת רבקה מסס ז""ל (ע""ר)",True
580214237,"בית חב""ד גבעתיים שע""י צעירי אגודת חב""ד (ע""ר)",True
580034270,"בני גוש עציון (ע""ר)",True
580355584,"כפר נהר הירדן (ע""ר)",True
580286870,"בנות ובית יעקב בביתר (ע""ר)",True
580180255,"ג'מעיית אלרבאט - עין מאהל (ע""ר)",True
580132314,"עם אור (ע""ר)",True
580027951,"אגודת ידידי מכון ויצמן למדע בישראל  (ע""ר)",True
580318319,"אבני החשן (ע""ר)",True
580041028,"מפעל התרומה לתמיכה בבני ישיבות נצרכים (ע""ר)",True
580309771,"יום-לימודים ארוך (ע""ר)",True
580043909,"מוסדות אהל משה בני ברק (ע""ר)",True
580244937,"איגוד האיגרוף בישראל (ע""ר)",True
580387819,"חיזוק בלימוד התורה (ע""ר)",False
580088789,"גנרל קונפרנס קורפוריישין אוף סבנס דיי אדוונטיסטס אין ישראל (ע""ר)",False
580385466,"מוסדות החינוך והחסד תפארת נזר ישראל ראשון לציון (ע""ר)",True
580053932,"דרכי אבות - ירושלים (ע""ר)",True
580118735,"בית אולפנא ללמודי עברית ויסודות היהדות (ע""ר)",True
580153831,"בית כנסת   מוסר אביך - מעלה אדומים  (ע""ר)",True
580381515,"שירת המדבר (ע""ר)",True
580364263,"לב הגולן (ע""ר)",True
580117968,"הועד הכללי לעדת הבבלים בירושלים (ע""ר)",True
580017945,"דרור העמותה לשיקום ושילוב בקהילה (ע""ר)",True
580374783,"ראשית - בית מדרש קהילתי (ע""ר)",True
580383222,"ידידי אלון מורה (ע""ר)",True
580031532,"אגודת בית הכנסת המרכזי קרית ביאליק (ע""ר)",True
580249514,"העמותה הארצית לקרוהן ולקוליטיס כיבית  (ע""ר)",True
580388544,"אמרי בנימין (ע""ר)",True
580268183,"מתירות  (ע""ר)",True
580171056,"ארגון המיילדות בישראל (ע""ר)",True
580043073,"בית הכנסת רמתיים צופים ירושלים ת""ו (ע""ר)",True
580317402,"אגודת ביהכ""ס ע""ש נג'יה ושאול חבוב בקרית אתא (ע""ר)",True
580128742,"אגוד הבהאים העולמי (ע""ר)",False
580378743,"שופר הישועה לישראל (ע""ר) (.TRUMPET OF SALVATION TO ISRAEL (R.A",False
580241610,"מרכז קהילתי מתנ""ס בנימינה- גבעת עדה (ע""ר)",True
580067338,"""בית המאירי"" מוזיאון מכון עמותה לחקר תולדות הישוב היהודי בצפת (ע""ר)",True
580110005,"בית הרואה (ע""ר)",True
580355014,"עמותת ""הפועל"" רמות מנשה-מגידו (ע""ר)",True
580023380,"יד לבנים כפר מנחם (ע""ר)",False
580206746,"ישיבה וכולל רוח אליהו ירושלים (ע""ר)",True
580309086,"מוסדות דרכי תורה (ע""ר)",True
580343663,"שם אבותי (ע""ר)",True
580344851,"עמותת עידן השלום להכשרה, קידום, אחווה וחינוך (ע""ר)",True
580085686,"שדולת הנשים בישראל - ISRAEL WOMEN'S NETWORK לובי אלנישא פי אישראיל (ע""ר)",True
580113124,"מנין ספרדי רמת שרת-בית הכנסת זכות אבות (ע""ר)",True
580164531,"רוח גלילית לקידום פלורליזם דתי, שיח רב תרבותי וקיום משותף (ע""ר)",True
580225415,"איגוד הגזברים ברשויות המקומיות בישראל (ע""ר)",True
580370716,"עמותה לקידום מקצועי לעובדים בשירות הציבורי ברוח דת ומסורת ישראל (ע""ר)",False
580382265,"עמותה לקידום אמנות הריקוד, התיאטרון והשירה (ע""ר)",True
580006872,"בית הכנסת - מרכז קהילתי ע""ש גולדשטיין (ע""ר)",True
580342533,"מכינה תורנית קדם צבאית ""אלישע"" (ע""ר)",True
580248748,"בית הכנסת הספרדי ליוצאי כורדיסתאן עטרת ציון ע""ש ציון בטיש ז""ל (ע""ר)",True
580136976,"אור - לציון ירושלים (ע""ר)",True
580063097,"""ישיבת סטריקוב ""קול יעקב"" (ע""ר)",False
580047009,"היכל התורה בציון (ע""ר)",True
580346450,"בית המדרש אור לישראל (ע""ר)",True
580280097,"נותנים מקום (ע""ר)",True
580316297,"אפשר אחרת (ע""ר)",True
580071850,"בית איזי שפירא - עמותת אבי (ע""ר)",True
580077865,"נתיבות ראובן יוסף (ע""ר)",True
580011765,"האגודה למען כפר הילדים בכרמיאל (ע""ר)",True
580350890,"דומארי - עמותת הצוענים הישראלית (ע""ר)",True
580240596,"בית מדרש להפצת תורה, חסד ומוסר תפארת מרדכי - פתח תקוה (ע""ר)",True
580272094,"הקרן לפיתוח קהילת נצרים בנגב (ע""ר)",True
580371300,"קרן אל אור ע""ש אלון בביאן ואוריאל ואלירז פרץ (ע""ר)",True
580325306,"קהלות יעקב בראש העין (ע""ר)",True
580331510,"עמותת הכדורעף - אליצור אשקלון (ע""ר)",True
580329530,"אגודת ""קרן מאיר"" (ע""י התאחדות בני ציון בישראל) (ע""ר)",True
580094936,"אוהלי יעקב יורה-דעה  (ע""ר)",False
580046860,"האיגוד העולמי למדעי היהדות (ע""ר)",True
580079358,"הגיל השלישי (ע""ר)",True
580350411,"חמלה סיוע לנזקקים (ע""ר)",True
580075984,"חברה קדישא באר יעקב (ע""ר)",True
580034551,"שמחי יוסף (ע""ר)",False
580158491,"עמותה לגיל הרך - מודיעים (ע""ר)",True
580340800,"מנוחה נכונה - פתח תקווה (ע""ר)",True
580228450,"חדר  ראשון לציון (ע""ר)",True
580190387,"קשת יהודה (ע""ר)",True
580095917,"חברה קדישא פרדס חנה (ע""ר)",True
580022689,"ישיבת בית יוסף נתניה (ע""ר)",True
580287019,"זכר אברהם אשדוד (ע""ר)",True
580314193,"המרכז האקדמי רופין (ע""ר)",True
580024065,"מרכז גולדה מאיר למרכז רביבים (ע""ר)",True
580038172,"אגודת תלמוד תורה ""אור זורח"" בני ברק (ע""ר)",True
580085447,"ברכת אפרים  (ע""ר)",True
580299089,"נחשון - המדרשה הישראלית למנהיגות חברתית - עמותה (ע""ר)",True
580388304,"שכנות בצפון (ע""ר)",True
580074086,"""שובה""-מרכז ללמודי יהדות - עפרה",True
580201986,"רינת זכריה ע""ש אבישי (נתנאל) ואסתר זכריה ז""ל אשדוד (ע""ר)",True
580237063,"""אנשים מאמינים בשהם""",True
580125060,"אגודת העיתונאים בתל אביב  (ע""ר)",False
580116705,"בית כנסת צעירי אגודת ישראל ברמות פולין, ירושלים (ע""ר)",True
580359057,"עמותת אהל חוה אבני חפץ (ע""ר)",True
580072940,"קרן יוסף ולנה וולינסקי בישראל (ע""ר)",True
580298347,"המכללה האקדמית להנדסה ע""ש סמי שמעון  (ע""ר)",True
580296192,"עמותת אלקא דמאיר (ע""ר)",True
580145522,"דוד בן ישי מרכז קהילתי רוחני קרית-משה סלע רחובות  (ע""ר)",True
580160257,"ג'בינה - עמותה לקידום התיאטרון הערבי התרבותי העצמאי (ע""ר)",True
580223337,"אחוזת מרדכי (ע""ר)",True
580205664,"מסילות התורה  (ע""ר)",True
580068096,"מוסדות ""בית רפאל"" (ע""ר)",False
580355782,"מועדון הכדורגל מכבי רחובות (ע""ר)",True
580267466,"גישרי תרבות (ע""ר)",False
580325207,"נשות הכותל (ע""ר)",True
580354553,"בית הספר הדמוקרטי הוד השרון (ע""ר)",True
580344802,"עמותת כדורגל 2000 הפועל עכו (ע""ר)",True
580195394,"אור יקר צפת (ע""ר)",True
580334373,"אבוא ביתך (ע""ר)",True
580270544,"עמותה לקידום הטניס בבת-ים (ע""ר)",True
580091247,"אגודת הקוסמים ואמני החושים - העמותה לקידום אמנות הקסמים בישראל ע""ש רוני שכנאי (ע""ר)",True
580137560,"בית הכנסת המרכזי - גבעת הגפן, אפרת (ע""ר)",True
580074094,"ישיבת ""תורת-שלמה"", לתורה והוראה, ע""ש הרב שלמה ז""ל והרב יהודה ז""ל - בן רחל (ע""ר)",True
580054393,"שבי חברון (ע""ר)",True
580168854,"הועד הציבורי נגד עינויים בישראל THE PUBLIC COMMITTEE AGAINST TORTURE IN ISRAEL (ע""ר)",True
580054211,"ידידי עמותת אלי""ן אגודה לעזרת ילדים נכים בית חולים אורטופדי (ע""ר)",True
580266336,"אהל הרשב""י מירון (ע""ר)",True
580316792,"אולפנת לבונה (ע""ר)",True
580021921,"האגודה לידידות ולשכת המסחר ישראל - יפן THE ISRAEL JAPAN FRIENDSHIP SOCIETY & CHAMBER OF COMMERCE (ע""ר)",True
580264034,"עמותה לקידום חברתי מקצועי של עובדי המעבדות ביוכימאים ומיקרוביולוגים (ע""ר)",True
580153047,"בתי הכנסת המאוחדים באמריקה (ע""ר)",True
580382430,"אבן עזר - חיפה, עמותה לקידום רווחת העולה (ע""ר)",True
580380590,"ברכי נפשי (ע""ר)",True
580155919,"גרעין תורני - מגן דוד דימונה (ע""ר)",True
580133296,"ידידי המרכז הרפואי סורוקה בנגב (ע""ר)",True
580221232,"בית כנסת אור החיים הקדוש על שם ר' חיים בן עטר זצוק""ל אשדוד (ע""ר)",True
580380061,"אלבואסל (ע""ר)",True
580345973,"עמותה עירונית מעלות תרשיחא לספורט הישגי (ע""ר)",True
580336139,"בית כנסת נצר יעקב (ע""ר)",False
580227114,"עמותת ידידי המרכז הגריאטרי  בית-רבקה (ע""ר)",True
580132900,"כולל אברכים ובית הכנסת ""עקבי אליהו"" (ע""ר)",True
580358018,"ישיבת בית שמואל - מטרסדורף (ע""ר)",True
580026656,"אגודת הסטודנטים למשפטים של האוניברסיטה העברית בירושלים (ע""ר)",True
580225571,"מוסדות דרכי אבות חסידי צאנז ירושלים (ע""ר)",True
580228930,"אור הרשב""י (ע""ר)",True
580319895,"מלוא הרועים (ע""ר)",True
580247435,"מרפא לנפש (ע""ר)",True
580007664,"בשבילנו מרכז סיור ולימוד (ע""ר)",True
580009595,"שלטון בית""ר (ע""ר)",True
580292654,"חניכי ישיבות טלז סטון (ע""ר)",False
580367951,"העמותה לסיוע לעובדי בנק הפועלים בע""מ ע""ש משה מלכי ז""ל (ע""ר)",True
580110179,"עמודי עולם (ע""ר)",True
580109882,"כולל אברכים ""שערי לימוד"" (ע""ר)",True
580339398,"מרכז תורני חסידי לצעירים בני עליה שערי תורה (ע""ר)",True
580263002,"בית-הכנסת ""קהילת יעקב - ירושלים"" (ע""ר)",True
580338069,"חסד וחינוך לטף ולבוגר (ע""ר)",True
580254308,"מטה אפרים (ע""ר)",True
580353365,"רחובות - קבוצת סופטבול (ע""ר)",True
580331379,"מכבי דן התעמלות ואקרובטיקה (ע""ר)",True
580121051,"העמותה למען הקשיש בראשון לציון והסביבה  (ע""ר)",True
580070092,"רשת גני ילדים של אגודת ישראל (ע""ר)",True
580244861,"איגוד הרמת משקולות בישראל (ע""ר)",True
580000909,"מורשת המשפט בישראל (ע""ר)",True
580096717,"גיל-עד מרכז גריאטרי ציבורי אזורי (ע""ר)",True
580232411,"שלומית-עמותה להפעלת מתנדבים לשירות לאומי ואזרחי (ע""ר)",True
580224996,"העמותה לטיפוח קריה לתעשיות מדע הר חוצבים (ע""ר)",True
580329316,"מועדוני טניס חיפה-זכרון יעקב-קיסריה-אור עקיבא (ע""ר)",True
580025708,"אגודה להתנדבות - שירות לאומי (ע""ר)",True
580245553,"הפועל  העמותה לקידום  איקיגיצו  (ע""ר)",True
580051167,"בית ספר עמאוס לכתבי קודש (ע""ר)",True
580292506,"אירגון ""ים-החיים"" (ע""ר)",True
580051456,"אשה לאשה מרכז פמיניסטי חיפה (ע""ר)",True
580228534,"אמרי יושר - בית מדרש גבוה ללימוד ולהוראה (ע""ר)",True
580292969,"""דעת מבינים"" - העמותה להנחלת חינוך תורני מדעי-ערכי פתח תקוה (ע""ר)",True
580204451,"בית הכנסת י""ג קדושי אשדוד (ע""ר)",True
580120285,"מוסדות אוהלי יעקב עמנואל ע""ש הצ""ק הרי""י אבוחצירא והצ""ק הרי""י קנייבסקי הסטייפלר (ע""ר)",True
580302339,"מוזיאון העמק (ע""ר)",True
580276608,"זכרון הדרים  (ע""ר)",True
580290112,"שמשון בני טייבה (ע""ר)",True
580378362,"אדרת - בית לתקווה ישראלית  (ע""ר)",True
580350460,"עמותה להעצמה כלכלית לנשים (ע""ר)",True
580018489,"מרכז אגוד תתי""ם ירושלים (ע""ר)",True
580002079,"ועד חברת מאה שערים (ע""ר)",True
580306934,"פנים להתחדשות יהודית בישראל (ע""ר)",True
580272755,"מוסדות מסילת אבות (ע""ר)",True
580343416,"מצפה גבולות (ע""ר)",True
580223998,"מרכז ליובאוויטש ליוצאי רוסיה (ע""ר)",True
580370344,"הפדרציה העולמית של יהדות מרוקו (ע""ר)",False
580173268,"עמותת אלהודא בבאקה אלגרבייה (ע""ר)",False
580019636,"קהילת קדש בית ישראל (ע""ר)",True
580174696,"דברי דוד (ע""ר)",True
580049666,"עמותת נות ישראל ירושלים (ע""ר)",True
580374635,"נאות אברהם - שכונה תורנית לאומית ע""ש מרן הרב אברהם הכהן קוק זצ""ל (ע""ר)",True
580355105,"מחר - מעורבות, חינוך, רווחה (ע""ר)",True
580380004,"מרכז נר ישראל (ע""ר)",True
580025310,"בית מדרש לתלמוד חפץ חיים ובית יתומים (ע""ר)",True
580292142,"מוסדות ""רמ""א"" ע""ש הרב משה ארי' פריינד זצ""ל ירושלים (ע""ר)",True
580020766,"יד לבנים - ארגון להנצחת חללי מערכות ישראל וטיפול במשפחות (ע""ר)",True
580255974,"אורחות צדקה (ע""ר)",True
580263861,"ברית יצחק בקרית ספר (ע""ר)",False
580374817,"ישיבת חסידי חב""ד ליובאוויטש, חיפה (ע""ר)",True
580360758,"מרכז תל""ם - תמיכה וליווי מקצועי (ע""ר)",True
580291441,"הועד המרכזי של היהודים יוצאי אוסטריה בישראל (ע""ר) THE CENTRAL (COMMITTEE OF JEWS FROM AUSTRIA IN ISRAEL (REGISTERED AMUTA",False
580275907,"איגוד העמותות לזקן בישראל (ע""ר)",True
580356418,"תורה ודרך חיים (ע""ר)",True
580106805,"אגודת ספורט ""שמשון"" תל-אביב (ע""ר)",True
580073955,"""חיים"" למען ילדים חולי סרטן בישראל (ע""ר)",True
580387207,"רשת החינוך מישקולץ (ע""ר)",True
580292423,"ישיבת דרך ה' (ע""ר)",True
580320521,"בצדקה תכונני - קופת צדקה חספין (ע""ר)",True
580218386,"סעדני ואיושעה - תהי' קיט 117 (ע""ר)",True
580118271,"עמותה ע""ש הצייר ליטבינובסקי (ע""ר)",True
580059723,"ועד כולל קאסוב גאליצייען בארץ ישראל בעיה""ק ירושלים תובב""א (ע""ר)",True
580008761,"""מוסד מכבי"" לסיוע חינוכי וחברתי (ע""ר)",True
580305217,"יד חיים הרצוג (ע""ר) (YAD CHAIM HERZOG (REGISTERED AMUTA",True
580180412,"מכללת רמת -גן (ע""ר)",False
580167724,"ישע ומזור (ע""ר)",True
580238244,"איגוד אברכים חסידים (ע""ר)",True
580075158,"הישיבה הקדושה והת""ת תורת אמת הכללית (חב""ד ליובאויטש) ירושלים  (ע""ר)  THE HOLY YESHIVAH & TALMUD TORAH TORATH EMETH. JERUSALEM (R.A.)",True
580067403,"""מכבי רמת יצחק"" ברמת גן",True
580173607,"מוסדות נחלת חסדי בנימין ואסתר (ע""ר)",True
580061315,"בית הכנסת ""אבני חושן"" (ע""ר)",True
580310357,"בית הכנסת המרכזי - נוף אילון (ע""ר)",True
580023133,"ארגון הורים למערכת חינוך בירושלים (ע""ר)",True
580094886,"מאור דוד ירושלים  (ע""ר)",False
580046050,"כולל אברכים עצמונה (ע""ר)",True
580326890,"עמותה לקידום מקצועי של עובדי המינהל במוסדות הבריאות (ע""ר)",True
580050623,"אגודת ביהכ""ס ע""ש הרב יוסף חיים זלצק""ל העיר בני ברק  (ע""ר)",True
580008324,"מרכז מילמן (ע""ר)",True
580326270,"איש תם (ע""ר)",True
580105054,"קרן אריאל לפתוח                        (ע""ר)  THE ARIEL DEVELOPMENT FOUNDATION (R.A.)",True
580346534,"קדימה עמותה לקידום איכות החברה בישראל (ע""ר)",True
580035699,"נאמני המחקר החקלאי ושוחריו במרכז וולקני (ע""ר)",True
580359859,"תורה וחסד אוהל שרה (ע""ר)",True
580351880,"קהילת אהבת ציון רמת בית שמש (ע""ר)",True
580231819,"מכללת בית רבקה (ע""ר)",True
580029866,"מרכז מורשת יהדות בבל (ע""ר)",True
580008274,"""אגודת קרן חינוך"" בגליל המערבי,כרמיאל,מעלות ומושבי מעלה-יוסף",True
580187839,מרכז קהילת חסידי באיאן בעיר ביתר,True
580108611,"בית ועד הר-חברון (ע""ר)",True
580046555,"צמד - עמותת העיוורים הנעזרים בכלבי נחייה (ע""ר)",True
580289072,"דרכי שלום חיפה (ע""ר)",True
580027605,"ישיבת סלבודקה כנסת ישראל (ע""ר)",True
580128544,"משען לתלמיד אופקים (ע""ר)",True
580049195,"אגודת מחזיקי תורה ""עץ חיים"" (ע""ר)",True
580027209,"המכון ע""ש אלפרד אדלר (ע""ר)",True
580035236,"צומת-צוותי מדע ותורה (ע""ר)",True
580036101,"קרית אמרי שפר (ע""ר)",True
580042646,"אגודת בית הכנסת לעדת יהודי תימן ""עטרת גילה"" ירושלים  (ע""ר)",True
580067734,"אחוזת יעקב (ע""ש ר' יעקב גרינברג ז""ל)בגן יבנה (ע""ר)",True
580022242,"מוסדות נשי אגודת ישראל - תל אביב (ע""ר)",True
580348183,"לוטוס אור האהבה (ע""ר)",False
580336410,"ביה""כ עץ החיים אשקלון (ע""ר)",True
580313112,"המרכז לאמנות עכשווית (ע""ר)",True
580331841,"יד לנצרך - אשקלון (ע""ר)",True
580168961,"מרכז ישראלי לכלבי נחיה לעיוורים (ע""ר)",True
580034114,"בי""מ גבוה לתורה ישיבת כולל אברכים חזון איש (ע""ר)",True
580357960,"בית הכנסת אם המושבות רח' זכרון יעקב 48 פ""ת (ע""ר)",True
580036820,"אגודת""חברת תורה ועבודה וגמילות חסדים"" (ע""ר)",True
580357986,"מוסדות חיי עולם בני ברק (ע""ר)",True
580207884,"איגוד חסידי בוסטון בארצנו הקדושה (ע""ר)",True
580026177,"משגב - אגודה לחנוך ורווחה (ע""ר)",True
512866831,"""נחלה אלשבר"" - יצירות אומנותיות בע""מ (חל""צ)",True
580304012,"אגודת הבוגרים והידידים של הגימנסיה הריאלית ע""ש א. קררי ראשון לציון (ע""ר)",False
580367142,"עמותת דור העתיד לטניס רמת השרון (ע""ר)",True
580044170,"קהילת מעלות קדושים בית כנסת ע""ש רפאל אדמון עזרא ספרא (ע""ר)",True
580026441,"כפר הנוער בן שמן (ע""ר)",True
516179322,"נאדי רויאל אלקודס לכדורגל בע""מ (חל""צ)",False
580213056,"שערי ירושלים  -  זארה הדכלניה, גדרה  (ע""ר)",True
580144442,"בית-כנסת בית-אל - פרדס הגדוד (ע""ר)",True
580083046,"תנועת הנוער של האיחוד החקלאי (ע""ר)",True
580307593,"מרכז ירושלים לזכויות אדם (ע""ר)",True
580084911,"בית ספר על יסודי לבנות ""בית-חנה"", חב""ד ירושלים, על שם הרבנית חנה שניאורסון ז""ל. (ע""ר)",True
580327047,"ישועת ישראל ראשון לציון (ע""ר)",True
580013191,"קרן מועדון רוטרי רמת השרון (ע""ר)",True
580185494,"נחת - ניהול חנוכי תורני (ע""ר)",True
580071355,"בית כנסת ע""ש מ""ג הקדושים  (ע""ר)",True
580069870,"מוסדות ר' דוד ומשה זיע""א ירושלים (ע""ר)",True
580286987,"ועד העדה הגרוזינית ירושלים - חברה קדישא  (ע""ר)",True
580225548,"מרכז חינוכי נפש - ירושלים (ע""ר)",True
580265270,"בינה לשבים יבנה (ע""ר)",True
580243517,"בית אוהבי תורה (ע""ר)",True
580026003,"בית חנוך עורים לבני ישראל ירושלים  (ע""ר)",True
580164218,"""ללמוד וללמד"" מפעלי תורה חינוך וחסד (ע""ר)",True
580082402,"ארגון מנהלי רכש ולוגיסטיקה בישראל (ע""ר)",True
580122604,"נר הצפון (ע""ר)",True
580260669,"מאור הדרום (ע""ר)",True
580226371,"ג'ייקוב ספרא פילנטרופיק פאונדיישן (ע""ר)",True
580097921,"מדרשת - שומרון - מדרשה ליהדות ולימודי ארץ-ישראל (ע""ר)",True
580248482,"באר לחי רועי (ע""ר)",True
580017002,"העמותה לחינוך משלים - קהילה חברה ונוער מחוז דרום (ע""ר)",True
580047546,"אגוד הדמקה בישראל (ע""ר)",True
580227304,"בית הכנסת שיכון קרית משה רחוב גת לעדות אשכנז (ע""ר)",False
580276053,"מנחת אליהו (ע""ר)",True
580240612,"עמותת פתיל תכלת (ע""ר)",True
580137172,"פרי חדש (ע""ר)",True
580237105,"עמותת ועד ההורים של תלמידי בית הספר הניסויי ירושלים  (ע""ר)",False
580064970,"העמותה להפעלת מערך דיור מעוני כפר כנא (ע""ר)",True
580095610,"בית כנסת אריאל - רעננה (ע""ר)",True
580382927,"מעלות דפנה - מרכז תורני (ע""ר)",False
580128262,"התאגדות לתרבות גופנית הפועל בני יהודה רמת הגולן (ע""ר)",False
580172682,"עמי-דע פעילות תורנית והסברת ערכי היהדות (ע""ר)",True
580023729,"ישיבת ""כנסת חזקיהו"" - כפר חסידים (ע""ר)",True
580209542,"בית הכנסת, שיבת ציון, כפר יונה  (ע""ר)",True
580004869,"בית כנסת ""חמדת ימים"" (ע""ר)",False
580375194,"נד""א - נכי דלית אל כרמל (ע""ר)",True
580077089,"המכון הלאומי לשיקום נוירופסיכולוגי (ע""ר)",True
580017200,"דגל ראובן פתח תקוה (ע""ר)",True
580173870,"אגודת צדקה ישוע הנצרתי של העדה היוונית קתולית - נצרת (ע""ר)",False
580087211,"עמותת מתפללי בית הכנסת בית אל, אושיות, רחובות (ע""ר)",True
580196822,"קרן עזר וחסכון לקציני ים  (ע""ר)",True
580144202,"פינת החי לצפת והגליל (ע""ר)",True
580106730,"קהילת נצח ישראל, אפרידר אשקלון (ע""ר)",True
580340123,"דעת חכמה (ע""ר)",True
580364677,"בית הכנסת אברהם אוהבי (ע""ר)",True
580382935,"בית חב""ד המרכזי ראש העין (ע""ר)",True
580193878,"העמותה לקידום שרותים חברתיים בנצרת (ע""ר)",True
580171544,"מרכז חינוכי וקהילתי לאמנויות ולמדעים ע""ש תלמה ילין (ע""ר)",True
580390144,"ראשית תבואתו (ע""ר)",True
580363935,"מוסדות תשובה לישראל (ע""ר)",True
580177459,"מוסדות מערת עדולם (ע""ר)",True
580176741,"כולל בית יוסף - בית שמש ע""ש מר""ן יוסף קארו זצוק""ל (ע""ר)",False
580014611,"אגודת בית הכנסת הגדול ברמת יצחק רמת גן (ע""ר)",True
580037455,"ע.ז.ר.ה - אגוד דוברי אנגלית E.S.R.A. ENGLISH SPEAKING RESIDENTS ASSOCIATION (ע""ר)",True
580106581,"בינת ישראל (ע""ר)",True
580285211,"העמותה  לניהול ולטיפוח אזור התעשיה עטרות (ע""ר)",True
580351039,אור לתקוה - שילוב עולים בקהילה הישראלית עמותה רשומה,True
580280386,"ישיבת בני צבי בית-אל (ע""ר)",True
580042273,"מרכז התורה (ע""ר)",True
580260503,"בית כנסת ""אם כל חיל"" ברמת פולג (ע""ר)",True
580149268,"מרכז רוחני זכרון יוסף בעירנו אשדוד (ע""ר)",True
580387538,"בדרכי רבותינו (ע""ר)",True
580275733,"גנות הדסה (ע""ר)",True
580244853,"איגוד הבדמינטון בישראל (ע""ר)",True
515967065,"עור""ק - עורף קבוצתי וקהילתי בע""מ (חל""צ)",True
580184323,"אגודת עושה פרי בני-ברק (ע""ר)",False
580022937,"תנועת נשים דמוקרטיות בישראל  (ע""ר)",True
580217164,"משכן חיים (ע""ר)",True
580082659,"העמותה לקידום החינוך לאומנויות בירושלים (ע""ר)",True
580382745,"בית מדרש ""אור ושם"" מרכז קהילתי רוחני אבן גבירול רחובות ע""ש מו""ר הרב אור שרגא יזדי זיע""א (ע""ר)",True
580083103,"יד לוי אשכול  (ע""ר)",True
580112316,"ישיבת מאור ישראל ע""ש רבי ישראל אבוחצירא זיע""א - קרית נורדאו נתניה (ע""ר)",True
580238376,"עמותת שערי בינה - סמינר לבנות צפת (ע""ר)",True
580244283,"איגוד הכדורעף בישראל (ע""ר)",True
580171700,"מכללת אשדוד (ע""ר)",False
580329100,"עליה בצוותא (ע""ר)",False
580017416,"אהלי תורה- אהלי מנחם כפר חב""ד (ע""ר)",True
580030310,"אגודת ידידי אוניברסיטת חיפה בישראל (ע""ר)",False
580003804,"העדה היהודית הספרדית בחיפה (ע""ר)",True
580380087,"בנה ציון (ע""ר)",True
580353928,"שערי תפילה נתניה (ע""ר)",True
580015808,"ארגון מנהלי תחבורה (א.מ.ת) בישראל (ע""ר)",True
580003796,"לשכת המסחר ירושלים (ע""ר)",False
580356582,"ביתנו עולמי (ע""ר)",True
580328565,"רשף - עמותת גימלאי כבאות והצלה בישראל (ע""ר)",True
580355568,"בית הכנסת ""אשמורת אברהם"" (ע""ר)",True
580054088,"ברית חיילי הארגון הצבאי הלאומי בארץ ישראל (ע""ר)",True
580347979,"חוג ידידי התורה (ע""ר)",True
580046431,"מכון להשתלמות ברפואת שיניים רמת גן גוש דן (ע""ר)",False
580054617,"""בן איש חי"" כרמיאל  (ע""ר)",True
513233585,"ביהמד דאראג  בע""מ (חל""צ)",True
580027654,"קרן יהל - ע""ש יהודה ליאון רקנאטי YAHEL FOUNDATION IN MEMORY OF Y.L. RECANATI (ע""ר)",True
580290450,"אורות חיים ומשה (ע""ר)",True
580067502,"""מבשר שלום""  (ע""ר)",True
580074599,"העמותה לצדקה מוסלמית למסגד טמרה הישן (ע""ר)",True
580342277,"""הליכות שלמה"" - מוסדות חינוך ורווחה, תל אביב (ע""ר)",True
580242949,"גאון דוד בית שמש (ע""ר)",True
580193548,"מט""י מרכז טיפוח יזמות המרכז לפיתוח עסקים בירושלים (ע""ר)",True
580074052,"מרכז תורני עץ חיים - היכל אליהו (ע""ר)",True
580169571,"תלמוד תורה ומפעלי חסד תפארת רפאל  (ע""ר)",True
580116168,"בית הכנסת ומרכז קהילתי כפר אדומים (ע""ר)",True
580014801,"קרן עזרה לבני תורה ע""ש ר יוסף קסלר ז""ל (ע""ר)",True
580309565,"העמותה למען חינוך, ספורט וערכים פ""ת (ע""ר)",True
580184646,"ראשית ירושלים (ע""ר)",True
580173433,"ואני תפילתי - קרית צאנז (ע""ר)",True
580019289,"קרן עירא לקידום עסקים, טכנולוגיה וחברה ע""ש המהנדס והטייס סרן עירא גרצברג-להט ז""ל (ע""ר)",True
580223196,"מינהל קהילתי בית צפאפא- שרפאת (ע""ר)",True
580352482,"ביה""ס לתיאטרון חזותי ירושלים (ע""ר)",True
580013902,"קרן גימל ע""ש גדליה (ע""ר)",True
580226348,"עמותת קהילת  מטה - לוי (ע""ר)",True
580489540,"שקוף - למען שמירת הדמוקרטיה (ע""ר)",True
580280444,"חיי מרדכי ונחלתו  (ע""ר)",True
580080109,"ישיבת חסידי ברסלב - אור צדיקים של נחל נבע מקור חכמה, צפת (ע""ר)",True
580256865,"מוסדות קרלין סטולין בקרית ספר בנשיאות כ""ק מרן אדמו""ר שליט""א (ע""ר)",True
580375020,"משכן שלום ורינה (ע""ר)",True
580344414,"פרח - רשת לחינוך ושיקום בישראל  (ע""ר)",True
580297224,"אור אבנר (ע""ר)",True
580353829,"אגודת הסטודנטים והסטודנטיות שערי מדע ומשפט (ע""ר)",True
580017754,"מייסדי וידידי ישיבת בני עקיבא ""יד אברהם"" נתניה (ע""ר)",True
580040145,"בית כנסת ""אור התורה"" נוסח ספרד מעלה האדומים (ע""ר)",True
580199289,"מרכז מריאן לגיל הרך והמשפחה (ע""ר)",True
580255909,"יד ל.א. מאיר, מוזיאון לאמנות האסלאם (1994) (1994(  (ע""ר)  L.A. MAYER MUSEUM FOR ISLAMIC ART. (R.A.)",True
580382943,"בית חב""ד פרדסיה שע""י צעירי אגודת חב""ד (ע""ר)",True
580124683,"איגוד הטריאתלון הישראלי (ע""ר)",True
580107464,"מכון ""ניר דוד"" (ע""ר)",True
580297984,"מיטב קידום תרבות הספורט צהלה - תל אביב (ע""ר)",True
580002244,"מרכז השלטון המקומי בישראל (ע""ר)",True
580300424,"מנין צעירים רעננה (ע""ר)",False
580088821,"בית אורי (ע""ר)",True
580117869,"קהילת בני תורה - הר-נוף ירושלים (ע""ר)",True
580095214,"בית הכנסת המרכזי ליוצאי תימן ""משכן ישראל"" בכפר-סבא  (ע""ר)",True
580385722,"אדן - אוהלי יעקב (ע""ר)",True
580036788,"בריכת הנשיאים (ע""ר)",False
580106920,"התאחדות המלאכה והתעשיה מחוז תל-אביב והמרכז (ע""ר)",True
580019917,"הורה ירושלים, עמותה עירונית למחול ולזמר (ע""ר)                     HORA (JERUSALEM, MUNICIPAL ASSOCIATION FOR DANCE AND SONG (REGISTERED AMUTA",True
580363091,"אביבים, המכון למוסיקה יהודית (ע""ר)",True
580281590,"מאיר עיני ישראל (ע""ר)",True
580240620,"שירה חדשה (ע""ר)",False
580056240,"ישיבת המקובלים ק""ק חסידים בית-אל העיר העתיקה ירושלים תובב""א (ע""ר)",True
580180131,"בנין ירושלים (ע""ר)",True
580042943,"ישיבת מאור התורה ירושלים ע""ש הרה""ג חכם נתן סאלם זצ""ל. (ע""ר)",True
580008175,"ארגון נכי תאונות עבודה ואלמנות נפגעי עבודה בישראל (ע""ר)",True
580110054,"ישיבת ""תפארת משה"" בני ברק (ע""ר)",True
580076511,"ישיבת אור דוד  ירושלים (ע""ר)",True
580142156,"עושה שלום לחיזוק ערכי המשפחה והשילוב בקהילה (ע""ר)",True
580200830,מרכז התנועה שדרות אדמה (ע''ר),True
580005288,"מוסדות ""שערי ציון"" בני ברק (ע""ר)",True
580283893,"תכלית האדם (ע""ר)",True
580076073,"חברה קדישא - ""שומרי הדת"" (ע""ר)",True
580324309,"י.ש.י. ע""ש רבי שמעון בר יוחאי זיע""א (ע""ר)",True
580141778,"ישיבת משך חכמה - בני ברק  (ע""ר)",True
580001246,"מלב""ב, מרכז לטיפול בקשיש בקהילה (ע""ר)",True
580343655,מוסדות ''צמח צדיק'' ויז'ניץ אלעד (ע''ר),True
580194561,"מואססת אלענאיה אלאהליה (ע""ר)",True
580069128,"מרכז קהילתי כפר-תבור  (ע""ר)",True
580163491,"אגודת מכבי רמת - חן - השקמה (ע""ר)",True
580012094,"אור חדש מרכז חינוכי בגליל (ע""ר)",True
580321925,"הניצנים המרונים - חיפה (ע""ר)",True
580028769,"בית מנוחה לזקנים בני ברק (ע""ר)",True
580296416,"מוסדות רודניק-צאנז (ע""ר)",True
580064368,"חוג חתם סופר - פתח תקוה ניו יורק (ע""ר)",True
580036002,"מועדון כפרי עומר  (ע""ר)",True
580181873,"קופת גמ""ח תקוע (ע""ר)",True
580385607,"עמותה לפיקוח ולניהול מרכז סיעודי נווה שלווה (ע""ר)",True
580046449,"בית הכנסת  אוהל חנה  זכרון יעקב (ע""ר)",True
580330660,"המכון הדמוקרטי - חברה וחינוך (ע""ר)",True
580075166,"אגודת אלמקאסד האיסלאמית לצדקה בירושלים  (ע""ר)",True
580329860,"בית הכנסת האשכנזי קיפודן - מודיעין (ע""ר)",True
580338655,"אדיוקיישן פור לייף (ע""ר)",True
580075612,"עמותת ידידי המוסדות החנוכיים בנוה שלום (ע""ר)",True
580243798,מרכז לכוח אדם בכיר לחינוך היהודי,False
580038685,"הנוער הלאומי - בית""ר (ע""ר)",True
580213635,"ארגון גאולה קרובה (ע""ר)",True
580315075,"תפארת דוד שאול (ע""ר)",True
580389526,"זוכרות (ע""ר)",True
580067593,"קרנות למילגות של רשת ""עמל"" (ע""ר)",True
580363661,"חסדי יצחק ושמחה (ע""ר)",True
580209773,"אשל מרים (ע""ר)",True
580113082,"שפתי ישועות יעקב ירושלים (ע""ר)",True
580082295,"האגודה האורטודוקסית לצדקה ביפו (ע""ר)",True
580026839,"איגוד ישראלי לבקרה אוטומטית - איב""א ISRAEL ASSOCIATION FOR AUTOMATIC CONTROL (ע""ר)",True
580195824,"אגודת בית הכנסת רמת חן (ע""ר)",True
580313534,"תשב""ר חזון איש בבית החזו""א בני ברק (ע""ר)",False
580192938,"עמותת בית המדרש חסד לאברהם בית - שאן (ע""ר)",True
580053957,"קהילת תורת חיים - הקהילה המסורתית (קונסרבטיבית) הרצליה (ע""ר)",True
580211811,"שם משמעון  ע""ש הרב שמעון דריהם זצ""ל (ע""ר)",False
580034254,אגודת נאמני מועדון רוטרי חיפה,True
580026359,"אגודת ישיבת מדרש פורת-יוסף ירושלים (ע""ר)",True
580289957,"העמותה לניהול פרויקטים בישראל (ע""ר) (.PROJECT MANAGEMENT INSTITUTE P.M.I. ISRAEL (R.A",False
580377919,"תהילת נאוה שלח לחמך (ע""ר)",True
580220291,"בית הכנסת ובית מדרש להוראה היכלי שם ת""ו (ע""ר)",True
580049138,"נתיבות שלום (ע""ר)",False
580185924,"ישיבת חכמת התורה ותפארתה (ע""ר)",True
580002160,"איגוד הכדורסל הישראלי  (ע""ר)",True
580268894,"בית הכנסת חניכי הישיבות ""היכל משה"" (ע""ר)",False
580370773,"תיאטרון ניקו ניתאי (ע""ר)",True
580291565,"חן ההוראה (ע""ר)",True
580324994,"מכללת אוהלו בקצרין (ע""ר)",False
580159259,"וקמת ועלית (ע""ר)",True
580302297,"מכון לחקר כתבי רבינו יעקב אביחצירא זיע""א והוצאת ספרים (ע""ר)",True
580029767,"חינוך ותרבות, נווה צאלים - התנועה הקיבוצית  (ע""ר)",True
580100121,"ל.כ.ן. לקדום כדורסל נשים (ע""ר)",True
580002194,"יד אליעזר לי יפה  (ע""ר)",True
580157907,"בית מדרש משכן דוד - ע""ש הרב הנזיר רבי דוד כהן זצ""ל (ע""ר)",True
580283729,"עזריאלי - מכללה אקדמית להנדסה ירושלים (ע""ר)",True
580154672,"תשב""ר לחינוך ילדי ישראל אשדוד  (ע""ר)",True
580086726,"ועדה להקמת מעונות יום ובית כנסת ברחוב החרצית - אשדוד (ע""ר)",True
580275691,"מכון אבשלום לידיעת הארץ - ע""ש חיים אבשלום, מיסודה של הסתדרות העובדים הכללית החדשה - עמותה רשומה",True
580051043,"המרכז לרווחה וחינוך מייסודו של א.ל. בלושטיין ז""ל (ע""ר)",True
580227205,"בני אברהם פיטסבורג (ע""ר)",True
580075042,"ההתאחדות הישראלית לספורט פראלימפי  (ע""ר)",True
580367225,"שירה חדשה - גבעת שמואל (ע""ר)",True
580267300,"שערי מרפא ע""ש הרב יצחק אייזיק ניסנבאום זצ""ל (ע""ר)",True
580318137,"סמינר להכשרת עובדי הוראה, חינוך, תרבות ודעת בית יעקב ויז'ניץ בני ברק (ע""ר)",True
580360428,"חיים לילד (ע""ר)",True
580386456,"מכבי - מועדון ספורט יהודה רחובות (ע""ר)",True
580055036,"בית כנסת עמק רפאים (ע""ר)",True
580266229,"יוסף השם עליכם (ע""ר)",True
580132843,"אמת לדוד (ע""ר)",True
580188464,"ישיבת חיי שרה מינה (ע""ר)",True
580018547,"מרכז תורני לנגב אהל שם (ע""ר)",True
580079325,"בית הכנסת האשכנזי ""שערי תבונה""  (ע""ר)",True
580070217,"בית כנסת מגן חסידים באשדוד  (ע""ר)",True
580358190,"קרן גשר לקולנוע רב תרבותי (ע""ר)",True
580155034,"האיגוד היהודי הבינלאומי לצמחונות  (ע""ר)  THE INTERNATIONAL JEWISH VEGETARIAN SOCIETY (R.A.)",True
580369858,"מעון התלמוד - בית יחזקאל (ע""ר)",False
580253714,"מועדון ספורט וחינוך הוד השרון (ע""ר)",True
580214575,"בית שר שלום (ע""ר)",True
580021897,"הקונסבטוריון הישראלי למוסיקה ת""א (ע""ר)",True
516059904,"התיכון שליד האקדמיה למוסיקה ולמחול בירושלים   בע""מ (חל""צ)",False
